fipscode,locationname,stateabbr,ACCESS2,CASTHMA,COGNITION,COPD,CSMOKING,DIABETES,EMOTIONSPT,FOODINSECU,FOODSTAMP,GHLTH,HOUSINSECU,LONELINESS,LPA,MOBILITY,OBESITY,SELFCARE,SLEEP,TEETHLOST,VISION,Pop2010,OHU2010,NUMGQTRS,Urban,GroupQuartersFlag,LILATracts_1And10,LILATracts_halfAnd10,LILATracts_1And20,LILATracts_Vehicle,HUNVFlag,LowIncomeTracts,PovertyRate,MedianFamilyIncome,PCTGQTRS,State,County,poverty_count,median_income,consensus_income,PCA_Component_1,PCA_Component_2
38001,Adams,ND,8.7,10.4,14.6,6.6,16.7,9.8,22.9,13.9,9.3,18.3,11.1,30.5,25.6,11.9,35.7,3.6,34.5,12.8,4.7,2343.0,1098.0,52.0,0.0,0.0,0.0,0.0,0.0,0.0,0.0,0.0,8.33697075512876,72614.0,2.219376867264191,North Dakota,Adams County,307.0,55417.0,64015.5,-78452.490272883,24122.39599845277
24035,Queen Anne's,MD,7.3,10.0,12.6,5.3,11.9,8.8,22.4,10.9,8.3,14.7,10.2,33.7,19.3,9.6,29.2,2.7,34.6,9.1,3.4,47798.0,18016.0,426.0,0.2658688648060588,0.0,0.0,0.0,0.0,0.0951085819490355,0.3435917820829323,0.2148834679275283,5.552514074647384,107130.80459433448,0.8912506799447676,Maryland,Queen Anne's County,3518.0,113347.0,110238.90229716724,-43138.96446545173,1953.7424588365539
48119,Delta,TX,14.0,10.7,17.0,7.0,16.2,10.9,23.8,15.7,12.8,21.1,12.8,34.0,26.7,13.9,37.0,3.9,37.7,11.9,5.2,5231.0,2088.0,69.0,0.0,0.0,0.0,0.0,0.0,0.0,0.0,0.4316574268782259,22.882090928334875,54956.812272987954,1.319059453259415,Texas,Delta County,740.0,62855.0,58905.90613649398,-75863.47124351763,23155.15715760491
56015,Goshen,WY,12.7,10.1,15.3,6.4,14.8,9.7,23.8,15.7,12.8,18.1,12.8,34.0,25.2,11.7,37.5,3.4,32.4,12.4,4.5,13249.0,5311.0,1070.0,0.0,0.0,0.0,0.0,0.0,0.0,0.0,0.3668956147633783,11.617921014534597,67887.72979092762,8.076081213676504,Wyoming,Goshen County,1439.0,64882.0,66384.8648954638,-68589.39003992874,19419.213988888616
31057,Dundy,NE,9.9,9.6,13.4,6.1,15.2,9.9,20.7,13.6,10.0,16.5,10.7,30.7,26.6,11.7,37.4,3.3,34.1,12.7,4.5,2008.0,897.0,41.0,0.0,0.0,1.0,1.0,0.0,0.0,0.0,1.0,10.2577059120768,59271.0,2.041832669322709,Nebraska,Dundy County,214.0,56563.0,57917.0,-78517.60744666564,24450.45753032105
20085,Jackson,KS,9.3,10.4,15.8,6.4,16.3,9.7,21.8,12.9,7.4,17.2,11.6,31.5,25.5,12.2,37.7,3.2,37.3,11.2,4.2,13462.0,5228.0,133.0,0.2975040855742089,0.0,0.2975040855742089,0.2975040855742089,0.2975040855742089,0.0,0.0,0.2975040855742089,9.89999298918812,70088.95543009954,0.98796612687565,Kansas,Jackson County,1190.0,72703.0,71395.97771504977,-69449.38420760984,19244.309355527894
55007,Bayfield,WI,7.1,11.2,13.5,5.4,14.0,9.2,19.9,11.5,12.1,16.2,10.0,31.4,24.1,11.1,38.9,3.0,33.9,10.7,3.9,15014.0,6686.0,126.0,0.0,0.0,0.0,0.0,0.0,0.0,0.0,0.1806980151858265,11.479022577170928,63986.668775809245,0.839216731051019,Wisconsin,Bayfield County,1453.0,69609.0,66797.83438790462,-68151.13018254009,18385.573592194334
12075,Levy,FL,16.7,10.5,17.8,8.3,18.3,11.9,23.8,15.7,12.8,22.6,12.8,34.0,28.0,14.6,33.8,4.4,41.5,15.7,6.3,40801.0,16404.0,635.0,0.1017867209137031,0.0,0.1823974902575917,0.1823974902575917,0.1017867209137031,0.2003872454106517,0.2003872454106517,0.8062792578613269,20.725199903629807,49421.03311193353,1.55633440356854,Florida,Levy County,7539.0,53805.0,51613.016555966766,-42943.882382484284,8422.945737618415
17161,Rock Island,IL,10.4,10.6,14.6,6.7,15.1,10.8,25.7,17.6,16.8,19.7,14.6,34.6,23.8,12.7,40.1,3.7,36.8,15.7,5.1,147546.0,61303.0,4313.0,0.8217640600219592,0.0,0.1896764398899326,0.4717782928713757,0.1896764398899326,0.1808859609884375,0.2828609382836539,0.4834424518455261,14.889055765900268,66440.88275520854,2.923156168245835,Illinois,Rock Island County,21244.0,66768.0,66604.44137760426,45238.24065760133,-28414.2896638419
36013,Chautauqua,NY,7.8,11.3,14.9,7.1,15.5,10.0,24.0,17.3,16.5,18.9,15.0,32.5,26.3,12.8,36.7,3.9,41.6,13.7,5.1,134905.0,54244.0,6514.0,0.499581186761054,0.0205329676438975,0.2088506726956006,0.4165153255994959,0.1772951336125421,0.3639005225899707,0.4001927282161521,0.6421852414662169,19.17592396653803,60330.90102664838,4.828583076980097,New York,Chautauqua County,20703.0,56507.0,58418.95051332419,41666.823640354196,-36877.21064251133
8027,Custer,CO,8.8,11.5,15.0,5.7,12.7,7.8,23.8,15.7,12.8,15.2,12.8,34.0,17.0,10.2,26.3,3.0,31.0,8.0,4.0,4255.0,1925.0,150.0,0.0,0.0,1.0,1.0,0.0,0.0,0.0,1.0,15.3125680679591,61446.0,3.525264394829612,Colorado,Custer County,490.0,72700.0,67073.0,-76516.2698724581,23334.844617027913
48211,Hemphill,TX,17.3,9.5,14.5,5.1,12.1,9.7,23.8,15.7,12.8,18.3,12.8,34.0,24.3,11.4,33.2,3.0,37.7,12.1,4.4,3807.0,1382.0,40.0,0.0,0.0,0.0,0.0,0.0,0.0,0.0,0.0,14.0193885160328,67257.0,1.050696086157079,Texas,Hemphill County,113.0,72052.0,69654.5,-76666.88062753141,24484.98166402559
48035,Bosque,TX,16.0,10.2,16.2,6.5,14.7,10.5,23.8,15.7,12.8,20.4,12.8,34.0,26.0,13.2,36.1,3.6,38.4,17.8,5.1,18212.0,7254.0,329.0,0.1642872831100373,0.0,0.2397320448056226,0.2397320448056226,0.0,0.0,0.0,0.4981880079068745,14.47615011755048,59119.00142763014,1.806501207994729,Texas,Bosque County,1657.0,69339.0,64229.00071381507,-63315.78930454451,18744.766675118957
19007,Appanoose,IA,8.8,10.9,17.3,8.3,20.4,11.5,24.3,17.2,16.7,21.5,12.3,33.6,29.0,14.1,43.5,4.2,33.5,15.0,5.4,12887.0,5627.0,126.0,0.4717932800496625,0.0,0.2007449367579731,0.4378055404671374,0.0,0.0,0.0,0.7652673236595018,16.146029600636812,54685.423217195625,0.9777294948397612,Iowa,Appanoose County,2468.0,51146.0,52915.71160859781,-68659.2717085342,18541.04234116178
46039,Deuel,SD,8.8,10.0,14.0,5.7,15.4,9.1,23.8,15.7,12.8,15.3,12.8,34.0,22.1,10.4,33.4,3.0,30.6,13.6,3.9,4364.0,1819.0,50.0,0.0,0.0,0.0,0.0,0.0,0.0,0.0,0.0,9.75843009251145,70405.34738771769,1.1457378551787352,South Dakota,Deuel County,288.0,79556.0,74980.67369385884,-76626.6187046087,23079.065874708624
48065,Carson,TX,12.0,10.0,14.5,5.6,13.2,9.3,23.8,15.7,12.8,17.1,12.8,34.0,22.6,11.3,33.8,3.0,37.5,9.4,4.0,6182.0,2452.0,71.0,0.0,0.0,0.0,0.0,0.0,0.0,0.0,0.0,6.368878196105319,86438.21352313168,1.1484956324813975,Texas,Carson County,415.0,84583.0,85510.60676156584,-75159.56642228761,22526.15445487302
39041,Delaware,OH,5.3,9.5,9.9,4.4,9.9,8.7,18.1,7.8,5.3,11.4,7.2,31.9,17.1,7.6,30.9,2.1,32.6,8.9,2.7,174214.0,62760.0,2368.0,0.7440906012145981,0.0,0.0184657949418531,0.0184657949418531,0.0184657949418531,0.0184657949418531,0.0800911522610123,0.0350947685031053,4.685644774579832,124071.96568588058,1.3592478216446442,Ohio,Delaware County,11029.0,130088.0,127079.98284294028,55405.676973355934,-60398.42694023681
29123,Madison,MO,10.1,10.7,19.8,8.1,19.6,10.6,20.7,15.0,11.9,21.5,13.0,32.6,30.4,15.0,37.5,3.8,38.8,20.0,5.1,12226.0,4898.0,168.0,0.4288401766726648,0.0,0.7189595943072141,0.7189595943072141,0.4288401766726648,0.4288401766726648,0.4288401766726648,0.7189595943072141,15.60199957424614,52622.68943235727,1.3741207263209554,Missouri,Madison County,1736.0,58435.0,55528.84471617863,-68894.24116109146,19119.06628649419
36073,Orleans,NY,7.7,11.5,15.0,7.0,15.9,9.3,25.8,16.9,15.4,18.6,14.5,34.5,26.8,12.5,32.8,3.7,38.0,14.1,4.8,42883.0,16119.0,2586.0,0.287503206398806,0.0,0.2257771144742671,0.287503206398806,0.2257771144742671,0.5907702352913742,0.5907702352913742,0.8581955553482732,14.223292934422489,59354.10174194902,6.0303616817853225,New York,Orleans County,4948.0,63838.0,61596.05087097451,-43484.22714580651,5193.971355036367
51083,Halifax,VA,11.9,12.0,19.5,8.5,19.5,14.3,25.0,23.3,23.0,24.9,18.1,37.5,30.9,17.4,40.6,5.3,39.6,19.3,7.0,36241.0,15085.0,738.0,0.28928561573908,0.0,0.7684942468474931,0.8868960569520709,0.1708838056345023,0.5232471510168042,0.6363510940647333,0.8868960569520709,15.415103297053449,55768.50213846196,2.0363676498992853,Virginia,Halifax County,5901.0,49244.0,52506.25106923098,-54802.98116111198,11278.068278028773
47089,Jefferson,TN,11.9,11.0,18.5,7.9,18.5,10.8,23.8,15.7,12.8,21.3,12.8,34.0,25.4,14.0,37.2,3.5,37.0,14.0,4.8,51407.0,19864.0,1594.0,0.2807983348571206,0.0,0.140817398408777,0.140817398408777,0.140817398408777,0.140817398408777,0.2321668255295971,0.2453362382554905,14.317347419639733,55796.44188534635,3.1007450347228978,Tennessee,Jefferson County,6229.0,63084.0,59440.22094267317,-33820.289247714776,-11.142258234242036
13137,Habersham,GA,15.8,10.0,16.3,6.9,15.6,11.1,23.6,16.9,12.8,20.5,14.0,37.9,27.0,13.1,32.7,3.8,36.5,14.4,5.3,43041.0,15472.0,2384.0,0.2268302316395994,0.0,0.092284101205827,0.092284101205827,0.092284101205827,0.1860783903719709,0.4787992844032434,0.2783624915777979,14.54065808736855,59332.825677842055,5.538904765223856,Georgia,Habersham County,6064.0,65622.0,62477.412838921024,-41610.80811748131,9805.416977817775
13149,Heard,GA,14.1,10.6,17.8,7.8,18.5,11.9,24.5,18.2,15.2,22.1,14.7,38.2,29.3,14.4,35.3,4.3,37.7,20.0,5.7,11834.0,4400.0,132.0,0.0,0.0,0.0,0.0,0.0,0.3954706777082981,0.3954706777082981,0.757224945073517,16.118998711806892,58044.81629203988,1.1154301166131486,Georgia,Heard County,2136.0,62907.0,60475.90814601994,-70310.37258811119,19734.470015745814
46021,Campbell,SD,9.4,9.9,13.6,5.5,14.7,9.1,23.8,15.7,12.8,15.5,12.8,34.0,22.6,10.3,33.7,2.9,30.9,12.9,3.9,1466.0,694.0,0.0,0.0,0.0,0.0,0.0,0.0,0.0,0.0,0.0,3.99439383321654,69211.0,0.0,South Dakota,Campbell County,125.0,65000.0,67105.5,-79202.24340849489,24591.018216104934
48087,Collingsworth,TX,21.2,10.5,18.2,7.6,16.5,12.7,23.8,15.7,12.8,25.6,12.8,34.0,30.8,16.1,39.1,4.8,39.7,22.1,6.9,3057.0,1179.0,52.0,0.0,0.0,0.0,0.0,0.0,0.0,0.0,1.0,15.944008193922802,50761.0,1.701014066077854,Texas,Collingsworth County,698.0,60165.0,55463.0,-77434.36690107372,24919.560623693123
12119,Sumter,FL,12.5,9.3,13.1,5.5,11.9,9.1,23.8,15.7,12.8,15.9,12.8,34.0,20.4,10.5,32.0,2.9,35.6,13.2,4.2,93420.0,41361.0,8952.0,0.5627060586598159,0.0906336972810961,0.0336437593663027,0.0459323485335046,0.0336437593663027,0.0,0.470595161635624,0.1886212802397773,8.775731705555934,62743.50830657247,9.582530507385998,Florida,Sumter County,11723.0,73297.0,68020.25415328624,-2620.720745996572,-18408.011339131855
51079,Greene,VA,9.5,10.8,16.0,6.3,14.3,10.4,21.5,13.3,10.9,18.2,11.3,34.3,24.5,12.6,37.5,3.3,35.8,9.2,4.4,18403.0,6780.0,137.0,0.4969298483942835,0.0,0.0,0.0,0.0,0.0,0.0,0.2100201054175949,6.126996428063512,74118.13655382274,0.7444438406781503,Virginia,Greene County,2424.0,85268.0,79693.06827691136,-64867.02341850009,17058.99486739894
32033,White Pine,NV,13.8,10.8,18.0,7.4,17.8,10.2,26.8,18.0,15.7,22.6,15.0,36.2,25.3,14.0,34.4,4.0,38.3,17.5,5.6,10030.0,3707.0,1229.0,0.5901296111665005,0.0,0.0,0.0,0.0,0.0,0.0,0.0,11.141004139591455,77818.10857427717,12.253240279162512,Nevada,White Pine County,617.0,72294.0,75056.05428713858,-72082.10187025288,21606.329634601658
48227,Howard,TX,23.9,9.5,17.2,6.3,14.9,13.1,23.8,15.7,12.8,25.0,12.8,34.0,31.9,15.3,38.2,4.5,39.1,18.2,6.8,35012.0,11333.0,6080.0,0.656432080429567,0.1914486461784531,0.1595167371187021,0.3467096995315891,0.1595167371187021,0.0640351879355649,0.1835085113675311,0.3467096995315891,17.23210541625232,63183.78895807152,17.365474694390496,Texas,Howard County,4445.0,71457.0,67320.39447903576,-47749.03209386462,22126.370485462885
36121,Wyoming,NY,7.4,11.0,14.2,6.6,15.2,9.0,25.6,15.1,13.6,17.4,13.4,34.2,24.6,11.8,35.4,3.5,39.9,11.2,4.4,42155.0,15501.0,3961.0,0.3028347764203534,0.0,0.0,0.0,0.0,0.0997509192266635,0.402087534100344,0.2337800972601114,10.65303345857578,70773.47531728147,9.39627564938916,New York,Wyoming County,3968.0,68913.0,69843.23765864073,-45491.43931825578,4433.374598616618
28103,Noxubee,MS,15.7,11.2,21.7,9.4,21.9,18.0,35.4,37.3,26.7,31.5,28.2,40.9,40.6,22.5,46.5,7.5,43.4,25.3,10.1,11545.0,4305.0,173.0,0.2176699870073624,0.0,0.7823300129926375,1.0,0.0,0.7823300129926375,0.7823300129926375,1.0,28.86878761344576,45810.19107838891,1.498484192291035,Mississippi,Noxubee County,2543.0,38814.0,42312.09553919446,-73460.3209912372,22406.390881768893
55045,Green,WI,7.7,10.7,13.4,5.4,13.8,8.7,19.7,10.7,11.1,15.7,9.3,30.2,24.7,10.6,39.9,2.9,33.3,12.0,3.7,36842.0,14866.0,405.0,0.4330383801096574,0.0,0.3439552684436241,0.3439552684436241,0.3439552684436241,0.0,0.0,0.3439552684436241,7.674668594123928,77835.77395363987,1.0992888551110147,Wisconsin,Green County,2548.0,80248.0,79041.88697681994,-48604.23311931179,6284.163670906852
45033,Dillon,SC,17.2,11.5,20.6,10.2,21.5,17.3,30.3,35.0,27.1,30.2,25.2,38.0,34.6,20.6,45.3,7.0,41.0,31.4,9.4,32062.0,11923.0,451.0,0.1636516748799201,0.0,0.1636516748799201,0.1636516748799201,0.1636516748799201,0.8637015781922525,0.8637015781922525,1.0,33.912433861497526,41001.8948911484,1.4066496163682864,South Carolina,Dillon County,8057.0,44038.0,42519.9474455742,-56522.10836098015,15732.087110433617
47145,Roane,TN,11.7,11.0,19.0,8.2,19.4,11.1,23.8,15.7,12.8,22.1,12.8,34.0,27.3,14.9,36.8,3.8,39.7,11.9,5.1,54181.0,22376.0,646.0,0.2804673224931249,0.0,0.0783669552056994,0.0783669552056994,0.0783669552056994,0.1805429947767667,0.3156272494047729,0.1805429947767667,15.07187918168271,65789.1045200347,1.1922998837230765,Tennessee,Roane County,6854.0,66218.0,66003.55226001734,-32592.67604258025,-2494.823676483702
41015,Curry,OR,9.1,12.5,16.8,6.9,14.4,9.9,23.8,15.7,12.8,19.8,12.8,34.0,20.4,12.7,38.6,3.6,32.6,11.2,4.8,22364.0,10417.0,318.0,0.2146753711321767,0.0,0.3535592917188338,0.3535592917188338,0.2146753711321767,0.1388839205866571,0.3692988731890538,0.568413521731354,14.728055121227571,60495.33862457521,1.421928098730102,Oregon,Curry County,3094.0,64769.0,62632.1693122876,-60419.71466646445,15068.4442530311
47159,Smith,TN,12.2,11.1,19.4,8.3,19.6,11.2,23.8,15.7,12.8,21.9,12.8,34.0,26.5,14.6,38.5,3.7,38.4,13.1,5.0,19166.0,7410.0,159.0,0.1534488156109777,0.0,0.1534488156109777,0.1534488156109777,0.1534488156109777,0.0,0.0,0.6559010748199937,14.843972631092464,56059.62595220703,0.8295940728373161,Tennessee,Smith County,2656.0,62799.0,59429.31297610352,-62816.600167447454,15807.09599019862
47013,Campbell,TN,13.8,11.5,22.0,10.3,23.2,12.6,23.8,15.7,12.8,25.8,12.8,34.0,30.4,17.2,42.2,4.7,38.6,18.7,6.3,40716.0,16354.0,519.0,0.2430739758325965,0.0,0.1903428627566558,0.3053836329698399,0.0,0.3329158070537381,0.4609490126731506,0.5584782395127222,19.91213024571563,47496.5959573632,1.2746831712348954,Tennessee,Campbell County,7447.0,50260.0,48878.2979786816,-42216.7705042173,4028.363584439754
27001,Aitkin,MN,8.5,10.6,15.6,6.1,17.7,9.7,22.5,14.2,10.8,17.5,11.1,30.7,25.0,11.5,33.4,3.4,34.3,9.3,4.4,16202.0,7299.0,274.0,0.0,0.0,0.5969633378595235,0.5969633378595235,0.0,0.201703493395877,0.201703493395877,1.0,12.864350468954504,56376.63411924454,1.6911492408344648,Minnesota,Aitkin County,1937.0,59498.0,57937.31705962227,-66073.25398004772,16843.12730926716
13311,White,GA,12.3,10.0,15.7,6.6,15.4,10.1,22.3,13.6,10.4,18.4,11.6,36.1,24.5,12.0,35.2,3.4,34.2,9.2,4.5,27144.0,10646.0,365.0,0.0,0.0,0.0,0.0,0.0,0.0,0.0,0.3150235779546124,13.737282981823094,60426.49930002947,1.3446802239905689,Georgia,White County,3261.0,69747.0,65086.74965001474,-55721.28395752395,11708.995207387137
27023,Chippewa,MN,10.4,10.2,15.4,6.0,17.0,10.1,22.8,15.5,11.5,18.5,12.2,31.4,27.0,12.3,40.8,3.6,30.6,11.7,4.7,12441.0,5241.0,237.0,0.4748814403986818,0.0,0.4748814403986818,0.4748814403986818,0.4748814403986818,0.4748814403986818,0.4748814403986818,0.4748814403986818,9.984772174798689,71375.17731693594,1.904991560163974,Minnesota,Chippewa County,1748.0,69192.0,70283.58865846797,-69468.68949261543,19442.874446507696
29093,Iron,MO,10.7,11.1,21.3,9.2,21.0,11.5,20.7,17.4,15.0,23.9,14.4,33.3,33.0,16.5,42.1,4.5,38.0,22.2,5.8,10630.0,4378.0,276.0,0.0,0.0,0.4746001881467545,0.4746001881467545,0.0,0.2539981185324553,0.2539981185324553,1.0,20.9605158175416,48312.13320790217,2.5964252116650988,Missouri,Iron County,1884.0,51161.0,49736.56660395108,-70380.06654444423,19922.62501762571
54087,Roane,WV,11.1,12.8,22.9,11.2,24.6,14.5,24.2,21.8,25.8,29.1,16.1,34.8,36.9,18.4,41.3,5.1,44.8,30.7,6.6,14926.0,6195.0,98.0,0.2578721693688865,0.0,0.8275492429317969,0.8275492429317969,0.2578721693688865,0.5568136138282193,0.5568136138282193,0.8275492429317969,20.90880468282307,45629.738509982584,0.6565724239581937,West Virginia,Roane County,2790.0,45194.0,45411.869254991296,-66244.49113631551,17494.55991959411
28107,Panola,MS,13.7,10.8,20.5,9.1,20.8,15.6,32.1,30.3,20.9,28.2,23.0,37.5,38.4,20.1,46.4,6.3,39.5,19.7,8.4,34707.0,12839.0,315.0,0.2027833001988071,0.0,0.3751404615783559,0.3751404615783559,0.0,0.3751404615783559,0.3751404615783559,0.6476215172731725,20.766293359991792,45862.47653211168,0.9075978909153772,Mississippi,Panola County,7874.0,43990.0,44926.23826605584,-55844.93451699345,13759.751220974365
48089,Colorado,TX,18.8,9.9,15.9,6.1,14.1,11.6,23.8,15.7,12.8,21.8,12.8,34.0,28.1,13.7,36.7,3.9,38.2,17.8,5.6,20874.0,8182.0,328.0,0.2284660343010443,0.0,0.4692919421289642,0.4692919421289642,0.2284660343010443,0.0,0.0,0.4692919421289642,10.870556320103235,57271.57693781738,1.5713327584554948,Texas,Colorado County,2140.0,68554.0,62912.78846890869,-61706.05470131336,20718.683777730475
18165,Vermillion,IN,8.6,11.6,17.2,8.4,19.0,11.5,23.2,15.2,9.5,21.4,11.8,34.1,26.0,13.8,40.4,3.7,38.0,18.3,4.9,16212.0,6619.0,209.0,0.3021835677276092,0.0,0.0,0.3021835677276092,0.0,0.0,0.0,0.3021835677276092,15.233873821280186,58619.905440414506,1.2891685171477918,Indiana,Vermillion County,2012.0,59363.0,58991.45272020725,-65860.31659873776,16655.79617151198
29117,Livingston,MO,9.8,11.3,20.2,8.2,19.1,10.5,20.6,15.9,13.3,21.7,13.7,33.3,30.6,15.3,39.6,3.9,38.2,15.4,5.2,15195.0,5871.0,1340.0,0.5495228693649227,0.0,0.2354063836788417,0.5495228693649227,0.2354063836788417,0.0,0.0,0.5495228693649227,16.442903956101016,59654.11102336295,8.818690358670615,Missouri,Livingston County,1596.0,60148.0,59901.05551168148,-66931.98181011433,17465.180953354647
48395,Robertson,TX,18.3,10.6,17.3,6.9,16.0,12.3,23.8,15.7,12.8,23.7,12.8,34.0,29.7,15.1,38.0,4.4,41.0,14.0,6.2,16622.0,6541.0,193.0,0.3406328961617134,0.0,0.2719287691011912,0.2719287691011912,0.0,0.3609673926122007,0.4827938876188184,0.3609673926122007,12.629421089925556,63958.22031043195,1.1611117795692456,Texas,Robertson County,2768.0,66250.0,65104.110155215974,-66681.5351892589,21105.268986857816
54089,Summers,WV,10.6,13.4,22.3,10.6,23.4,14.3,24.9,22.3,26.1,28.1,17.4,35.8,35.9,17.9,39.8,4.9,43.4,31.5,6.5,13927.0,5572.0,1329.0,0.1087815035542471,0.0,0.4067638400229769,0.4067638400229769,0.0,0.4067638400229769,0.4067638400229769,0.8912184964457529,23.88561356917686,44062.12558339915,9.54261506426366,West Virginia,Summers County,2105.0,42544.0,43303.06279169957,-68070.21835654607,18302.341929467904
26093,Livingston,MI,5.1,11.1,12.5,5.5,12.0,7.6,20.7,9.3,7.7,13.3,7.9,30.9,19.5,8.7,31.9,2.4,32.2,10.8,3.1,180967.0,67380.0,1152.0,0.5054181149049274,0.0,0.024352506258047,0.0417866240806334,0.024352506258047,0.0,0.0373382992479291,0.0521697326031817,5.641143604771523,96340.98296374475,0.6365801499720943,Michigan,Livingston County,9525.0,101315.0,98827.99148187238,69035.09321276948,-70981.57689922926
36123,Yates,NY,7.3,11.4,14.9,7.1,15.8,8.9,24.3,15.7,14.8,17.7,13.3,33.7,25.0,12.3,34.5,3.6,38.0,16.0,4.7,25348.0,9517.0,1287.0,0.0,0.0,0.0,0.0,0.0,0.2344169165220135,0.8432617958024302,0.2344169165220135,11.108238742025405,71222.3767950134,5.077323654726211,New York,Yates County,3318.0,67521.0,69371.6883975067,-57762.076019050146,11973.878984628293
31159,Seward,NE,7.9,9.2,11.9,5.2,13.6,8.3,19.9,10.0,6.9,13.7,8.3,28.4,23.2,9.7,35.6,2.6,28.8,14.0,3.5,16750.0,6266.0,1296.0,0.4408358208955223,0.0,0.0,0.0,0.0,0.0,0.0,0.0,7.374538590685675,84194.16131343284,7.737313432835821,Nebraska,Seward County,1125.0,81122.0,82658.08065671643,-66175.33079100013,16435.239605523326
29227,Worth,MO,9.9,10.8,20.3,8.7,20.4,11.2,20.6,16.2,13.9,22.5,13.5,32.2,31.9,15.6,40.7,4.1,41.2,21.3,5.4,2171.0,944.0,52.0,0.0,0.0,0.0,0.0,0.0,0.0,0.0,0.0,15.229450327786202,60707.0,2.3952095808383236,Missouri,Worth County,338.0,46167.0,53437.0,-78523.73255979562,24224.979732715783
13095,Dougherty,GA,15.9,12.0,18.5,8.1,18.5,17.1,29.7,31.9,30.9,28.6,26.1,41.5,33.4,18.8,42.7,6.7,47.4,22.8,8.7,94565.0,36508.0,4331.0,0.8208533812721408,0.0,0.5082853064030032,0.6375085919737746,0.5082853064030032,0.6475968910273356,0.6475968910273356,0.7256067255327023,30.833160188691647,45303.25331782372,4.5799185745254585,Georgia,Dougherty County,21255.0,46784.0,46043.62665891186,-23047.66099450116,1652.771800245373
18177,Wayne,IN,9.4,11.9,18.0,8.7,19.8,12.1,25.3,17.6,11.3,22.4,13.4,34.7,27.3,14.5,38.2,4.1,40.7,15.3,5.4,68917.0,27551.0,2614.0,0.6302799019109944,0.0,0.4203607237691716,0.4203607237691716,0.4203607237691716,0.2785959922805693,0.5096710535861979,0.4203607237691716,16.722950116501153,56153.984067791695,3.7929683532365024,Indiana,Wayne County,10795.0,56652.0,56402.99203389585,-19809.09100293334,-7489.338630085764
6101,Sutter,CA,12.2,10.0,17.2,6.1,14.1,11.4,29.3,21.5,19.7,24.6,17.0,38.2,26.9,14.6,29.7,4.3,36.7,16.6,6.3,94737.0,31437.0,1060.0,0.8285991745569313,0.0,0.1956891182959139,0.3758721513241922,0.179211923535683,0.1334536664661114,0.1334536664661114,0.5016413861532453,16.007401935086275,65467.04014271087,1.118887024077182,California,Sutter County,14494.0,75450.0,70458.52007135544,1404.4282357574994,21462.48296334139
20043,Doniphan,KS,8.8,10.3,15.5,6.3,16.0,9.4,21.7,12.1,7.0,17.0,11.1,31.7,25.7,11.9,38.0,3.1,36.5,13.2,4.0,7945.0,3136.0,427.0,0.0,0.0,0.0,0.0,0.0,0.0,0.0,0.0,14.391420646235275,65903.93379483953,5.3744493392070485,Kansas,Doniphan County,662.0,72833.0,69368.46689741977,-73663.94233140416,21388.35787792011
4023,Santa Cruz,AZ,26.5,9.5,17.2,5.6,12.0,13.2,28.5,27.4,19.8,26.9,21.5,30.3,30.3,15.6,34.8,5.1,36.4,20.9,9.0,47420.0,15437.0,384.0,0.6678405735976382,0.0,0.4756431885280472,0.6678405735976382,0.4756431885280472,0.0956769295655841,0.0956769295655841,0.8775622100379586,24.09398056674728,43919.99962041333,0.8097849008857022,Arizona,Santa Cruz County,9707.0,53614.0,48766.99981020666,-21666.927043243086,38320.7458904115
39121,Noble,OH,9.8,10.9,16.6,8.3,19.7,11.8,22.9,15.6,13.0,21.1,12.5,36.3,30.0,13.1,41.6,3.8,40.8,25.0,4.9,14645.0,4852.0,2672.0,0.5041993854557869,0.0,0.2766131785592352,0.2766131785592352,0.0,0.0,0.5041993854557869,0.495800614544213,15.252405549766546,57119.3915329464,18.245134858313417,Ohio,Noble County,1401.0,55360.0,56239.6957664732,-67964.82016073554,17448.97634885204
5103,Ouachita,AR,11.9,11.2,20.5,8.2,18.7,13.9,31.6,25.6,17.9,27.2,20.3,37.7,35.8,18.2,43.4,5.2,42.5,26.7,7.1,26120.0,11003.0,352.0,0.4642036753445635,0.0,0.6818912710566616,0.6818912710566616,0.4642036753445635,0.5385528330781011,0.8566615620214395,0.6818912710566616,24.42634089865844,47661.96343797856,1.3476263399693722,Arkansas,Ouachita County,3913.0,49838.0,48749.98171898928,-61343.970189885105,15885.015748811777
40007,Beaver,OK,16.1,10.6,17.5,6.9,15.8,11.3,25.2,19.3,14.5,21.4,15.4,33.1,32.4,15.2,39.0,4.0,36.5,13.3,5.9,5636.0,2192.0,43.0,0.0,0.0,0.0,0.0,0.0,0.0,0.0,0.0,12.56379588606674,61181.115862313694,0.7629524485450674,Oklahoma,Beaver County,483.0,64266.0,62723.55793115684,-75213.52944824887,23903.5672451056
8014,Broomfield,CO,7.8,10.3,11.5,3.8,8.7,6.5,23.8,15.7,12.8,11.4,12.8,34.0,13.1,7.5,22.1,2.1,30.7,6.2,2.9,55889.0,21414.0,282.0,1.0,0.0,0.0604412317271735,0.0604412317271735,0.0604412317271735,0.0,0.1057632092182719,0.0604412317271735,4.649062683948334,114451.1009322049,0.5045715614879493,Colorado,Broomfield County,3695.0,121025.0,117738.05046610246,-35074.41113570933,3906.1842954675376
38051,McIntosh,ND,9.4,10.5,15.1,6.7,17.1,9.8,22.9,14.1,9.6,19.1,11.3,31.6,25.4,12.2,36.7,3.7,34.4,18.1,4.8,2809.0,1307.0,103.0,0.0,0.0,1.0,1.0,0.0,0.0,0.0,1.0,8.10385523210071,64200.0,3.6667853328586686,North Dakota,McIntosh County,372.0,64236.0,64218.0,-78023.58872166905,23836.884195310435
53023,Garfield,WA,7.7,11.3,14.9,5.1,11.9,8.3,23.8,15.7,12.8,16.0,12.8,34.0,17.9,10.3,30.9,3.0,32.8,10.0,3.8,2266.0,989.0,36.0,0.0,0.0,0.0,0.0,0.0,0.0,0.0,1.0,11.5856428895956,63000.0,1.5887025595763458,Washington,Garfield County,247.0,62411.0,62705.5,-78473.80855618212,24299.823786828354
27087,Mahnomen,MN,12.0,12.8,20.8,8.5,25.7,14.0,27.6,28.0,22.8,27.2,20.2,36.0,33.2,17.6,44.4,5.5,35.9,23.3,8.0,5413.0,2019.0,79.0,0.0,0.0,0.455754664696102,0.455754664696102,0.0,0.0,0.0,1.0,20.87427034830428,54120.89636061334,1.459449473489747,Minnesota,Mahnomen County,1101.0,53925.0,54022.948180306674,-76810.279869777,24200.031115442413
17177,Stephenson,IL,8.8,10.9,15.0,7.0,15.8,10.4,26.0,16.5,16.2,19.2,13.8,35.9,24.6,12.7,41.0,3.6,37.5,13.9,4.7,47711.0,19845.0,835.0,0.5094422669824569,0.0,0.0,0.3052126344029678,0.0,0.13925509840498,0.2322525203831401,0.4302571733981681,14.525433681176128,61168.31661461717,1.7501205172811298,Illinois,Stephenson County,5683.0,61943.0,61555.658307308586,-39644.50153180434,3086.520750830983
18099,Marshall,IN,10.9,11.2,16.7,7.8,17.9,11.5,24.6,16.0,9.1,21.5,12.4,34.5,27.4,13.3,43.4,3.6,39.0,16.2,5.0,47051.0,17406.0,670.0,0.3670272682833521,0.0,0.0,0.1423561667127159,0.0,0.0747274234341459,0.266157998767295,0.1423561667127159,11.508869425729378,66347.3060083739,1.4239867377951585,Indiana,Marshall County,4979.0,68041.0,67194.15300418696,-37274.0564999385,4498.653824018296
17193,White,IL,9.5,11.2,17.0,8.6,18.8,11.1,25.4,18.0,18.9,21.8,14.0,34.9,26.3,14.4,39.3,4.2,37.7,18.5,5.4,14665.0,6313.0,391.0,0.3949539720422775,0.0,0.0,0.1764745993862939,0.0,0.1764745993862939,0.1764745993862939,0.5554040231844528,13.42717731889259,60749.29819297647,2.6662120695533584,Illinois,White County,2175.0,53097.0,56923.14909648824,-67271.29287766035,17459.714457362854
47105,Loudon,TN,12.6,10.5,17.6,7.2,16.7,10.8,23.8,15.7,12.8,20.7,12.8,34.0,24.6,13.2,36.6,3.4,38.4,13.1,4.7,48556.0,19826.0,480.0,0.3168094571216739,0.0,0.1566026855589422,0.1566026855589422,0.1566026855589422,0.1566026855589422,0.3350358349122662,0.1566026855589422,11.946925890490418,64271.586374495426,0.9885493038965318,Tennessee,Loudon County,7159.0,80296.0,72283.7931872477,-36308.11843928419,3164.84764033803
20035,Cowley,KS,11.2,10.3,16.2,6.8,16.4,10.9,22.5,15.4,9.1,19.7,13.3,32.6,27.4,13.5,41.5,3.6,37.7,16.9,4.8,36311.0,13940.0,2004.0,0.7643964638814684,0.0,0.2420203244195973,0.5268926771501748,0.2420203244195973,0.0715485665500812,0.0715485665500812,0.5268926771501748,15.501801192903836,58782.34121891438,5.518988736195643,Kansas,Cowley County,4455.0,58263.0,58522.670609457185,-48288.50302316532,11135.19396977172
22125,West Feliciana,LA,9.0,9.1,16.7,6.1,16.1,12.8,31.9,19.9,14.6,21.3,16.5,36.6,27.3,13.7,39.3,4.0,41.4,18.9,5.3,15625.0,3971.0,5297.0,0.0,0.0,0.0,0.0,0.0,0.0,0.0,0.0,13.658557871396608,74382.003008,33.9008,Louisiana,West Feliciana Parish,1328.0,74277.0,74329.501504,-71079.42838386752,19772.40742041873
25009,Essex,MA,6.5,11.5,14.4,5.3,11.5,8.7,23.7,14.1,14.9,16.1,12.6,32.8,23.2,10.4,30.0,3.0,36.7,15.6,4.1,743159.0,285956.0,16472.0,0.9310255275116092,0.0,0.1062141479817912,0.2322921474408572,0.1062141479817912,0.1418713895680466,0.3094532933060085,0.3570030101230019,10.56589921093576,101010.6628339292,2.2164839556541738,Massachusetts,Essex County,74235.0,99431.0,100220.8314169646,549909.5774203483,-207705.604231299
26121,Muskegon,MI,8.1,12.2,16.2,7.8,17.3,10.7,23.8,17.3,17.3,20.4,14.2,33.4,26.8,13.0,44.2,3.8,39.3,12.1,5.0,172188.0,65616.0,6345.0,0.7425139963295933,0.0266336794666295,0.3362139057309452,0.3994355007317583,0.3362139057309452,0.2430482960485051,0.2938474225846168,0.4565939554440495,17.637802430371504,58058.52386345158,3.684925778799916,Michigan,Muskegon County,21347.0,63495.0,60776.76193172579,63920.51209420353,-46865.96741816128
48085,Collin,TX,10.3,8.8,11.2,4.0,9.0,9.1,23.8,15.7,12.8,14.6,12.8,34.0,19.9,9.4,31.6,2.4,34.6,6.5,3.5,782341.0,283759.0,3914.0,0.909540724568954,0.0,0.0373341036709056,0.1040249712082071,0.0373341036709056,0.0466625167286387,0.0877123913996582,0.1061135745154606,6.742177105809115,112425.21817084878,0.5002933503421142,Texas,Collin County,69846.0,117588.0,115006.6090854244,520698.0296013302,-188792.94920784264
48049,Brown,TX,17.5,10.2,17.1,7.0,15.7,11.4,23.8,15.7,12.8,22.5,12.8,34.0,28.7,14.2,35.2,4.1,39.2,13.4,5.7,38106.0,14778.0,1668.0,0.4840182648401826,0.0,0.3882065816406865,0.4241326825171889,0.3353540124914712,0.1960058783393691,0.1960058783393691,0.4241326825171889,15.130842442994554,58076.040623523855,4.377263423082979,Texas,Brown County,5294.0,55305.0,56690.52031176192,-44835.41866260312,13202.614086059619
13147,Hart,GA,13.7,10.4,16.5,7.1,16.6,11.9,24.8,18.0,14.7,20.9,15.1,38.1,27.4,13.7,35.2,4.1,35.4,17.3,5.5,25213.0,10121.0,663.0,0.0,0.0,0.0,0.0,0.0,0.2897711498036727,0.513028992979812,0.6293975330186808,17.421211151501094,53649.50295482489,2.6295958434141116,Georgia,Hart County,2940.0,57241.0,55445.25147741244,-58976.79079116821,14747.240193427793
34037,Sussex,NJ,8.9,9.5,11.7,4.4,11.1,7.6,21.4,10.3,5.8,13.9,9.9,33.1,20.1,8.3,26.5,2.5,36.4,7.5,3.4,149265.0,54752.0,1742.0,0.5534184169095233,0.0,0.0202257729541419,0.069694838039728,0.0202257729541419,0.0266371888922386,0.0266371888922386,0.0839647606605701,5.1169787783068905,106708.16462667068,1.1670518875824876,New Jersey,Sussex County,7794.0,114316.0,110512.08231333534,41126.782924113766,-46430.60750028187
5091,Miller,AR,12.6,11.1,21.1,8.8,19.3,13.1,29.7,24.7,17.3,26.9,19.0,34.3,36.6,17.9,38.0,5.2,41.8,28.9,7.0,43462.0,17219.0,1480.0,0.5750080530118264,0.0,0.1518798030463393,0.4282821775343978,0.1518798030463393,0.2669688463485343,0.4527863420919424,0.4282821775343978,22.20346489016294,53971.37773227187,3.4052735723160463,Arkansas,Miller County,8694.0,49983.0,51977.18886613593,-45627.77414151305,7633.986401237693
47151,Scott,TN,15.5,11.9,24.1,12.0,26.7,14.0,23.8,15.7,12.8,29.4,12.8,34.0,34.0,19.5,43.1,5.5,42.4,20.3,7.4,22228.0,8671.0,264.0,0.3079899226201187,0.0,0.3079899226201187,0.3079899226201187,0.3079899226201187,0.5703617059564513,0.5703617059564513,1.0,22.58146862907375,44967.502114450246,1.1876912002879252,Tennessee,Scott County,5338.0,42679.0,43823.25105722512,-59079.826313848636,13649.42951983325
20173,Sedgwick,KS,11.6,10.0,15.3,6.4,15.5,10.9,24.7,15.9,9.2,19.4,14.0,34.1,25.8,13.0,38.9,3.6,37.2,7.9,4.8,498365.0,193502.0,7252.0,0.8578511733368114,0.0,0.2134339289476588,0.3874589909002437,0.2134339289476588,0.1974938047415047,0.255401161799083,0.4191285503596761,14.501137069370689,71428.54909554242,1.4551583678629116,Kansas,Sedgwick County,72477.0,67675.0,69551.7745477712,340963.91072673217,-130010.63011312793
31161,Sheridan,NE,10.6,9.7,13.8,6.4,16.2,10.0,22.7,15.2,10.9,16.9,11.7,31.7,29.1,11.9,36.7,3.4,32.9,15.8,4.8,5469.0,2380.0,113.0,0.0,0.0,0.0,0.0,0.0,0.0,0.0,0.405010056683123,18.124886022104754,57966.685134393854,2.066191259828122,Nebraska,Sheridan County,525.0,56900.0,57433.34256719693,-75785.3006557445,23007.016657633143
55065,Lafayette,WI,9.4,11.0,15.1,6.4,16.3,9.8,21.1,13.9,14.8,18.8,11.2,32.7,28.8,12.7,41.9,3.5,35.1,12.1,4.5,16836.0,6609.0,120.0,0.0,0.0,0.0,0.0,0.0,0.0,0.0,0.0,10.794119225834043,69052.46626277025,0.7127583749109052,Wisconsin,Lafayette County,1783.0,72091.0,70571.73313138512,-65403.4308588797,16755.445265695882
6103,Tehama,CA,11.3,10.7,18.2,6.8,15.5,10.6,26.5,20.1,20.3,24.4,16.9,36.2,26.0,14.9,31.8,4.5,36.6,11.7,6.2,63463.0,23767.0,842.0,0.4108062965822605,0.0,0.5559932559128942,0.5559932559128942,0.4108062965822605,0.600775254872918,0.600775254872918,0.9132092715440492,21.571782166577457,53959.26788837591,1.3267573231646783,California,Tehama County,9988.0,61834.0,57896.63394418795,-19138.635408567578,10137.475914498471
19113,Linn,IA,6.6,10.4,13.6,5.7,13.9,9.7,24.8,12.1,9.6,15.5,9.7,33.9,21.8,10.3,35.6,2.9,32.0,12.9,3.7,211226.0,86134.0,5166.0,0.860680029920559,0.0,0.0840616212019353,0.2649247725185346,0.0840616212019353,0.1001249846136365,0.3191747228087451,0.2763627583725488,9.851486276051409,82841.15158171816,2.4457216441157814,Iowa,Linn County,22106.0,76421.0,79631.07579085909,95599.20416980327,-77740.39929281257
22107,Tensas,LA,12.4,11.7,23.9,10.7,24.5,18.1,34.1,38.3,37.7,33.2,27.9,40.0,39.8,22.5,49.2,7.7,46.7,32.6,10.2,5252.0,2172.0,16.0,0.0,0.0,1.0,1.0,0.0,0.0,0.0,1.0,40.1749154344815,31774.295316070067,0.3046458492003046,Louisiana,Tensas Parish,1255.0,36074.0,33924.147658035035,-76671.96419288349,23807.18438525977
38053,McKenzie,ND,9.2,10.3,13.5,5.7,15.0,9.9,22.7,13.0,7.9,17.0,11.0,29.9,24.2,11.2,40.9,3.3,39.8,11.1,4.5,6360.0,2410.0,152.0,0.0,0.0,0.2199685534591195,0.2199685534591195,0.0,0.0,0.0,0.2199685534591195,16.793985983376288,87830.99716981132,2.389937106918239,North Dakota,McKenzie County,1801.0,88289.0,88059.99858490567,-75216.04572227795,22992.63070991105
4007,Gila,AZ,13.2,11.6,17.8,7.4,16.7,10.5,30.4,20.6,15.7,21.6,15.9,34.8,24.7,13.9,32.2,4.2,36.8,18.7,6.3,53597.0,22000.0,917.0,0.4249864731234957,0.0,0.3660652648469131,0.4379349590462152,0.342164673395899,0.2618616713622031,0.324980875795287,0.7261040729891598,21.734732790045182,49541.930630445735,1.710916655782973,Arizona,Gila County,9297.0,59089.0,54315.46531522287,-32431.026424351832,10899.243703605276
9170,South Central Connecticut,CT,10.6,10.9,12.9,4.9,11.3,9.2,26.1,16.7,14.0,15.9,15.3,35.1,26.0,10.4,33.9,3.4,38.4,11.3,4.9,25241.0,9775.0,583.0,0.3458284459307694,0.0,0.1345236931205181,0.213471534089182,0.0511226162291542,0.1011854426282319,0.2076341948310139,0.409791766014942,14.641471788424182,62500.0,1.8142722752318237,,,63456.0,86266.0,63238.92615563523,-59777.46225547743,14787.486097033085
46029,Codington,SD,9.1,10.4,15.1,6.1,16.8,10.0,23.8,15.7,12.8,17.5,12.8,34.0,25.1,11.1,36.2,3.3,31.7,10.7,4.4,27227.0,11432.0,381.0,0.7099937561978918,0.0,0.0,0.3472288537113894,0.0,0.0,0.1865794982921365,0.3472288537113894,12.459368205910502,70823.69989348808,1.3993462371910237,South Dakota,Codington County,2867.0,65080.0,67951.84994674404,-56643.37359348779,11347.575113251924
54047,McDowell,WV,14.3,13.3,25.7,13.6,29.3,17.4,27.8,30.2,36.2,34.8,21.6,38.6,42.6,22.0,46.1,6.7,47.5,34.2,8.8,22113.0,9176.0,471.0,0.0,0.0,0.0,0.0,0.0,0.6927599149821372,0.6927599149821372,1.0,33.18852798825552,33584.84633473522,2.129968796635463,West Virginia,McDowell County,5054.0,29980.0,31782.42316736761,-60343.67954603983,14452.51982664686
31083,Harlan,NE,9.0,9.4,13.1,5.7,14.7,9.0,21.5,11.8,8.5,15.2,9.5,31.2,26.4,10.8,35.5,3.0,32.5,7.9,3.9,3423.0,1519.0,47.0,0.0,0.0,0.0,0.0,0.0,0.0,0.0,0.0,11.248892825509298,65969.0,1.3730645632486127,Nebraska,Harlan County,213.0,70536.0,68252.5,-77373.24589963484,23545.733915659923
29209,Stone,MO,9.4,10.7,19.0,7.8,18.3,10.3,19.8,14.2,11.7,20.8,12.6,32.7,29.2,14.2,41.1,3.7,38.9,15.1,4.9,32202.0,13690.0,300.0,0.179429849077697,0.0,0.0,0.0,0.0,0.1619154089808086,0.1619154089808086,0.315632569405627,12.403503797452917,56951.24619588845,0.931619154089808,Missouri,Stone County,4363.0,61323.0,59137.123097944226,-51575.74015054744,8401.443188858902
8031,Denver,CO,12.1,10.2,13.1,4.4,10.2,7.8,23.8,15.7,12.8,14.7,12.8,34.0,17.5,9.7,21.6,2.9,29.2,10.6,4.3,600158.0,263107.0,15981.0,1.0,0.0011746906647916,0.1306072734179999,0.4181798792984514,0.1306072734179999,0.1995357889089206,0.3087436974929935,0.4774676001986143,13.890867027673762,89899.5987614928,2.6627987963169697,Colorado,Denver County,78668.0,91681.0,90790.2993807464,449680.31153079733,-42900.58548305402
48155,Foard,TX,19.8,11.1,19.9,8.8,19.2,13.6,23.8,15.7,12.8,27.4,12.8,34.0,32.6,17.6,41.0,5.4,40.6,22.0,7.5,1336.0,573.0,30.0,0.0,0.0,1.0,1.0,1.0,1.0,0.0,1.0,6.919155134741441,54306.0,2.245508982035928,Texas,Foard County,214.0,42212.0,48259.0,-79173.12008192323,24868.209558694198
31095,Jefferson,NE,9.4,9.4,13.2,5.8,15.3,9.8,22.6,12.6,9.0,16.1,9.8,32.9,26.9,11.3,37.6,3.0,32.3,11.4,4.1,7547.0,3348.0,105.0,0.5635351795415396,0.0,0.4364648204584603,1.0,0.0,0.0,0.0,1.0,12.00461021404546,50381.47952828939,1.391281303829336,Nebraska,Jefferson County,690.0,60568.0,55474.739764144695,-73461.91103256987,21518.450622388995
40003,Alfalfa,OK,11.6,10.6,17.1,7.1,17.4,11.1,25.9,16.4,13.0,19.9,13.0,32.7,29.9,14.4,39.6,3.8,35.0,17.1,5.2,5642.0,2022.0,1054.0,0.0,0.0,0.0,0.0,0.0,0.0,0.0,0.0,8.441273502165464,66102.85501595179,18.68131868131868,Oklahoma,Alfalfa County,629.0,67870.0,66986.4275079759,-75909.48305202597,22708.765230739293
51660,Harrisonburg,VA,14.3,10.8,18.2,7.7,16.3,13.9,21.9,20.4,18.5,23.7,16.1,33.9,29.6,16.1,39.1,4.8,40.2,21.2,6.8,48914.0,15988.0,7583.0,1.0,0.0960665658093797,0.1843235065625383,0.7329803328290468,0.1843235065625383,0.0888293740033528,0.0888293740033528,0.8053931389786155,27.828251763075492,64393.46042032956,15.502719057938425,Virginia,Harrisonburg city,11298.0,59752.0,62072.73021016478,-37104.577823360145,12030.745691075945
29085,Hickory,MO,11.9,11.6,23.6,11.1,24.6,12.9,21.0,22.0,20.7,27.4,17.0,33.4,36.5,19.2,43.1,5.4,41.0,27.8,7.2,9627.0,4371.0,75.0,0.0,0.0,0.0,0.0,0.0,0.0,0.0,1.0,17.159711220453648,47725.81603822582,0.779058896852602,Missouri,Hickory County,1627.0,35084.0,41404.90801911291,-71521.49011502063,20304.060392027735
5135,Sharp,AR,11.9,10.8,21.4,9.3,20.3,11.7,27.4,20.3,13.5,26.3,15.2,35.6,34.7,17.2,39.5,4.7,38.6,24.5,6.3,17264.0,7360.0,189.0,0.318871640407785,0.0,0.3474860982391103,0.3474860982391103,0.0,0.0,0.318871640407785,0.681128359592215,21.470794569947344,43292.48551899907,1.0947636700648748,Arkansas,Sharp County,2997.0,42950.0,43121.24275949954,-63637.4423389281,16669.857490305436
47073,Hawkins,TN,12.8,11.2,21.0,9.4,21.6,12.4,23.8,15.7,12.8,24.2,12.8,34.0,29.5,16.0,40.7,4.3,38.7,13.3,5.8,56833.0,23343.0,456.0,0.2973096616402442,0.0,0.1415374870233843,0.1415374870233843,0.1415374870233843,0.2633857090070909,0.3520841764467827,0.6252705294459205,19.213548660804744,51769.76997519047,0.8023507469252019,Tennessee,Hawkins County,9725.0,55278.0,53523.88498759524,-27587.119019804784,-4049.1671953618534
12039,Gadsden,FL,19.0,11.2,18.6,9.0,18.8,15.6,23.8,15.7,12.8,27.2,12.8,34.0,29.9,18.7,44.5,6.4,39.7,24.1,9.2,46389.0,16952.0,2161.0,0.074521977192869,0.0,0.1773265213736015,0.1773265213736015,0.074521977192869,0.6054452564185475,0.7349587186617517,0.6799672336114165,24.598372885946972,50417.27851430296,4.6584319558516025,Florida,Gadsden County,11243.0,46047.0,48232.13925715148,-50475.94296893371,15955.311142618772
37029,Camden,NC,8.6,10.6,14.3,5.5,12.8,8.8,21.7,11.0,8.0,15.3,9.8,32.3,20.1,10.7,34.4,2.9,33.9,14.5,3.8,9980.0,3675.0,17.0,0.0,0.0,0.0,0.0,0.0,0.0,0.0,0.0,11.189179002392004,72544.34068136272,0.1703406813627254,North Carolina,Camden County,537.0,87781.0,80162.67034068136,-72406.39963313143,20845.131851862003
48387,Red River,TX,15.3,11.2,18.5,8.1,18.4,12.5,23.8,15.7,12.8,24.3,12.8,34.0,29.8,16.0,38.7,4.7,41.8,12.7,6.3,12860.0,5469.0,189.0,0.3815707620528771,0.0,0.8017107309486781,0.8017107309486781,0.3815707620528771,0.0,0.0,0.8017107309486781,18.41464182196804,50231.03600311042,1.4696734059097978,Texas,Red River County,2389.0,46912.0,48571.51800155521,-69632.55036812562,20366.480525502197
22061,Lincoln,LA,8.7,10.8,20.0,8.6,18.9,15.1,28.6,26.6,25.3,26.4,20.2,35.8,32.5,18.2,46.3,5.6,43.7,20.1,7.4,46735.0,17599.0,4883.0,0.6066973360436504,0.0,0.5468492564459185,0.6066973360436504,0.5468492564459185,0.3649513212795549,0.3649513212795549,0.7122927142398631,30.99507523603117,56421.50127313576,10.448272172889697,Louisiana,Lincoln Parish,13415.0,38035.0,47228.25063656788,-46869.309232481435,9590.755471184155
17131,Mercer,IL,8.4,10.5,14.8,6.8,15.7,9.6,25.2,13.9,13.3,18.0,11.8,35.1,22.6,11.9,38.5,3.2,36.0,14.7,4.3,16434.0,6734.0,185.0,0.2384081781672143,0.0,0.2284288669830838,0.2284288669830838,0.0,0.0,0.2384081781672143,0.2284288669830838,11.497151270146825,71085.40604843617,1.1257149811366678,Illinois,Mercer County,1217.0,71710.0,71397.70302421809,-66246.33398013657,16482.917636846025
13185,Lowndes,GA,14.4,10.7,16.7,7.1,16.2,13.4,25.6,22.0,19.1,22.7,18.4,37.9,29.9,15.2,40.2,4.7,40.8,16.8,6.3,109233.0,39747.0,6410.0,0.567337709300303,0.0,0.2640685507126967,0.4682193110140708,0.2640685507126967,0.327318667435665,0.327318667435665,0.6391108913972884,25.874870411104514,57014.452454844235,5.868190015837705,Georgia,Lowndes County,23253.0,55887.0,56450.726227422114,2716.493730388611,-9874.84386997444
22031,De Soto,LA,9.9,11.0,21.2,8.8,21.0,14.6,30.4,27.5,24.1,26.8,20.1,38.3,32.7,18.1,44.2,5.5,42.9,17.7,7.3,26656.0,10562.0,215.0,0.1110444177671068,0.0,0.4371998799519808,0.4371998799519808,0.1110444177671068,0.5156812725090036,0.6782713085234093,0.7357442977190877,25.21474997817747,52864.576080432176,0.8065726290516206,Louisiana,De Soto Parish,5815.0,46077.0,49470.78804021609,-60877.19559700531,15698.722121823106
37081,Guilford,NC,10.6,11.2,15.3,6.0,13.5,11.2,24.7,17.5,14.6,18.3,15.1,34.1,23.5,12.8,38.6,3.9,36.3,13.3,5.3,488406.0,196628.0,15492.0,0.836328792029582,0.0185808528150759,0.147391719184449,0.3962236336162946,0.147391719184449,0.1506328751080044,0.2256258113127193,0.3962236336162946,16.550658894834807,68754.66703725999,3.171951204530657,North Carolina,Guilford County,79108.0,66027.0,67390.83351863,273059.5309098032,-118804.59597998837
48117,Deaf Smith,TX,35.1,9.4,19.8,6.9,16.1,16.0,23.8,15.7,12.8,32.3,12.8,34.0,39.9,18.9,41.3,6.0,42.1,21.9,9.9,19372.0,6365.0,371.0,0.8016725170348957,0.0,0.2055027875283915,0.2055027875283915,0.2055027875283915,0.2055027875283915,0.2055027875283915,0.2055027875283915,17.49253890645346,60152.0749535412,1.9151352467478835,Texas,Deaf Smith County,2883.0,54114.0,57133.0374767706,-58601.350997919515,27477.59026522175
39093,Lorain,OH,9.1,11.0,14.4,6.7,15.3,11.5,21.6,14.6,11.6,18.2,12.4,33.9,27.5,12.0,36.7,3.4,40.2,8.9,4.4,301356.0,116274.0,9332.0,0.8350256839087326,0.0,0.1450278076427879,0.2984974581558024,0.1450278076427879,0.1589681307158311,0.3272110062517421,0.3165525159611888,14.035455205977987,72248.03007074689,3.096669719534371,Ohio,Lorain County,39114.0,70693.0,71470.51503537345,173477.6098694251,-99197.23475688403
24021,Frederick,MD,8.0,9.5,11.5,4.6,9.1,9.4,23.5,10.9,7.7,14.1,10.5,33.0,19.5,8.7,34.3,2.5,35.4,6.2,3.4,233385.0,84800.0,4182.0,0.6870107333376181,0.0,0.0920796109432911,0.247642307774707,0.0920796109432911,0.0597167769993787,0.0767829980504316,0.3266062514728881,7.249783324847336,108778.97814769587,1.79188893887782,Maryland,Frederick County,17361.0,120458.0,114618.48907384794,100167.31976826504,-69200.44640901522
35025,Lea,NM,21.8,9.5,17.8,6.3,15.1,12.1,27.1,26.4,21.0,26.3,21.4,36.8,30.2,15.8,37.3,5.1,32.7,17.8,8.0,64727.0,22236.0,2057.0,0.786719606964636,0.0,0.2641401578939237,0.3602051694038036,0.2641401578939237,0.0526210082345852,0.0526210082345852,0.3602051694038036,16.498965167360982,65712.41103403525,3.1779628284950636,New Mexico,Lea County,13178.0,68750.0,67231.20551701763,-13580.83570555126,25687.594143378246
48077,Clay,TX,12.2,10.3,15.6,6.3,14.7,9.8,23.8,15.7,12.8,18.6,12.8,34.0,24.2,12.3,34.8,3.3,36.0,11.5,4.4,10752.0,4319.0,70.0,0.3022693452380952,0.0,0.0,0.0,0.0,0.0,0.0,0.0,13.711043152259755,64968.574497767855,0.6510416666666666,Texas,Clay County,1072.0,77355.0,71161.78724888392,-70871.60941934073,20104.138952433306
32027,Pershing,NV,15.6,9.8,17.0,6.8,16.8,10.3,28.7,17.2,13.4,21.9,14.8,36.6,25.2,13.4,35.3,3.7,39.7,16.4,5.4,6753.0,2018.0,1681.0,0.0,0.0,0.0,0.0,0.0,0.0,0.0,0.0,15.1244416081685,58819.0,24.892640308011256,Nevada,Pershing County,380.0,72007.0,65413.0,-74685.14689862153,23535.043754603244
56045,Weston,WY,12.9,10.0,15.6,6.5,15.9,9.7,23.8,15.7,12.8,18.5,12.8,34.0,26.4,12.0,35.5,3.3,31.7,16.3,4.5,7208.0,3021.0,313.0,0.5402330743618202,0.0,0.0,0.0,0.0,0.0,0.0,0.0,17.378663350722,75763.06492785794,4.342397336293008,Wyoming,Weston County,668.0,87545.0,81654.03246392898,-74206.29537536122,21752.566314226548
32029,Storey,NV,9.6,10.7,14.7,5.5,12.8,8.2,24.1,11.6,8.9,16.5,10.7,34.1,19.6,10.6,31.8,2.8,35.9,8.7,3.8,4010.0,1742.0,5.0,0.0,0.0,0.0,0.0,0.0,0.0,0.0,0.0,7.9449961802903,69327.0,0.1246882793017456,Nevada,Storey County,292.0,96000.0,82663.5,-77138.75788511126,23508.275601725625
46053,Gregory,SD,9.6,10.6,15.4,6.6,17.5,10.2,23.8,15.7,12.8,17.9,12.8,34.0,24.2,12.1,36.6,3.5,31.9,11.0,4.7,4271.0,1936.0,44.0,0.0,0.0,0.0,0.0,0.0,0.0,0.0,0.0,13.903710700120886,63089.37789744791,1.0302036993678296,South Dakota,Gregory County,434.0,52432.0,57760.68894872395,-76738.77295402582,23323.465876755145
18057,Hamilton,IN,5.4,10.2,10.7,4.3,9.3,8.6,18.4,7.6,3.6,12.3,6.9,29.0,15.7,8.1,31.9,2.0,31.1,5.1,2.8,274569.0,99835.0,1628.0,0.9022650044251171,0.0,0.0,0.0124740957646347,0.0,0.0,0.1707876708586912,0.0124740957646347,4.80663946311723,114886.62912054894,0.5929292818927119,Indiana,Hamilton County,15422.0,117957.0,116421.81456027448,137170.37997665236,-103972.20424485632
40147,Washington,OK,10.3,11.7,17.9,7.4,17.6,11.0,24.7,17.8,15.1,20.0,13.8,33.4,29.5,15.6,42.7,3.9,41.1,22.1,5.6,50976.0,21036.0,798.0,0.8449074074074074,0.0,0.0819601381042059,0.1681379472693032,0.0819601381042059,0.0449819522912743,0.189677495291902,0.1681379472693032,14.157290873976782,64182.50074544884,1.5654425612052731,Oklahoma,Washington County,7541.0,61205.0,62693.75037272442,-39111.586441114996,6237.04971429842
48145,Falls,TX,20.0,11.0,18.6,7.8,17.4,13.8,23.8,15.7,12.8,26.5,12.8,34.0,32.6,17.0,40.3,5.2,41.7,27.5,7.4,17866.0,6302.0,2068.0,0.3318034255009515,0.0,0.2075450576514049,0.3318034255009515,0.2075450576514049,0.2075450576514049,0.2075450576514049,0.6509571252658681,26.1375575292863,51080.92158289489,11.575058770849658,Texas,Falls County,2198.0,55372.0,53226.46079144745,-66093.46105822257,22001.06125587148
8005,Arapahoe,CO,11.6,10.5,13.5,4.6,10.4,8.0,23.8,15.7,12.8,15.1,12.8,34.0,17.7,9.2,25.9,2.8,32.9,8.3,4.1,572003.0,224011.0,4920.0,0.961028176425648,0.0,0.0362165932696157,0.34489679249934,0.0362165932696157,0.0442200477969521,0.0665818186268253,0.3787724889554775,9.061343419940442,91980.44993645138,0.8601353489404776,Colorado,Arapahoe County,55261.0,97215.0,94597.7249682257,384133.0544992944,-118755.04695535291
18125,Pike,IN,8.9,11.4,16.9,8.2,18.9,11.2,23.7,14.9,9.0,20.6,11.5,33.0,25.7,13.4,37.7,3.5,39.8,18.5,4.7,12845.0,5186.0,213.0,0.0,0.0,0.0,0.0,0.0,0.0,0.0,0.2412611911249513,11.4249707895465,65035.18746594006,1.6582327753989878,Indiana,Pike County,1466.0,66250.0,65642.59373297002,-69235.02306683757,18426.93137582265
51107,Loudoun,VA,7.1,8.9,10.8,3.6,8.0,8.9,19.7,8.5,5.2,13.1,7.4,33.0,18.7,8.5,27.3,2.1,30.1,7.5,3.1,312311.0,104583.0,1172.0,0.8643467569185843,0.0,0.0123882924392672,0.0870958755855541,0.0123882924392672,0.008645228634278,0.0533314548639016,0.0870958755855541,3.843122493104188,150365.2398538636,0.3752669614582899,Virginia,Loudoun County,16821.0,178707.0,164536.1199269318,143217.8454431226,-59107.96951278005
40065,Jackson,OK,14.1,11.1,17.8,7.2,16.7,12.2,25.2,20.5,16.7,21.8,15.9,32.7,34.0,15.9,41.1,4.3,42.0,13.5,6.3,26446.0,10247.0,687.0,0.7674506541632005,0.0,0.1390758526809347,0.3926491718974514,0.1390758526809347,0.2535733192165166,0.2535733192165166,0.4554942146260304,17.428968107393942,54096.05392119791,2.59774635105498,Oklahoma,Jackson County,3813.0,61497.0,57796.52696059896,-57128.18776947169,19858.72970624973
48345,Motley,TX,16.4,10.2,16.4,6.5,15.2,10.5,23.8,15.7,12.8,20.8,12.8,34.0,26.3,13.2,35.8,3.6,37.8,11.7,5.1,1210.0,542.0,0.0,0.0,0.0,0.0,0.0,0.0,0.0,0.0,0.0,9.60207612456747,61912.0,0.0,Texas,Motley County,123.0,62857.0,62384.5,-79265.57683854479,24909.136400333628
12053,Hernando,FL,15.6,9.9,15.8,6.8,14.9,11.2,23.8,15.7,12.8,19.2,12.8,34.0,25.4,13.5,36.4,3.7,38.1,9.6,5.4,172778.0,71745.0,1828.0,0.7276042088691848,0.0,0.2826922409103011,0.3461725451156976,0.2826922409103011,0.0806526293856856,0.1184525807683848,0.4157068608271886,14.284074513231491,54730.04179930315,1.058005070089942,Florida,Hernando County,23818.0,63193.0,58961.52089965157,78262.37449077528,-47718.806481889274
29083,Henry,MO,10.4,11.0,20.6,8.8,20.3,11.0,20.7,16.4,13.9,22.7,14.0,32.4,31.5,15.7,38.6,4.2,38.9,14.0,5.5,22272.0,9405.0,233.0,0.5455280172413793,0.0,0.5477729885057471,0.6814385775862069,0.4118624281609195,0.1793732040229885,0.1793732040229885,0.6814385775862069,21.462014451656824,57798.94665948276,1.0461566091954022,Missouri,Henry County,3548.0,56621.0,57209.97332974138,-59979.495720011066,13829.977785452262
46027,Clay,SD,8.4,10.3,14.1,6.2,15.8,10.3,23.8,15.7,12.8,16.4,12.8,34.0,24.3,11.4,39.8,3.4,33.2,16.1,4.5,13864.0,5110.0,2237.0,0.7910415464512406,0.0,0.3781736872475476,0.7910415464512406,0.3781736872475476,0.3781736872475476,0.3781736872475476,0.7910415464512406,27.155970694099704,78755.45881419504,16.13531448355453,South Dakota,Clay County,2515.0,58794.0,68774.72940709752,-68715.55895974895,18806.0356224469
46137,Ziebach,SD,14.2,13.7,22.1,10.8,30.8,18.1,23.8,15.7,12.8,31.5,12.8,34.0,37.9,21.3,47.6,7.0,38.7,29.5,11.2,2801.0,836.0,0.0,0.0,0.0,1.0,1.0,1.0,1.0,0.0,1.0,40.9578270192995,38068.0,0.0,South Dakota,Ziebach County,921.0,47333.0,42700.5,-78881.50546806732,25254.307532143746
17117,Macoupin,IL,8.3,10.7,15.3,7.2,16.3,9.9,24.9,14.7,14.7,18.7,12.1,34.1,23.1,12.5,36.8,3.5,37.0,14.3,4.5,47765.0,19381.0,876.0,0.3658536585365853,0.0,0.0527373599916256,0.3499633622945671,0.0,0.1148121009107086,0.1148121009107086,0.4288705118810845,13.36295134774299,67281.0842667225,1.833978854810007,Illinois,Macoupin County,6259.0,68518.0,67899.54213336125,-38496.57587123619,-373.11245062508897
30015,Chouteau,MT,10.9,12.1,16.6,6.7,17.4,9.5,24.6,16.4,11.3,19.7,12.9,35.0,22.7,12.4,35.8,3.6,35.5,13.5,5.1,5813.0,2294.0,135.0,0.0,0.0,0.6344400481678996,0.6344400481678996,0.6344400481678996,0.6344400481678996,0.0,0.6344400481678996,18.851700627662588,51456.363323585065,2.322380870462756,Montana,Chouteau County,724.0,56927.0,54191.681661792536,-75755.7016526145,23103.075243254854
37119,Mecklenburg,NC,10.1,10.4,13.2,5.0,10.7,10.1,23.6,14.5,10.7,15.9,12.5,32.4,21.1,11.2,29.5,3.2,38.6,8.3,4.6,919628.0,362213.0,16015.0,0.967183469837804,0.0,0.0879921011539448,0.3185886032178228,0.0879921011539448,0.1574256112254085,0.2029505408708738,0.3343438868759977,12.948057416225131,86214.04632199106,1.741465027163157,North Carolina,Mecklenburg County,115896.0,83765.0,84989.52316099554,581539.4769417124,-193805.66858711853
48493,Wilson,TX,18.5,9.4,14.7,5.2,12.3,11.0,23.8,15.7,12.8,20.2,12.8,34.0,25.6,12.5,34.9,3.4,38.4,11.2,5.1,42918.0,15009.0,551.0,0.1194137657859173,0.0,0.0,0.0,0.0,0.0,0.1194137657859173,0.0,10.624368963984724,81622.28831725616,1.283843608742253,Texas,Wilson County,4987.0,92461.0,87041.64415862807,-37601.32771140694,16545.21094603013
48421,Sherman,TX,21.7,9.3,15.5,5.4,12.6,11.2,23.8,15.7,12.8,21.6,12.8,34.0,27.7,13.1,35.7,3.6,38.5,12.7,5.6,3034.0,1081.0,31.0,0.0,0.0,0.0,0.0,0.0,0.0,0.0,0.0,15.236833388539305,64900.0,1.0217534607778511,Texas,Sherman County,151.0,74167.0,69533.5,-77243.59572342505,24883.408653079936
20079,Harvey,KS,10.3,10.1,15.1,6.0,14.5,10.0,21.8,12.9,7.2,16.9,11.5,30.8,26.7,11.9,37.2,3.1,35.3,11.8,4.1,34684.0,13411.0,1311.0,0.4737054549648253,0.0,0.0,0.1600161457732672,0.0,0.0,0.1841483104601545,0.1600161457732672,11.170626340303796,69575.82634644216,3.779840848806366,Kansas,Harvey County,2592.0,73269.0,71422.41317322108,-49713.37448229843,10682.391219922332
38099,Walsh,ND,10.6,10.1,14.0,6.0,15.3,9.4,22.4,13.6,8.4,17.6,11.3,29.5,24.6,11.4,36.0,3.4,36.5,13.6,4.6,11119.0,4746.0,332.0,0.388973828581707,0.0,0.0,0.1428185987948556,0.0,0.0,0.0,0.1428185987948556,9.663787074053314,69187.26369277813,2.9858800251821207,North Dakota,Walsh County,1081.0,69976.0,69581.63184638906,-70512.13651955553,20384.368640591787
19099,Jasper,IA,7.5,10.0,14.7,6.3,16.9,9.7,24.4,12.4,10.3,17.4,10.3,31.5,24.1,11.4,38.3,3.1,32.0,12.7,4.0,36842.0,14806.0,1648.0,0.4288583681667662,0.0,0.0710873459638456,0.3490038542967265,0.0710873459638456,0.0,0.0,0.3490038542967265,9.808105146630048,68305.41813690896,4.473155637587536,Iowa,Jasper County,2942.0,70128.0,69216.70906845448,-48239.67676300705,5817.266810177709
19181,Warren,IA,6.0,9.7,12.5,5.0,12.8,8.4,22.1,9.1,7.1,13.8,7.9,31.7,21.0,9.3,38.7,2.5,33.2,8.0,3.1,46225.0,17262.0,1742.0,0.7001622498647918,0.0,0.0,0.0,0.0,0.0,0.0,0.0,6.943305031606961,89842.08272579772,3.768523526230395,Iowa,Warren County,2767.0,92990.0,91416.04136289886,-41558.14134789092,680.8222729707559
13115,Floyd,GA,15.3,10.3,16.9,7.3,16.5,12.6,23.4,19.2,15.4,21.8,15.6,37.0,28.1,14.4,37.7,4.3,35.3,17.9,5.9,96317.0,35930.0,3733.0,0.644953642659136,0.0,0.3317067599696834,0.384189706905323,0.3317067599696834,0.3792788396648566,0.3792788396648566,0.4982090389027897,19.08962034849185,57093.58471505549,3.8757436381947112,Georgia,Floyd County,15943.0,62540.0,59816.792357527745,2056.522443004971,-8859.25197225712
17041,Douglas,IL,9.7,10.5,15.1,6.8,15.5,9.8,25.7,14.9,13.7,18.8,12.4,34.7,23.6,12.3,38.8,3.4,36.9,12.5,4.5,19980.0,7720.0,168.0,0.4001501501501501,0.0,0.175075075075075,0.175075075075075,0.175075075075075,0.2782282282282282,0.2782282282282282,0.4533033033033033,11.131642582229244,65907.4124124124,0.8408408408408409,Illinois,Douglas County,1718.0,74186.0,70046.7062062062,-62371.466349857445,15741.86875000343
36109,Tompkins,NY,4.9,10.6,11.2,5.0,10.8,8.2,22.1,11.2,9.7,14.0,10.4,32.4,19.0,9.7,27.6,2.8,36.3,13.5,3.6,101564.0,38967.0,13232.0,0.5417175377102122,0.1010102004647316,0.2309873577251782,0.2944547280532472,0.2309873577251782,0.1568075302272458,0.5734906069079595,0.4341794336575952,21.92531010311568,83632.56499350164,13.02823835217203,New York,Tompkins County,13547.0,73012.0,78322.28249675082,-501.8713526351494,-16147.186072678753
22065,Madison,LA,13.3,12.2,25.3,11.8,26.2,19.6,34.8,42.6,43.1,36.4,30.9,40.3,42.5,24.5,50.1,8.9,47.1,31.5,11.7,12093.0,4025.0,1591.0,0.559497229802365,0.0,0.0,0.559497229802365,0.0,0.2513850988174977,0.2513850988174977,0.8383362275696684,37.00700813642283,34856.95484991317,13.156371454560489,Louisiana,Madison Parish,3083.0,37267.0,36061.97742495658,-72710.85996838615,21898.891578359424
28019,Choctaw,MS,12.0,9.9,18.3,7.6,18.0,12.9,29.0,21.7,12.5,22.9,16.6,36.8,32.7,16.1,40.5,4.6,38.1,20.3,6.2,8547.0,3446.0,121.0,0.0,0.0,0.4915174915174915,0.4915174915174915,0.0,0.0,0.0,0.676962676962677,23.518179837479344,56245.74564174564,1.4157014157014156,Mississippi,Choctaw County,1276.0,48321.0,52283.37282087282,-73760.60112514051,21801.63685075823
48397,Rockwall,TX,11.7,9.6,12.2,4.2,9.7,8.7,23.8,15.7,12.8,14.8,12.8,34.0,20.1,9.7,34.4,2.5,35.3,8.9,3.5,78337.0,26448.0,659.0,0.5505444426005591,0.0,0.0,0.0,0.0,0.0,0.0922680214968661,0.0,5.929108740634313,108296.96894187931,0.8412372186833807,Texas,Rockwall County,4991.0,124917.0,116606.98447093966,-14077.01227764078,-1578.1530226305113
30051,Liberty,MT,12.4,12.2,18.7,8.5,18.6,9.9,22.8,18.2,15.4,22.8,13.2,33.2,25.4,14.6,34.5,4.6,37.5,23.3,5.9,2339.0,822.0,403.0,0.0,0.0,0.0,0.0,0.0,0.0,0.0,0.0,14.260407440212598,63051.0,17.229585292860197,Montana,Liberty County,494.0,53264.0,58157.5,-78342.51577777507,24131.534186281744
51195,Wise,VA,11.2,11.5,19.6,9.0,19.9,12.7,22.8,18.4,17.2,23.2,13.9,37.5,30.2,15.9,43.5,4.5,36.8,17.5,6.0,41452.0,15968.0,3131.0,0.3576184502557175,0.0,0.3576184502557175,0.3576184502557175,0.3576184502557175,0.7918797645469459,0.7918797645469459,1.0,21.892584077498977,48516.804810383095,7.553314677217022,Virginia,Wise County,5807.0,50740.0,49628.40240519155,-43395.493773529226,4349.523780453936
13321,Worth,GA,14.9,11.0,18.5,8.2,19.3,13.6,26.7,23.2,20.7,24.7,18.5,40.0,32.0,16.2,38.8,5.0,38.1,21.4,6.7,21679.0,8214.0,149.0,0.0,0.0,0.0,0.0,0.0,0.5423220628257761,0.5423220628257761,0.8822362655104018,20.42313215009517,52904.806171871394,0.6873010747728215,Georgia,Worth County,4096.0,57201.0,55052.9030859357,-63717.49155024647,16217.477126674827
35055,Taos,NM,15.0,9.5,14.8,4.9,11.7,10.7,23.7,18.8,14.2,20.4,15.6,33.7,22.7,11.9,28.1,3.8,31.7,11.6,6.0,32937.0,14806.0,470.0,0.2379998178340468,0.0,0.5721528979567052,0.5721528979567052,0.2379998178340468,0.431794031028934,0.431794031028934,0.7659471111515924,19.38579815260036,47651.63952393965,1.4269666332695752,New Mexico,Taos County,4943.0,58908.0,53279.819761969826,-46311.7762189253,28784.86876641012
19039,Clarke,IA,12.0,10.2,17.2,7.7,19.2,11.6,25.6,18.8,16.7,22.3,14.2,34.3,30.3,13.9,43.2,4.2,34.1,19.5,5.7,9286.0,3701.0,152.0,0.5353219900926125,0.0,0.0,0.5353219900926125,0.0,0.0,0.0,0.5353219900926125,14.418457009060404,63974.39231100582,1.6368727116088737,Iowa,Clarke County,1304.0,66821.0,65397.69615550291,-71709.29315783911,21319.60372262731
8035,Douglas,CO,6.6,10.4,11.0,3.6,7.6,6.0,23.8,15.7,12.8,10.7,12.8,34.0,13.3,7.1,24.6,1.9,26.7,5.6,2.7,285465.0,102018.0,651.0,0.8102569491881667,0.0,0.0,0.0131084371113796,0.0,0.0,0.0115005342161035,0.0131084371113796,3.531737971082907,131828.53522148074,0.2280489727287058,Colorado,Douglas County,11841.0,145737.0,138782.76761074038,147211.6855703191,-102750.94786212267
55035,Eau Claire,WI,7.3,10.7,13.2,5.4,13.8,8.9,21.4,11.0,11.6,15.5,9.4,32.1,24.5,10.8,31.4,2.9,37.3,13.6,3.8,98736.0,39493.0,4796.0,0.8105959325879112,0.0,0.1554245665208232,0.2930947172257332,0.1554245665208232,0.2135492626802787,0.4075413223140496,0.3418813806514341,14.681164884927629,76036.73714754496,4.857397504456329,Wisconsin,Eau Claire County,11821.0,71834.0,73935.36857377249,3771.7524779494997,-23492.294834130083
36071,Orange,NY,9.0,10.5,13.0,5.5,12.2,10.1,24.9,16.9,14.2,17.8,15.9,32.1,25.6,11.5,32.4,3.5,38.4,12.3,4.9,372813.0,125925.0,12230.0,0.7844147065687087,0.0,0.0836183287599949,0.1999957083041632,0.0836183287599949,0.0888756561600588,0.1664748815089602,0.2773132911137755,11.365891446262804,92272.82827583802,3.280465005243916,New York,Orange County,51238.0,96497.0,94384.914137919,232989.48783167067,-82938.24198534444
12065,Jefferson,FL,15.1,10.4,17.0,7.9,17.5,12.2,23.8,15.7,12.8,22.2,12.8,34.0,26.0,14.9,34.9,4.6,39.1,19.5,6.4,14761.0,5646.0,1339.0,0.0,0.0,0.0,0.0,0.0,0.0,0.0,0.3986857258993293,15.208192034118092,60357.96605921008,9.071201138134272,Florida,Jefferson County,2740.0,56984.0,58670.983029605035,-70402.29422001191,19928.545117581012
6043,Mariposa,CA,7.9,10.6,15.9,5.9,13.3,9.4,24.8,15.0,15.2,20.2,13.3,34.7,22.0,12.6,30.9,3.6,35.5,16.2,4.8,18251.0,7693.0,725.0,0.0,0.0,0.0,0.0,0.0,0.0,0.0,0.7529998356254451,13.986978991359088,64303.04202509452,3.9723850747904224,California,Mariposa County,2347.0,65378.0,64840.52101254726,-64606.56278069725,17992.709010233808
31073,Gosper,NE,8.8,9.2,12.2,5.4,13.5,9.0,20.4,11.4,8.0,14.5,9.4,29.9,24.1,10.1,38.3,2.8,32.0,11.6,3.8,2044.0,849.0,40.0,0.0,0.0,0.0,0.0,0.0,0.0,0.0,0.0,5.1087506322711205,82697.0,1.9569471624266144,Nebraska,Gosper County,133.0,79145.0,80921.0,-78730.38105376507,24306.539987862598
28111,Perry,MS,12.1,10.0,19.6,8.6,20.0,13.4,28.8,22.0,13.5,24.3,16.7,36.6,34.7,17.0,43.6,4.9,38.8,24.7,6.6,12250.0,4674.0,102.0,0.0,0.0,0.6835102040816327,0.6835102040816327,0.0,0.3837551020408163,0.3837551020408163,0.6835102040816327,18.701515403163416,47679.546285714285,0.8326530612244898,Mississippi,Perry County,2016.0,50435.0,49057.27314285714,-70161.0663269547,19869.711918268822
29155,Pemiscot,MO,13.6,12.3,24.5,11.3,25.3,14.9,23.8,27.9,27.1,30.8,21.6,35.8,40.5,21.1,44.9,6.4,44.1,33.8,8.5,18296.0,7350.0,202.0,0.5397354613030171,0.0,0.3645605596851771,0.5397354613030171,0.3645605596851771,0.3726497595102754,0.3726497595102754,1.0,28.137284991529956,44722.06329252296,1.1040664626147791,Missouri,Pemiscot County,4109.0,40748.0,42735.03164626148,-65194.93019550024,17891.379726710933
24033,Prince George's,MD,13.0,11.5,12.9,5.0,10.5,13.6,27.5,22.4,15.9,20.2,20.3,37.0,26.5,13.2,41.9,4.0,43.8,13.4,5.5,863420.0,304042.0,19328.0,0.9662713395566468,0.0184545180792661,0.1191922818558754,0.4469690301359709,0.1191922818558754,0.1570823006184707,0.2089006508999096,0.5512508396840472,9.663228970482884,95685.04805772394,2.238539760487364,Maryland,Prince George's County,95468.0,100708.0,98196.52402886195,349392.1834603954,-43498.08250314614
56019,Johnson,WY,11.3,10.4,15.4,6.6,15.3,9.3,23.8,15.7,12.8,18.0,12.8,34.0,25.7,11.9,35.6,3.4,31.3,12.4,4.5,8569.0,3782.0,71.0,0.711168164313222,0.0,0.0,0.0,0.0,0.0,0.711168164313222,0.0,11.547955444063128,79733.94993581515,0.8285680942933831,Wyoming,Johnson County,900.0,63905.0,71819.47496790758,-72970.17328025572,20984.469192237382
48129,Donley,TX,15.4,10.6,17.0,7.0,16.0,10.9,23.8,15.7,12.8,21.5,12.8,34.0,27.1,14.0,35.9,3.9,38.8,16.7,5.3,3677.0,1517.0,240.0,0.0,0.0,0.0,0.0,0.0,0.0,0.0,0.5594234430242045,14.974554618384117,54003.60348109872,6.527060103345118,Texas,Donley County,241.0,56648.0,55325.80174054936,-77236.45881723815,23782.610057185775
1115,St. Clair,AL,9.5,10.0,16.7,6.7,15.2,10.9,25.6,16.1,10.8,20.1,12.4,38.0,26.3,13.5,39.2,3.5,35.8,11.9,4.7,83593.0,31624.0,1967.0,0.1257043053844221,0.0,0.0,0.0,0.0,0.0565956479609536,0.3436053258047922,0.3759525319105666,13.126914844600316,64872.88128192552,2.3530678406086634,Alabama,St. Clair County,10129.0,78993.0,71932.94064096276,-9546.545085958613,-14894.662800858026
54101,Webster,WV,11.2,12.9,23.2,11.2,24.9,14.1,25.6,21.6,25.4,28.6,16.3,37.6,37.9,18.2,42.6,5.0,41.3,27.3,6.5,9154.0,3792.0,58.0,0.0,0.0,0.0,0.0,0.0,0.7521302162988858,0.7521302162988858,1.0,29.157273215914145,40586.74065982084,0.633602796591654,West Virginia,Webster County,1812.0,42061.0,41323.87032991042,-71592.2292529362,20531.90063112144
45049,Hampton,SC,17.2,10.6,18.8,8.6,19.4,17.1,30.7,31.4,21.9,27.6,23.3,36.1,33.6,18.4,41.6,6.1,44.2,18.9,8.1,21090.0,7598.0,1531.0,0.0,0.0,0.1258890469416785,0.1258890469416785,0.0,0.3427216690374585,0.3427216690374585,0.87524893314367,18.794113912204445,44732.17344713134,7.25936462778568,South Carolina,Hampton County,3597.0,43059.0,43895.58672356567,-66254.97815736492,19322.939612946335
16017,Bonner,ID,9.6,10.9,16.5,6.2,13.2,8.4,19.7,12.2,9.2,16.9,10.3,28.8,21.1,12.7,31.8,3.3,30.6,17.7,4.5,40877.0,17100.0,353.0,0.0823690583946962,0.0,0.0586637962668493,0.0586637962668493,0.0586637962668493,0.0586637962668493,0.3751253761283851,0.2968662083812413,14.787909714987489,62651.72649656286,0.863566308682144,Idaho,Bonner County,5231.0,65168.0,63909.86324828143,-43696.53452904935,4603.881052012894
40129,Roger Mills,OK,10.6,11.4,18.0,7.8,18.2,11.3,23.6,18.0,15.8,20.5,13.7,32.2,31.4,15.5,40.6,4.1,36.7,11.9,5.7,3647.0,1470.0,11.0,0.0,0.0,0.0,0.0,0.0,0.0,0.0,0.0,19.536152796725805,62813.0,0.3016177680285166,Oklahoma,Roger Mills County,517.0,62721.0,62767.0,-77212.52184317003,23744.955455336658
6085,Santa Clara,CA,6.9,7.9,10.8,3.3,8.2,9.8,28.7,11.8,8.6,15.8,10.1,38.8,21.8,9.3,21.9,2.4,31.8,7.3,3.7,1781642.0,604204.0,30350.0,0.984880239689006,0.0015081593271824,0.01209053221691,0.1976586766589472,0.01209053221691,0.027893931553028,0.0812188980726767,0.2979341528769528,8.03452621058068,134602.29307964226,1.7034847629321717,California,Santa Clara County,128470.0,159674.0,147138.14653982111,1133619.2178193654,61652.98988476061
34003,Bergen,NJ,10.4,8.0,10.1,3.6,8.4,8.0,25.2,11.3,5.8,13.7,10.8,34.7,20.6,8.2,25.4,2.4,39.6,7.9,3.6,905116.0,335730.0,10422.0,0.9946095307120856,0.0,0.0,0.0896128231077563,0.0,0.033183591937387,0.1840846919068937,0.1686678834536125,6.999134286482646,122549.42534879508,1.1514546201812803,New Jersey,Bergen County,63408.0,123715.0,123132.21267439754,602905.37141569,-215343.99381515916
29221,Washington,MO,11.6,11.2,22.3,10.1,22.9,12.2,21.4,19.4,17.1,25.6,15.6,33.1,33.8,17.5,41.3,4.9,42.2,26.8,6.4,25195.0,9355.0,1091.0,0.0,0.0,0.6139710259972216,0.6139710259972216,0.0,0.4440960508037309,0.4440960508037309,1.0,20.198809999582664,45122.86683865846,4.330224250843421,Missouri,Washington County,4095.0,51886.0,48504.43341932923,-56626.652948838135,12494.926237389347
28095,Monroe,MS,12.3,10.1,19.6,8.2,19.3,13.5,30.3,23.7,14.2,25.1,17.8,37.2,36.4,17.9,42.9,5.0,40.1,22.7,6.8,36989.0,14485.0,408.0,0.2841114926059098,0.0,0.1907594149612047,0.1907594149612047,0.1907594149612047,0.2884911730514477,0.2884911730514477,0.593690015950688,18.526802804520297,53446.70607477899,1.1030306307280542,Mississippi,Monroe County,5494.0,51231.0,52338.85303738949,-51886.38463496594,9966.371169392387
30037,Golden Valley,MT,11.9,11.9,17.6,7.5,17.4,9.5,23.5,16.2,12.5,20.9,12.5,32.9,24.3,13.2,32.8,4.1,34.1,12.4,5.3,884.0,363.0,89.0,0.0,0.0,1.0,1.0,1.0,1.0,0.0,1.0,14.5027624309392,47750.0,10.06787330316742,Montana,Golden Valley County,151.0,57353.0,52551.5,-79669.1483004487,24965.665752054167
22069,Natchitoches,LA,9.3,11.0,20.4,8.5,19.8,14.8,30.2,27.4,25.5,26.7,20.9,37.0,32.4,18.1,42.4,5.6,40.8,21.1,7.4,39566.0,15614.0,2190.0,0.5149623414042359,0.0,0.6083758782793307,0.8061214173785574,0.3172168023050093,0.5300763281605418,0.5300763281605418,0.8908911691856645,34.21182873047049,44467.69291816206,5.535055350553505,Louisiana,Natchitoches Parish,8377.0,46798.0,45632.84645908103,-50475.779719319195,12083.326321061515
51720,Norton,VA,10.6,11.8,19.8,9.3,20.1,13.1,21.8,19.2,19.5,23.9,14.4,35.3,30.2,16.9,40.7,4.8,38.5,24.5,6.4,3958.0,1750.0,68.0,1.0,0.0,1.0,1.0,1.0,1.0,1.0,1.0,29.3519695044473,41652.0,1.7180394138453765,Virginia,Norton city,917.0,38497.0,40074.5,-76837.8393836754,23537.698994979695
19053,Decatur,IA,8.5,10.4,15.8,7.3,18.0,10.6,24.0,15.1,13.9,19.7,11.6,34.1,26.8,12.8,41.7,3.7,34.2,10.6,4.8,8457.0,3223.0,663.0,0.0,0.0,0.0,0.0,0.0,0.4524062906468015,0.4524062906468015,1.0,19.913799885998177,57183.137755705335,7.839659453706989,Iowa,Decatur County,1067.0,57146.0,57164.56887785267,-72783.3502139856,21058.53324867792
18017,Cass,IN,13.0,11.1,17.5,8.3,18.7,12.7,25.0,18.8,11.1,23.2,14.2,33.9,29.8,14.5,47.3,4.1,36.7,21.1,5.7,38966.0,14858.0,1066.0,0.463891597803213,0.0,0.1832366678642919,0.2375917466509264,0.1832366678642919,0.1181542883539496,0.2429810604116409,0.3120925935430888,14.54441035201101,60027.99971770261,2.7357183185341065,Indiana,Cass County,4674.0,56525.0,58276.499858851304,-44612.60651581753,10880.217592684687
13073,Columbia,GA,10.4,9.6,12.9,5.0,11.8,10.7,22.7,12.5,9.1,15.8,11.5,35.6,23.7,10.4,32.8,3.0,35.6,14.6,4.0,124053.0,44898.0,640.0,0.7841245274197319,0.0,0.0,0.0335501761343941,0.0,0.0,0.0984659782512313,0.0335501761343941,8.825583573652937,89242.31005296123,0.5159085229700209,Georgia,Columbia County,10805.0,96122.0,92682.1550264806,14363.722710775852,-24629.484159903903
2020,Anchorage,AK,9.5,10.6,13.2,5.2,14.1,8.8,25.0,12.8,9.0,17.5,12.0,33.8,20.0,11.0,35.0,3.0,34.7,13.6,4.2,291826.0,107332.0,8450.0,0.961586698923331,0.0,0.0930965712445087,0.291252321588892,0.0930965712445087,0.1317600213826047,0.2160465482856222,0.291252321588892,9.29249924803828,99200.80400992373,2.8955610535044856,Alaska,Anchorage Municipality,26226.0,98152.0,98676.40200496186,121558.43174219987,-56703.11820066019
31145,Red Willow,NE,9.4,9.6,13.5,6.1,15.0,9.6,20.9,13.4,9.7,16.4,10.3,29.8,27.8,11.8,42.5,3.2,32.1,17.0,4.3,11055.0,4663.0,369.0,0.7550429669832655,0.0,0.3011307100859339,0.3011307100859339,0.3011307100859339,0.0,0.4539122568973315,0.3011307100859339,9.44012025099787,57472.39918588874,3.337856173677069,Nebraska,Red Willow County,1449.0,60000.0,58736.199592944366,-70574.82241924686,19847.83270819664
27029,Clearwater,MN,9.4,10.7,16.4,6.4,19.4,10.0,24.2,15.9,12.2,19.6,12.3,32.7,26.6,12.6,34.7,3.7,31.9,9.3,4.9,8695.0,3527.0,115.0,0.0,0.0,0.6908568142610696,0.6908568142610696,0.0,0.3660724554341575,0.3660724554341575,1.0,16.882246435912144,60554.59194939621,1.3225991949396203,Minnesota,Clearwater County,940.0,64934.0,62744.29597469811,-72945.31351869223,21376.721332037418
31175,Valley,NE,9.1,9.5,13.2,6.1,14.9,9.5,20.4,13.0,9.9,16.2,9.9,31.4,25.9,11.4,42.2,3.2,31.1,9.3,4.2,4260.0,1922.0,49.0,0.0,0.0,0.0,0.0,0.0,0.0,0.0,0.0,10.5507404610967,69673.33568075117,1.1502347417840375,Nebraska,Valley County,373.0,58902.0,64287.66784037559,-76585.81023074454,23148.22217113363
36119,Westchester,NY,8.0,9.3,10.8,4.1,9.3,8.8,22.7,13.1,10.1,13.9,12.8,31.8,21.0,9.4,25.9,2.8,35.9,8.4,4.0,949113.0,347232.0,28704.0,0.9525957393903572,0.0086470209553551,0.0029543373655191,0.0576222220114991,0.0029543373655191,0.0243269241913239,0.1532420270294475,0.2226489364280122,9.394420787204556,127455.76042684064,3.0242974229622814,New York,Westchester County,86670.0,118411.0,122933.38021342031,664014.9783750686,-181889.4498184503
29041,Chariton,MO,9.5,10.7,19.5,7.9,18.9,10.4,20.0,14.4,11.8,20.6,12.6,31.3,29.3,14.5,38.8,3.8,37.8,23.5,4.9,7831.0,3242.0,213.0,0.0,0.0,0.0,0.0,0.0,0.0,0.0,0.0,11.95917417493865,61691.4745243264,2.7199591367641425,Missouri,Chariton County,850.0,63307.0,62499.237262163195,-73500.33978436574,21168.489137572553
48407,San Jacinto,TX,18.8,10.7,18.6,7.9,18.0,12.7,23.8,15.7,12.8,25.1,12.8,34.0,30.5,16.1,39.1,4.7,40.2,14.6,6.6,26384.0,10096.0,128.0,0.0,0.0,0.0,0.0,0.0,0.0,0.0,0.4296922377198302,14.88872888535434,57913.64330654943,0.4851425106124924,Texas,San Jacinto County,4928.0,59526.0,58719.82165327472,-56394.10901936445,15676.640881112471
22057,Lafourche,LA,9.6,10.2,20.2,8.3,19.4,12.7,29.2,22.2,18.1,23.3,16.4,36.1,31.7,16.4,47.2,4.6,42.3,19.5,6.2,96318.0,35486.0,1625.0,0.6201644552420108,0.0,0.0811997757428518,0.1038227537947216,0.0811997757428518,0.0226229780518698,0.3835835461699786,0.1262069395128636,15.624726591290036,66454.49156959238,1.687119749164227,Louisiana,Lafourche Parish,16947.0,63439.0,64946.74578479619,-2017.8143136696017,-15285.770054378354
24001,Allegany,MD,9.8,11.4,16.9,8.3,18.8,11.3,25.9,19.3,17.3,21.6,15.3,36.1,30.7,13.6,37.4,4.0,42.5,19.2,5.2,75087.0,29177.0,7924.0,0.6151131354295684,0.0,0.4420205894495718,0.6098925246713812,0.3925046945543169,0.3754711201672726,0.3754711201672726,0.9217441101655413,16.498902805414126,59629.15707113082,10.55309174690692,Maryland,Allegany County,10541.0,57393.0,58511.07853556541,-17866.161157874463,-11974.399238534079
17047,Edwards,IL,8.9,11.0,16.4,8.1,17.9,10.7,25.2,16.8,17.5,20.5,13.4,34.8,25.0,13.7,40.3,3.9,36.3,16.1,5.1,6721.0,2840.0,52.0,0.0,0.0,0.3584288052373158,0.3584288052373158,0.0,0.0,0.0,0.6762386549620593,10.306432947733873,65651.12111292963,0.7736943907156673,Illinois,Edwards County,1030.0,59386.0,62518.560556464814,-74587.6146099483,21740.763466084984
20021,Cherokee,KS,10.1,11.0,17.9,7.9,19.3,10.6,22.4,16.4,10.7,21.0,13.4,32.5,28.8,14.5,43.7,4.0,37.0,14.3,5.2,21603.0,8625.0,202.0,0.7535527473036152,0.0,0.5767717446650928,0.5767717446650928,0.5767717446650928,0.3649956024626209,0.3649956024626209,0.8232189973614775,13.818419796128854,52773.43206961996,0.935055316391242,Kansas,Cherokee County,2476.0,58274.0,55523.71603480998,-61405.50547134296,15229.554830745965
26073,Isabella,MI,7.9,12.1,17.4,8.8,18.6,11.6,22.9,18.5,19.0,21.4,14.0,35.1,27.3,14.5,43.1,4.2,35.6,17.4,5.6,70311.0,25586.0,6540.0,0.53608965880161,0.0,0.1252008931746099,0.4259930878525408,0.1252008931746099,0.1423674816173856,0.1423674816173856,0.5329180355847591,29.345553629941485,66233.24330474605,9.301531766011008,Michigan,Isabella County,13723.0,53759.0,59996.121652373025,-19452.27383301199,-6269.204172915703
27127,Redwood,MN,9.0,10.4,15.4,5.8,17.1,10.0,22.2,14.7,10.9,17.7,11.4,32.3,24.3,11.4,36.9,3.4,29.3,14.4,4.5,16059.0,6580.0,373.0,0.3429852419204184,0.0,0.2495796749486269,0.4550719222865683,0.1374929945824771,0.0,0.0,0.6283703842082321,11.461557830823653,65607.8399028582,2.3226850986985497,Minnesota,Redwood County,1812.0,67024.0,66315.9199514291,-66927.20141263252,17751.996521611913
30001,Beaverhead,MT,10.1,11.1,15.1,6.2,14.2,8.4,21.6,12.6,9.1,17.3,10.3,30.8,19.9,11.1,29.3,3.3,31.4,11.4,4.4,9246.0,4014.0,444.0,0.4769630110317975,0.0,0.0,0.4769630110317975,0.0,0.0,0.0,0.4769630110317975,16.238223031963862,69562.07873675103,4.802076573653471,Montana,Beaverhead County,1347.0,58072.0,63817.03936837552,-72196.11312124107,20868.723320116296
45019,Charleston,SC,9.7,8.8,12.4,5.0,10.6,10.0,21.7,12.8,7.3,14.8,10.8,30.5,19.6,10.7,29.9,3.0,30.6,9.6,4.1,350209.0,144309.0,10331.0,0.8411405760560122,0.0,0.1573346201839473,0.276517736551602,0.1573346201839473,0.1974449542987187,0.3236895682292574,0.362754812126473,15.624632622152284,83512.14488205615,2.94995274250519,South Carolina,Charleston County,47041.0,84320.0,83916.07244102808,173620.39071936326,-99136.94497653603
19081,Hancock,IA,8.0,10.0,14.6,6.3,16.3,9.6,24.8,12.6,10.4,17.9,10.1,34.1,26.5,11.2,42.5,3.1,34.1,7.3,4.0,11341.0,4741.0,185.0,0.0,0.0,0.0,0.0,0.0,0.0,0.0,0.0,8.185551849342604,70596.18208270875,1.6312494489022131,Iowa,Hancock County,1272.0,70212.0,70404.09104135438,-70647.99352017429,19525.03649184525
48075,Childress,TX,20.8,9.6,16.8,6.7,15.9,12.0,23.8,15.7,12.8,23.5,12.8,34.0,29.8,14.5,37.3,4.2,41.3,22.8,6.0,7041.0,2326.0,1418.0,0.7016048856696492,0.0,0.7016048856696492,0.7016048856696492,0.7016048856696492,0.7016048856696492,0.7016048856696492,0.7016048856696492,13.665543800605874,56577.73228234626,20.13918477488993,Texas,Childress County,525.0,60333.0,58455.36614117313,-73920.88128295755,23557.922106764552
39081,Jefferson,OH,8.5,11.9,16.3,8.2,18.6,12.0,22.1,15.5,13.7,20.5,12.5,37.5,29.5,13.5,43.1,3.7,43.4,20.3,4.8,69709.0,29109.0,2212.0,0.5659957824671132,0.0,0.2350772497095066,0.3392244903814428,0.1907788090490467,0.2613292401268129,0.2613292401268129,0.5454819320317319,19.267477896506005,55936.85113830352,3.173191410004447,Ohio,Jefferson County,10603.0,56983.0,56459.92556915176,-19931.73228618328,-10038.464551149973
28115,Pontotoc,MS,12.8,9.8,18.6,7.8,17.9,12.2,27.9,20.1,10.8,23.4,15.4,36.7,33.5,15.8,38.8,4.4,35.8,20.3,6.0,29957.0,11172.0,236.0,0.1866675568314584,0.0,0.1547885302266582,0.1547885302266582,0.0,0.0,0.4845278232132723,0.5154721767867276,19.13309888936042,49850.10001001436,0.7877958407050105,Mississippi,Pontotoc County,4626.0,52741.0,51295.55000500718,-54149.84989274032,13479.543431706024
8067,La Plata,CO,9.1,11.2,14.0,5.2,11.9,7.5,23.8,15.7,12.8,14.3,12.8,34.0,15.3,9.6,20.8,2.8,28.3,7.2,4.0,51334.0,21100.0,1715.0,0.3517746522772431,0.0,0.0,0.0,0.0,0.0,0.0,0.1086024856820041,8.785736270116816,87654.6619004948,3.3408657030428177,Colorado,La Plata County,6755.0,85296.0,86475.3309502474,-37708.025908495074,5871.906171929011
56011,Crook,WY,10.2,10.3,14.2,5.7,13.7,8.4,23.8,15.7,12.8,15.7,12.8,34.0,22.4,10.3,32.1,2.8,31.4,10.5,3.7,7083.0,2921.0,34.0,0.0,0.0,0.0,0.0,0.0,0.0,0.0,0.0,6.7530465603071566,76166.27671890442,0.48002258929832,Wyoming,Crook County,451.0,71209.0,73687.63835945222,-74412.07861241796,21634.94092682152
39109,Miami,OH,7.5,10.9,14.1,6.6,15.5,10.3,21.5,12.0,9.4,16.5,10.4,35.0,24.6,11.1,33.3,3.0,37.5,17.2,3.8,102506.0,40917.0,1055.0,0.6224903908063918,0.0,0.0381245975845316,0.1596589467933584,0.0381245975845316,0.0,0.2455368466236122,0.1596589467933584,9.52794278399124,74865.6351140421,1.029208046358262,Ohio,Miami County,9345.0,74175.0,74520.31755702104,7472.8817473420495,-27540.09222385111
28155,Webster,MS,11.2,9.7,17.8,7.2,17.1,11.3,27.2,17.9,9.6,20.9,14.0,36.9,30.6,14.9,36.3,4.0,35.8,13.0,5.4,10253.0,4060.0,56.0,0.0,0.0,0.0,0.0,0.0,0.0,0.0,0.5569101726324003,24.897495818642337,51700.80210670048,0.5461816053837901,Mississippi,Webster County,1481.0,59964.0,55832.40105335024,-71967.68677726765,20683.217789391852
34019,Hunterdon,NJ,7.3,8.8,10.3,3.8,8.9,7.0,20.9,8.4,4.5,12.3,8.1,33.1,17.9,7.6,26.0,2.1,33.0,5.4,2.9,128349.0,47169.0,4569.0,0.3657060047215015,0.0,0.0,0.0356917467218287,0.0,0.0,0.040654777209016,0.0356917467218287,4.7369613765380425,141445.1989341561,3.559825164200734,New Jersey,Hunterdon County,4894.0,139453.0,140449.09946707805,19765.80874126972,-36558.16859098646
31105,Kimball,NE,12.7,9.7,15.1,7.1,17.9,10.9,22.9,17.1,12.8,19.4,12.6,31.8,30.9,13.4,42.5,3.8,34.3,15.9,5.3,3821.0,1673.0,48.0,0.0,0.0,0.0,0.0,0.0,0.0,0.0,0.0,9.45121951219512,61577.0,1.2562156503533106,Nebraska,Kimball County,362.0,59438.0,60507.5,-76969.24059197024,23598.85387970528
40045,Ellis,OK,11.3,11.2,17.7,7.3,17.3,10.6,24.7,16.7,13.7,19.7,13.1,33.4,30.7,14.7,40.1,3.7,36.4,24.0,5.3,4151.0,1782.0,46.0,0.0,0.0,0.7157311491206938,0.7157311491206938,0.0,0.0,0.0,0.7157311491206938,18.0843587475875,61245.9669959046,1.1081667068176344,Oklahoma,Ellis County,504.0,56992.0,59118.9834979523,-76590.83863750445,23449.304125612747
36077,Otsego,NY,6.3,11.4,13.8,6.4,14.0,9.0,23.9,13.9,13.4,16.8,12.5,33.2,23.8,11.5,32.1,3.4,37.2,11.9,4.4,62259.0,24620.0,5320.0,0.3072648131193883,0.0403957660739812,0.4014198750381471,0.4014198750381471,0.1889686631651648,0.3284183812782087,0.4912703384249666,0.6298366501228738,14.641471788424182,68852.75009235613,8.54494932459564,New York,Otsego County,7741.0,67086.0,67969.37504617806,-26641.224721767983,-5853.332039882556
16087,Washington,ID,14.1,11.3,19.2,7.5,16.0,10.7,22.1,18.5,14.4,21.5,14.5,30.0,26.9,15.8,33.8,4.4,34.0,19.3,6.3,10198.0,4034.0,119.0,0.0,0.0,0.0,0.0,0.0,0.380368699745048,0.380368699745048,0.8377132771131595,15.68406260076307,47459.16777799569,1.1668954696999414,Idaho,Washington County,1640.0,53608.0,50533.58388899785,-70565.34795270408,22145.158965338236
36093,Schenectady,NY,6.4,11.1,12.7,5.6,12.5,8.9,24.9,14.7,12.9,15.6,13.3,34.2,21.9,11.0,34.6,3.2,39.6,13.1,4.3,154727.0,62886.0,4434.0,0.9063317972945898,0.0098043651075765,0.0098043651075765,0.2746256309499958,0.0098043651075765,0.2011478281101553,0.3522720662844881,0.4055465432665275,12.113624969386962,81720.01260284243,2.865692477718821,New York,Schenectady County,19384.0,76989.0,79354.5063014212,41233.67204753436,-36477.79712113057
41025,Harney,OR,9.5,12.9,18.5,8.0,17.0,11.0,23.8,15.7,12.8,22.1,12.8,34.0,24.0,14.4,39.0,4.1,35.7,17.2,5.5,7422.0,3205.0,127.0,0.7115332794395042,0.0,0.7115332794395042,0.7115332794395042,0.7115332794395042,0.0,0.0,0.7115332794395042,16.529040338187716,52139.81325788197,1.71112907572083,Oregon,Harney County,942.0,48338.0,50238.90662894098,-73788.0764338227,21920.083513085134
56017,Hot Springs,WY,11.8,10.8,16.0,7.0,15.9,10.0,23.8,15.7,12.8,19.3,12.8,34.0,25.2,12.5,35.5,3.7,31.9,18.2,4.8,4812.0,2185.0,86.0,0.6142975893599335,0.0,0.0,0.0,0.0,0.0,0.0,0.0,14.477840098190688,70171.58437240233,1.7871986699916875,Wyoming,Hot Springs County,618.0,64375.0,67273.29218620117,-76275.21789999715,22894.82306193633
51089,Henry,VA,12.1,11.9,19.3,8.4,18.7,13.4,24.5,21.2,19.8,24.5,16.6,36.1,30.4,16.5,42.2,4.9,41.0,17.6,6.5,54151.0,23151.0,561.0,0.4086720466842717,0.0,0.4086720466842717,0.4086720466842717,0.4086720466842717,0.5259182655906631,0.5259182655906631,1.0,20.27139385821737,46270.13717198205,1.035991948440472,Virginia,Henry County,7315.0,48445.0,47357.56858599103,-35814.10759744399,4240.498451060452
13105,Elbert,GA,15.2,10.8,17.7,7.7,18.3,13.3,26.1,22.4,19.2,23.6,18.2,39.0,30.8,15.5,38.3,4.8,40.8,18.8,6.5,20166.0,8063.0,220.0,0.2010810274719825,0.0,0.4911236735098681,0.4911236735098681,0.2010810274719825,0.8566894773380939,0.8566894773380939,1.0,18.99461040103455,47099.2619756025,1.0909451552117426,Georgia,Elbert County,3989.0,49727.0,48413.130987801254,-64500.44835314424,17996.188991453782
13243,Randolph,GA,17.8,12.3,21.0,10.3,22.6,18.9,29.8,37.3,38.1,32.2,28.9,40.7,39.5,22.0,46.5,8.1,45.2,34.1,10.5,7719.0,3187.0,308.0,0.7541132271019562,0.0,0.7541132271019562,0.7541132271019562,0.7541132271019562,1.0,1.0,1.0,37.16723989877253,34621.12462754243,3.990154165047286,Georgia,Randolph County,1628.0,25425.0,30023.062313771217,-75324.36477486821,23181.519255558895
2090,Fairbanks North Star,AK,9.5,10.0,13.0,5.0,14.3,8.3,25.3,11.2,7.8,16.5,10.5,32.9,21.8,10.1,35.8,2.8,36.8,11.5,3.9,97581.0,36441.0,4313.0,0.6309732427419272,0.0,0.0426824894190467,0.1177893237413021,0.0426824894190467,0.0896793433147846,0.2207396931779752,0.2012379459116016,8.215028829671551,87242.06836371835,4.419917811869114,Alaska,Fairbanks North Star Borough,5669.0,84722.0,85982.03418185917,-7326.5471563785395,-10412.3825596055
37117,Martin,NC,12.6,12.2,18.8,8.0,18.2,13.1,26.9,23.9,21.6,23.8,18.9,37.0,28.6,16.6,40.4,5.2,38.9,25.2,6.9,24505.0,10318.0,156.0,0.1871454805141807,0.0,0.1871454805141807,0.1871454805141807,0.1871454805141807,0.4219138951234442,0.4219138951234442,0.7797592328096307,18.11919146723159,48644.399387880025,0.636604774535809,North Carolina,Martin County,4186.0,46793.0,47718.69969394001,-63433.99075002967,17061.66649580962
17105,Livingston,IL,9.3,10.6,14.9,6.9,15.7,9.9,25.8,15.4,14.8,18.8,13.0,35.3,23.9,12.3,36.0,3.4,37.5,13.6,4.5,38950.0,14613.0,3390.0,0.4362002567394095,0.0,0.1911424903722721,0.1911424903722721,0.1911424903722721,0.11599486521181,0.2249807445442875,0.1911424903722721,13.48498181400919,70109.15055198973,8.703465982028241,Illinois,Livingston County,3380.0,70796.0,70452.57527599487,-47210.65117850535,6355.847629161737
13271,Telfair,GA,23.4,10.7,20.9,10.2,22.9,17.6,29.6,33.6,31.1,32.1,25.1,40.5,39.0,20.5,42.9,7.3,43.3,31.2,9.9,16500.0,5543.0,3127.0,0.6846666666666666,0.0,0.892969696969697,0.892969696969697,0.6846666666666666,0.6846666666666666,0.6846666666666666,0.892969696969697,28.417470519450575,36627.736,18.951515151515153,Georgia,Telfair County,3026.0,44948.0,40787.868,-67918.42288144569,21001.008973102125
29133,Mississippi,MO,13.2,11.7,23.0,10.5,24.2,14.1,24.5,25.2,23.5,29.4,20.2,36.1,39.8,20.0,47.7,5.7,44.6,29.7,7.6,14358.0,5180.0,1874.0,0.5940938849421925,0.0,0.0,0.5940938849421925,0.0,0.0,0.0,1.0,24.994766729652103,40108.18331243906,13.051957097088732,Missouri,Mississippi County,2454.0,46258.0,43183.091656219534,-68509.89757581326,19236.33388122442
48005,Angelina,TX,19.4,11.1,18.2,7.7,17.4,13.0,23.8,15.7,12.8,27.5,12.8,34.0,32.5,18.0,41.0,4.8,42.6,18.2,6.7,86771.0,31090.0,2953.0,0.4612831475953948,0.0,0.217699461801754,0.2556384045360777,0.1832524691429164,0.1712784225144345,0.3170990307821738,0.50257574535271,18.421917820697914,58784.81320948243,3.403210750135414,Texas,Angelina County,13707.0,58847.0,58815.90660474122,-3136.102568628543,4373.521560056142
51149,Prince George,VA,10.7,10.7,15.9,6.2,14.7,12.3,24.4,16.6,13.9,20.0,14.6,35.4,25.8,13.6,39.7,3.8,42.0,13.0,5.1,35725.0,11451.0,4772.0,0.4245206438068579,0.1422813156053184,0.4245206438068579,0.4245206438068579,0.4245206438068579,0.0,0.312554233729881,0.4245206438068579,11.009855108145487,79029.79535339399,13.357592722183345,Virginia,Prince George County,2878.0,88225.0,83627.397676697,-56589.40474264855,13006.995391652823
20149,Pottawatomie,KS,7.9,9.8,13.7,5.4,13.7,8.5,20.3,9.9,5.5,14.2,9.6,30.9,23.1,10.3,35.8,2.7,35.4,12.1,3.5,21604.0,7878.0,299.0,0.0,0.0,0.0,0.0,0.0,0.0,0.0,0.0,9.586045550611244,76013.78448435475,1.3840029624143677,Kansas,Pottawatomie County,1810.0,87694.0,81853.89224217738,-61601.69208604117,14946.234161035982
39033,Crawford,OH,9.1,11.2,16.6,8.4,19.0,11.5,22.2,15.6,13.6,19.9,12.4,36.1,30.2,13.5,39.5,3.8,41.4,14.5,4.9,43784.0,18099.0,579.0,0.674355929106523,0.0,0.2217705097752603,0.4641421523844327,0.2217705097752603,0.2885985748218527,0.3517494975333455,0.5148684450940983,14.818445510330127,55104.37027224557,1.322400877032706,Ohio,Crawford County,5416.0,55477.0,55290.68513612279,-40622.60990685661,2244.3043351220767
56027,Niobrara,WY,12.0,11.3,16.9,7.3,16.8,9.8,23.8,15.7,12.8,19.3,12.8,34.0,27.9,13.1,36.6,3.7,32.8,17.2,4.9,2484.0,1069.0,214.0,0.0,0.0,1.0,1.0,0.0,0.0,0.0,1.0,16.1441272812354,47083.0,8.61513687600644,Wyoming,Niobrara County,386.0,48987.0,48035.0,-78206.42858966925,24123.36636888034
26067,Ionia,MI,7.9,11.2,15.8,7.3,16.4,9.9,24.3,15.3,13.9,18.5,12.3,34.0,24.3,12.0,40.1,3.4,35.9,13.9,4.5,63905.0,22144.0,5524.0,0.3621782333150771,0.0588999295829747,0.0587121508489163,0.1018699632266645,0.0587121508489163,0.0587121508489163,0.3125733510679915,0.1475627885142007,11.95322368401234,64053.06573820515,8.644081057820202,Michigan,Ionia County,7186.0,73436.0,68744.53286910258,-25027.421807730083,-5165.144339395738
31111,Lincoln,NE,10.6,9.9,14.1,6.5,15.5,10.2,22.3,14.5,10.6,17.2,10.9,30.7,27.5,12.0,40.1,3.5,37.2,9.4,4.7,36288.0,15025.0,642.0,0.5457451499118166,0.0,0.0,0.0,0.0,0.1555059523809523,0.5751488095238095,0.1555059523809523,12.436741233924518,72744.40015983245,1.7691798941798942,Nebraska,Lincoln County,4278.0,64342.0,68543.20007991622,-48264.865653457164,8363.078722144153
17067,Hancock,IL,7.9,10.5,14.5,6.8,15.3,9.7,24.0,13.7,13.5,17.8,11.5,33.9,22.9,11.9,38.9,3.3,35.6,10.1,4.3,19104.0,8040.0,223.0,0.3202470686767169,0.0,0.4913630653266331,0.4913630653266331,0.1778685092127303,0.0,0.0,0.6245288944723618,11.94404285080452,64304.99204355109,1.1672948073701843,Illinois,Hancock County,2182.0,65044.0,64674.49602177554,-63574.13983283403,15051.818677560472
27021,Cass,MN,8.2,10.6,15.1,5.9,17.8,10.0,21.9,14.4,11.0,18.0,11.5,29.2,25.5,11.9,36.9,3.4,37.9,11.0,4.5,28567.0,11948.0,223.0,0.0,0.0,0.3078027094199601,0.3078027094199601,0.0,0.1085518255329576,0.1085518255329576,0.8460461371512584,14.63877934119644,59876.02782931354,0.7806209962544194,Minnesota,Cass County,3861.0,64937.0,62406.51391465677,-56749.43154802451,12175.277468208706
29173,Ralls,MO,9.5,10.8,19.7,8.1,19.3,10.4,20.1,14.5,11.8,20.9,12.6,32.6,29.9,14.7,39.7,3.8,37.9,17.2,4.9,10167.0,4091.0,54.0,0.0,0.0,0.0,0.0,0.0,0.0,0.0,0.0,12.400806550734735,67513.93567424019,0.5311301268810859,Missouri,Ralls County,1302.0,62054.0,64783.96783712009,-71544.05866125898,19937.695674544368
38101,Ward,ND,7.6,10.0,12.6,5.1,13.3,8.8,20.7,10.4,6.3,15.0,9.3,30.6,22.7,9.9,34.7,2.8,39.6,11.7,3.7,61675.0,25029.0,2685.0,0.7774787190920146,0.0,0.0895176327523307,0.1396513984596676,0.0895176327523307,0.0501337657073368,0.1642480745845156,0.1396513984596676,9.400285678096411,85404.52799351439,4.353465747871909,North Dakota,Ward County,5255.0,79273.0,82338.76399675719,-29432.613650339328,-4082.262397421204
13189,McDuffie,GA,14.8,11.1,17.7,7.7,17.8,13.8,27.1,24.0,21.1,24.0,19.5,40.1,30.8,16.0,39.1,5.0,40.3,16.7,6.7,21875.0,8289.0,318.0,0.0,0.0,0.0,0.0,0.0,0.3911771428571428,0.3911771428571428,0.8970057142857143,25.065909750427934,49405.89152,1.4537142857142855,Georgia,McDuffie County,4052.0,54058.0,51731.94576,-64257.32808306764,17537.62710591048
48403,Sabine,TX,14.0,11.0,17.7,7.6,17.3,11.1,23.8,15.7,12.8,22.1,12.8,34.0,27.2,14.6,35.8,4.1,39.4,20.2,5.5,10834.0,4738.0,79.0,0.0,0.0,0.4712940742108178,0.4712940742108178,0.0,0.0,0.0,1.0,21.2250529170843,46426.39717555843,0.7291858962525383,Texas,Sabine County,1414.0,59924.0,53175.19858777922,-70614.35262592419,20258.063396768357
23019,Penobscot,ME,8.8,13.4,17.6,7.3,16.2,9.5,24.3,12.5,17.1,19.6,11.3,35.8,25.0,12.7,38.3,3.3,36.3,17.7,4.3,153923.0,62966.0,7318.0,0.3763700031834099,0.031223403909747,0.1543888827530648,0.2256063096483306,0.1178056560747906,0.2237352442454993,0.3303729786971408,0.4304619842388726,16.32079957852382,63893.1731255238,4.75432521455533,Maine,Penobscot County,19846.0,63248.0,63570.5865627619,53704.1262438556,-54214.661011690376
48371,Pecos,TX,31.3,8.7,18.3,6.2,15.7,16.0,23.8,15.7,12.8,30.4,12.8,34.0,37.3,17.6,39.9,5.6,40.3,15.7,9.2,15507.0,4894.0,2025.0,0.8463274650157994,0.0,0.2093248210485587,0.2093248210485587,0.2093248210485587,0.0,0.0,0.2093248210485587,12.056981299695122,66095.99696911073,13.0586186883343,Texas,Pecos County,3445.0,67689.0,66892.49848455537,-63408.98801035284,26649.759978331305
27155,Traverse,MN,9.2,10.4,15.1,5.7,16.8,9.7,22.6,14.0,10.3,17.5,11.5,31.4,25.2,11.6,39.3,3.4,32.4,9.7,4.4,3558.0,1524.0,100.0,0.0,0.0,0.0,0.0,0.0,0.0,0.0,1.0,11.00662044423952,61661.57448004497,2.810567734682406,Minnesota,Traverse County,321.0,65931.0,63796.28724002249,-77410.44962855682,23527.466617420796
13101,Echols,GA,20.0,9.7,16.9,6.8,16.0,12.3,25.4,19.7,14.2,22.7,16.3,37.8,30.1,14.1,37.8,4.2,38.1,18.4,6.1,4034.0,1329.0,0.0,0.0,0.0,0.0,0.0,0.0,0.0,0.0,0.5800694100148736,26.37741531552872,47528.80515617254,0.0,Georgia,Echols County,458.0,61723.0,54625.90257808627,-76558.57576874239,24828.087969046803
37175,Transylvania,NC,8.6,10.6,14.7,6.1,13.1,8.9,20.0,11.4,9.1,15.9,9.7,31.3,19.7,11.1,34.4,3.1,32.0,11.6,4.1,33090.0,14394.0,1070.0,0.3673012994862496,0.0,0.0,0.0,0.0,0.3032336053188274,0.3032336053188274,0.3789664551223934,14.592515899005,55543.81027500755,3.2336053188274403,North Carolina,Transylvania County,4576.0,64523.0,60033.405137503774,-50908.79781619933,9096.544039830955
49049,Utah,UT,9.5,9.8,13.9,4.4,7.0,8.8,18.5,10.4,5.6,13.9,9.1,32.9,15.6,10.0,31.6,2.7,31.8,8.4,3.9,516564.0,140602.0,13912.0,0.9253703316529994,0.0072188538109508,0.0619748956566853,0.2683907511944309,0.0619748956566853,0.0069381528716674,0.0186211195514979,0.3091640145267575,12.730519898047543,77781.59143687907,2.693180322283396,Utah,Utah County,58181.0,96877.0,87329.29571843953,393848.6290138055,-177026.87555860827
45079,Richland,SC,11.3,9.9,14.2,5.7,11.9,13.0,25.5,18.5,12.5,19.4,16.6,34.2,22.2,14.0,35.8,4.2,42.3,13.4,5.6,384504.0,145194.0,32002.0,0.9156315669017748,0.0543505399163597,0.2303227014543411,0.3341213615463038,0.2303227014543411,0.2455058985082079,0.3960348917046377,0.367439610511204,18.318365880325448,70161.12286478165,8.322930320620852,South Carolina,Richland County,65996.0,61699.0,65930.06143239082,166201.32064729437,-86739.9906275003
5109,Pike,AR,12.0,10.3,19.9,8.2,17.9,11.4,26.9,19.2,12.0,24.4,15.0,34.9,32.4,15.9,38.2,4.3,40.9,15.7,5.9,11291.0,4457.0,196.0,0.0,0.0,0.4033300859091311,0.4033300859091311,0.0,0.4033300859091311,0.4033300859091311,0.7785847134886192,16.53401592965496,48802.89779470375,1.735895846249225,Arkansas,Pike County,1871.0,51000.0,49901.448897351875,-69878.03449720815,20528.66776674003
1119,Sumter,AL,11.8,11.7,19.2,8.5,18.8,18.2,30.2,34.1,29.9,29.4,25.7,38.0,35.7,20.5,50.0,6.8,48.3,29.8,8.8,13763.0,5629.0,718.0,0.0,0.0,0.1344183680883528,0.1344183680883528,0.0,0.9117198285257576,0.9117198285257576,1.0,31.47713562769557,43238.75121703117,5.216885853374991,Alabama,Sumter County,2801.0,37981.0,40609.875608515584,-72284.1228347769,21993.414824284777
17029,Coles,IL,8.5,10.9,15.4,7.5,16.2,10.4,24.5,16.1,16.8,19.5,13.1,34.6,24.0,13.3,39.4,3.8,38.3,15.6,4.9,53873.0,21463.0,4489.0,0.8763202346258794,0.0,0.478755591854918,0.7393499526664563,0.4230876320234626,0.4646297774395337,0.578285968852672,0.7393499526664563,24.3883955175356,60548.59398956806,8.332559909416592,Illinois,Coles County,7950.0,56040.0,58294.29699478403,-33492.609559562596,-1346.5456774307968
13287,Turner,GA,17.6,11.5,20.0,9.4,21.1,15.6,28.2,29.5,27.9,28.3,22.9,40.8,36.2,18.9,44.9,6.3,43.2,23.7,8.4,8930.0,3339.0,371.0,0.6082866741321389,0.0,0.6082866741321389,0.6082866741321389,0.6082866741321389,0.6082866741321389,0.6082866741321389,1.0,34.80587939667384,46623.73146696528,4.154535274356103,Georgia,Turner County,1869.0,39565.0,43094.36573348264,-74149.44776390257,22310.09842439517
53049,Pacific,WA,9.5,11.4,16.6,5.7,13.8,9.9,23.8,15.7,12.8,19.1,12.8,34.0,19.6,11.9,36.4,3.5,36.8,8.7,4.6,20920.0,9499.0,292.0,0.1134799235181644,0.0,0.3009082217973231,0.3009082217973231,0.1134799235181644,0.347131931166348,0.347131931166348,0.8816921606118547,17.41308458717831,59033.936806883365,1.395793499043977,Washington,Pacific County,2709.0,62350.0,60691.968403441686,-61654.411473164204,16978.971196519582
1099,Monroe,AL,12.8,11.3,20.3,9.0,20.4,15.6,29.2,29.6,24.7,28.7,21.5,38.2,34.7,19.3,43.9,5.8,45.6,20.4,7.8,23068.0,9214.0,230.0,0.0,0.0,0.2177041789491937,0.2177041789491937,0.0,0.7822958210508063,0.7822958210508063,1.0,30.861964320745187,47267.89335876539,0.9970521935148258,Alabama,Monroe County,4371.0,40225.0,43746.446679382694,-63443.13700534103,17137.85121259684
29121,Macon,MO,9.0,10.6,18.7,7.3,17.6,9.9,20.7,13.4,10.4,20.1,12.0,32.2,29.2,13.9,34.6,3.5,38.9,18.9,4.6,15566.0,6412.0,286.0,0.431067711679301,0.0,0.3499293331620198,0.3499293331620198,0.1752537581909289,0.1752537581909289,0.1752537581909289,0.7441860465116279,15.054278692569152,53893.81112681485,1.8373377874855452,Missouri,Macon County,1497.0,58318.0,56105.905563407425,-66106.31512234437,17351.748840156168
20073,Greenwood,KS,9.9,10.5,16.8,7.3,18.1,10.2,21.4,14.6,9.3,19.1,12.4,31.7,27.1,13.2,40.7,3.7,36.4,15.3,4.7,6689.0,2988.0,90.0,0.4135147256690088,0.0,0.0,0.4135147256690088,0.0,0.0,0.0,0.4135147256690088,12.35327158122069,56720.157273134995,1.3454925997907012,Kansas,Greenwood County,873.0,58276.0,57498.0786365675,-74356.12633284282,22037.55245436089
26009,Antrim,MI,6.1,11.2,14.3,6.4,14.1,8.8,21.9,11.9,10.9,15.9,9.9,31.7,20.8,10.6,36.4,2.9,32.2,9.0,3.8,23580.0,9890.0,226.0,0.0,0.0,0.0,0.0,0.0,0.0,0.0,0.2120441051738761,12.10523981436197,62461.87196776929,0.9584393553859204,Michigan,Antrim County,2239.0,71421.0,66941.43598388464,-59410.82386886198,13006.814093616222
1097,Mobile,AL,10.5,9.8,16.3,6.9,15.7,14.1,28.4,22.3,16.5,22.1,16.6,35.5,29.7,15.7,39.0,4.4,41.5,15.8,5.9,412992.0,158435.0,6808.0,0.737825430032543,0.0019152913373624,0.116091837130017,0.2805066441964977,0.116091837130017,0.1069245893382922,0.2320722919572292,0.4166545598946226,19.875344296624544,59717.560214241435,1.6484580815124747,Alabama,Mobile County,65948.0,58119.0,58918.28010712072,219759.27563021868,-125563.42091713275
18041,Fayette,IN,9.9,11.9,18.4,9.4,20.8,12.3,23.6,17.8,11.9,23.4,13.2,34.0,27.9,14.8,44.8,4.2,36.9,21.3,5.5,24277.0,9719.0,367.0,0.5627548708654282,0.0,0.3410223668492812,0.4468426906125139,0.3410223668492812,0.3410223668492812,0.3410223668492812,0.5627548708654282,18.752758530049352,52594.91419862421,1.5117189109033242,Indiana,Fayette County,3830.0,56659.0,54626.9570993121,-58290.52054748674,12532.385948057732
26023,Branch,MI,9.1,11.7,17.5,8.5,18.3,10.9,24.1,18.0,17.5,20.9,13.7,34.7,26.8,13.5,35.9,4.0,36.0,12.8,5.3,45248.0,16419.0,3148.0,0.3780498585572843,0.0,0.1689135431400283,0.1689135431400283,0.1689135431400283,0.3651211103253182,0.3651211103253182,0.44620756718529,15.199948948942057,59608.421477192365,6.957213578500707,Michigan,Branch County,6607.0,61958.0,60783.210738596186,-40079.40883680877,3581.054853328038
27067,Kandiyohi,MN,10.5,10.2,14.3,5.4,14.9,10.0,21.8,14.2,10.4,16.8,11.7,31.6,24.1,10.9,41.0,3.3,32.3,10.2,4.5,42239.0,16732.0,1058.0,0.5652832690167854,0.0,0.2337176543005279,0.3493217168967068,0.2337176543005279,0.2825824475011245,0.2825824475011245,0.3493217168967068,10.591272679839747,71916.90111034826,2.504794147588721,Minnesota,Kandiyohi County,4260.0,75097.0,73506.95055517413,-42043.903318067394,7177.286591890152
46065,Hughes,SD,7.6,10.3,13.0,5.0,14.0,9.0,23.8,15.7,12.8,14.2,12.8,34.0,20.9,9.8,33.9,2.7,28.0,5.8,3.7,17022.0,7066.0,772.0,0.8183527200093996,0.0,0.0,0.0,0.0,0.0,0.1800023499001292,0.0,11.202506324027892,89015.85436493949,4.535307249441899,South Dakota,Hughes County,1543.0,78981.0,83998.42718246975,-67365.28420558911,17487.876029171028
26001,Alcona,MI,7.2,11.7,16.4,7.8,17.0,9.9,22.8,15.2,14.9,18.7,11.9,33.2,24.7,12.4,39.1,3.5,36.2,8.9,4.6,10942.0,5089.0,127.0,0.0,0.0,0.0,0.0,0.0,0.0,0.0,0.8348565161762018,15.997404168975326,50201.81502467556,1.160665326265765,Michigan,Alcona County,1463.0,53568.0,51884.907512337784,-70497.98699577716,19493.95803740992
17071,Henderson,IL,8.3,10.5,15.0,7.0,15.9,9.8,25.1,14.3,14.1,18.4,11.8,34.7,22.9,12.1,38.7,3.3,36.8,13.5,4.4,7331.0,3149.0,51.0,0.0,0.0,0.0,0.0,0.0,0.0,0.0,0.7408266266539354,8.25793640767058,61325.76838084845,0.6956758968762788,Illinois,Henderson County,714.0,65651.0,63488.38419042423,-74051.02940599716,21411.857000179214
28087,Lowndes,MS,11.2,10.1,17.6,7.1,16.5,13.6,29.7,22.8,13.8,22.8,17.9,37.3,32.3,16.5,37.9,4.8,40.8,15.6,6.4,59779.0,23487.0,1318.0,0.5874638250890781,0.0,0.2724702654778433,0.366700680841098,0.2724702654778433,0.2397999297412134,0.3693604777597484,0.5114337810936951,23.079908164322184,58490.33734254504,2.2047876344535706,Mississippi,Lowndes County,9585.0,54460.0,56475.16867127252,-38711.56310342101,4101.985565390187
41007,Clatsop,OR,8.7,12.3,16.0,6.4,13.6,9.5,23.8,15.7,12.8,18.6,12.8,34.0,19.8,12.0,34.8,3.3,30.7,8.7,4.4,37039.0,15742.0,956.0,0.3597019357974027,0.0,0.0,0.0,0.0,0.0,0.222333216339534,0.0820486514214746,10.55238277655124,68865.97391938228,2.5810632036502064,Oregon,Clatsop County,5038.0,68705.0,68785.48695969113,-47461.91893929002,9438.44568245929
26045,Eaton,MI,6.6,11.5,14.3,6.2,13.6,9.3,22.4,12.9,11.5,16.4,11.1,32.5,22.7,10.9,38.8,2.9,32.8,7.5,3.9,107759.0,43494.0,1559.0,0.6206163754303585,0.0,0.0959455822715504,0.1248062806818919,0.0959455822715504,0.0684490390593825,0.1331953711522935,0.1248062806818919,10.577298554260723,75166.33657513525,1.446746907450886,Michigan,Eaton County,8305.0,78025.0,76595.66828756762,8703.402656383521,-23923.038344858494
27083,Lyon,MN,8.9,10.1,14.1,5.3,15.2,9.5,22.4,13.1,9.5,16.7,10.5,31.3,24.0,10.7,38.4,3.2,31.4,10.0,4.1,25857.0,10227.0,1092.0,0.5320416134895772,0.0,0.1696639207951425,0.3280349615191244,0.1696639207951425,0.1696639207951425,0.1696639207951425,0.4105658042309626,14.044250321300938,73391.63603666319,4.223227752639517,Minnesota,Lyon County,3076.0,72761.0,73076.3180183316,-58048.18510852974,13796.45441816393
1051,Elmore,AL,9.5,10.0,16.4,6.6,15.1,11.4,26.3,17.9,12.4,20.8,13.5,36.2,25.4,13.7,38.7,3.7,42.2,12.7,4.9,79303.0,28301.0,5483.0,0.2869374424674981,0.0,0.0821658701436263,0.0821658701436263,0.0821658701436263,0.0933760387375004,0.3966432543535553,0.2483890899461558,12.507465372819604,70297.83768583786,6.913988121508644,Alabama,Elmore County,8652.0,75553.0,72925.41884291894,-20318.056937352434,-9213.643305626098
39051,Fulton,OH,9.0,10.6,14.6,6.7,15.4,10.7,21.7,12.8,9.8,17.2,11.2,35.1,25.7,11.2,36.8,3.1,37.7,10.8,4.1,42698.0,16188.0,391.0,0.4759941917654223,0.0,0.0,0.0,0.0,0.0,0.0,0.0,9.356662398276518,69409.21359314253,0.915733758021453,Ohio,Fulton County,3640.0,72866.0,71137.60679657126,-42381.76427723353,5490.329181374294
27077,Lake of the Woods,MN,7.8,10.1,14.2,5.2,15.6,8.9,22.3,11.6,8.3,15.7,9.9,31.0,23.3,10.4,35.6,3.0,31.8,11.9,3.8,4045.0,1784.0,53.0,0.0,0.0,0.0,0.0,0.0,0.0,0.0,0.4187886279357231,9.398557616728205,66712.57058096415,1.3102595797280594,Minnesota,Lake of the Woods County,306.0,70091.0,68401.78529048208,-77026.5377805183,23260.87503293404
8061,Kiowa,CO,10.8,11.8,16.7,6.5,14.7,8.3,23.8,15.7,12.8,17.2,12.8,34.0,19.2,11.4,27.6,3.4,33.2,12.8,4.5,1398.0,619.0,14.0,0.0,0.0,1.0,1.0,1.0,1.0,0.0,1.0,11.2517580872011,47417.0,1.0014306151645207,Colorado,Kiowa County,170.0,56389.0,51903.0,-79147.16413324197,24714.206543014712
47027,Clay,TN,14.5,11.5,22.4,10.5,24.1,13.0,23.8,15.7,12.8,26.7,12.8,34.0,31.2,17.7,39.9,4.8,39.3,16.6,6.5,7861.0,3358.0,96.0,0.0,0.0,0.0,0.0,0.0,0.0,0.0,1.0,26.704935525694005,41976.39053555527,1.221218674468897,Tennessee,Clay County,1639.0,44712.0,43344.195267777635,-72848.23505095692,21394.682611126977
54107,Wood,WV,8.3,12.1,19.6,8.7,19.5,13.0,22.3,16.5,18.4,23.5,13.2,34.3,31.0,15.1,43.4,3.8,42.4,22.5,4.9,86956.0,36571.0,1046.0,0.7692051152306913,0.0,0.0853535121210727,0.3206564239385436,0.0853535121210727,0.196777680666084,0.3821817930907585,0.3588481530889185,16.80983957838516,58537.67304153825,1.2029072174433046,West Virginia,Wood County,12208.0,56193.0,57365.33652076912,-1665.7120946644573,-20218.26003244321
48465,Val Verde,TX,32.3,8.8,17.9,5.5,13.7,15.7,23.8,15.7,12.8,29.8,12.8,34.0,36.7,17.4,38.8,5.4,39.4,14.1,9.1,48879.0,15654.0,1945.0,0.808813600932916,0.0,0.462448086090141,0.545551259231981,0.462448086090141,0.2435197119417336,0.5066797602242272,0.6220667362261912,19.739990079653573,54413.812598457414,3.979213977372696,Texas,Val Verde County,8377.0,59673.0,57043.40629922871,-19793.728900286078,32126.931532327595
12081,Manatee,FL,14.6,9.3,14.6,6.0,13.1,10.1,23.8,15.7,12.8,17.8,12.8,34.0,23.0,11.8,32.7,3.3,40.5,10.1,4.8,322833.0,135729.0,4817.0,0.8527628835961627,0.0,0.1264306932686559,0.3197039955642701,0.1264306932686559,0.1011854426282319,0.1559939659204604,0.348018944779499,12.628746151691717,69785.61831039577,1.4921027280358576,Florida,Manatee County,42741.0,75792.0,72788.80915519789,206810.31640151702,-85261.88953033114
54103,Wetzel,WV,9.1,12.4,20.5,9.2,21.5,12.8,25.5,17.3,19.6,24.6,13.9,36.5,34.2,15.7,42.4,4.0,46.2,18.3,5.2,16583.0,6968.0,124.0,0.4766929988542483,0.0,0.7308689621901948,0.7308689621901948,0.4766929988542483,0.2151601037206778,0.2151601037206778,0.9144907435325332,23.189539303066095,54386.34553458361,0.7477537236929385,West Virginia,Wetzel County,2303.0,53341.0,53863.672767291806,-65072.84492008717,16450.423739422662
30013,Cascade,MT,10.2,12.4,16.1,6.5,15.1,8.8,23.0,13.6,9.6,19.4,10.5,34.3,22.5,12.2,35.9,3.3,36.0,14.9,4.5,81327.0,33809.0,2562.0,0.7435538013205947,0.0,0.176030100704563,0.287936355699829,0.176030100704563,0.1333382517491116,0.1793992155126833,0.3238407908812571,13.077339213371244,64198.1506879634,3.1502453059869415,Montana,Cascade County,10839.0,66203.0,65200.575343981705,-10451.299536344755,-11924.187118881357
31147,Richardson,NE,9.5,9.6,13.8,6.3,16.6,10.2,21.8,13.3,9.9,16.9,10.3,31.9,28.7,11.6,45.6,3.2,31.3,9.5,4.4,8363.0,3718.0,155.0,0.5476503647016621,0.0,0.0,0.5476503647016621,0.0,0.0,0.0,0.5476503647016621,13.310538447245962,61332.606600502215,1.853401889274184,Nebraska,Richardson County,811.0,55578.0,58455.30330025111,-73115.12549698172,21103.383660233103
47107,McMinn,TN,13.0,11.2,19.9,8.6,20.2,12.4,23.8,15.7,12.8,23.1,12.8,34.0,28.4,15.5,46.8,4.0,39.3,20.0,5.4,52266.0,20865.0,942.0,0.2676692304748785,0.0,0.178605594459113,0.178605594459113,0.178605594459113,0.3162859220143114,0.4158535185397773,0.3902345693184862,19.754299538477277,52572.88384418168,1.8023189071289176,Tennessee,McMinn County,7011.0,59674.0,56123.44192209084,-32822.9452738778,346.57976455796233
23005,Cumberland,ME,6.7,12.0,14.1,5.1,11.1,7.4,22.4,8.5,10.7,13.6,8.9,32.8,16.1,8.8,26.7,2.4,30.9,9.2,3.1,281674.0,117339.0,9190.0,0.602409168045329,0.0,0.0491809680694703,0.0975027869096899,0.0491809680694703,0.0652846908127835,0.2699148661218288,0.216626312687717,9.824666191244097,90993.00231828284,3.262636949097183,Maine,Cumberland County,20956.0,92983.0,91988.00115914142,150567.57345349496,-117232.66345512902
36111,Ulster,NY,6.9,10.5,12.6,5.6,12.1,8.8,23.5,13.7,12.1,15.6,13.1,31.4,22.8,10.7,30.6,3.2,37.2,10.9,4.2,182493.0,71049.0,11773.0,0.4363893409610231,0.0,0.1067657389598505,0.1741107878110393,0.1067657389598505,0.1114508501695955,0.3299578613974234,0.281408054007551,14.115190337881357,82169.31905881321,6.451206347640731,New York,Ulster County,25084.0,81804.0,81986.6595294066,72427.40001466402,-50671.97465975922
37009,Ashe,NC,11.2,10.8,17.0,7.4,16.2,9.9,21.6,14.6,12.2,19.3,11.5,33.1,23.8,13.1,36.3,3.8,33.9,18.1,5.0,27281.0,11755.0,369.0,0.2392874161504343,0.0,0.3450020160551299,0.3450020160551299,0.2392874161504343,0.5263736666544482,0.6922400205271068,0.6169128697628387,17.952033480092958,54119.92390308273,1.3525897144532826,North Carolina,Ashe County,3724.0,50827.0,52473.461951541365,-55579.57913742037,12098.957426177734
29181,Ripley,MO,11.8,11.5,23.0,10.6,23.4,12.5,21.5,20.1,18.6,26.7,16.0,33.6,35.4,18.4,41.1,5.1,39.5,28.9,6.7,14100.0,5637.0,63.0,0.0,0.0,0.2097872340425532,0.2097872340425532,0.0,0.6113475177304964,0.6113475177304964,1.0,26.802049099715617,42621.02921985816,0.4468085106382978,Missouri,Ripley County,2097.0,43898.0,43259.51460992908,-66782.40010343555,18156.821925496773
48503,Young,TX,15.9,10.1,16.1,6.6,14.9,10.8,23.8,15.7,12.8,20.7,12.8,34.0,27.0,13.3,37.3,3.7,39.2,14.0,5.2,18550.0,7343.0,279.0,0.4494339622641509,0.0,0.1485175202156334,0.1485175202156334,0.1485175202156334,0.0,0.0,0.1485175202156334,12.09905627957577,60193.83245283019,1.504043126684636,Texas,Young County,2952.0,63723.0,61958.416226415095,-63030.637334806306,18622.284764908247
8103,Rio Blanco,CO,10.4,11.3,15.6,5.7,13.3,8.0,23.8,15.7,12.8,16.1,12.8,34.0,18.0,10.4,26.7,3.0,33.7,15.5,4.1,6666.0,2647.0,235.0,0.0,0.0,0.0,0.0,0.0,0.0,0.0,0.5787578757875788,11.179027002540426,74368.91899189919,3.5253525352535253,Colorado,Rio Blanco County,559.0,72620.0,73494.45949594959,-74620.35479801886,22559.96672340856
36021,Columbia,NY,6.2,10.7,12.6,5.7,12.9,8.5,24.1,13.0,11.5,15.3,11.7,32.6,22.3,10.5,30.7,3.0,36.5,13.0,4.0,63096.0,25906.0,2136.0,0.2170185114745784,0.0,0.1063934322302523,0.1063934322302523,0.1063934322302523,0.1063934322302523,0.4507892734880183,0.1063934322302523,11.99090860947686,75493.44040826678,3.3853176112590337,New York,Columbia County,6818.0,83619.0,79556.2202041334,-27569.50325059612,-4913.032541690387
6107,Tulare,CA,18.3,10.0,18.7,6.0,14.2,13.1,28.9,27.5,25.7,29.5,22.4,36.6,32.9,17.1,35.3,5.3,35.1,15.7,8.2,442179.0,130352.0,4772.0,0.7336531133319312,0.0012664554399914,0.1805739304670733,0.5101599126145746,0.1355129936066615,0.1237575732904547,0.1627530932043358,0.7495086831351104,25.740966339317684,52969.92904231092,1.0792009570784682,California,Tulare County,83473.0,69489.0,61229.46452115546,396392.66822171846,125632.23168515068
51081,Greensville,VA,13.2,11.1,18.4,7.7,19.0,15.6,30.0,25.7,23.3,26.2,20.5,37.7,30.9,17.4,44.9,5.4,43.1,18.8,7.2,12243.0,3566.0,3527.0,0.0,0.2675814751286449,0.0,0.0,0.0,0.3795638323940211,0.3795638323940211,0.7324185248713551,12.177823088810689,62609.831168831166,28.808298619619375,Virginia,Greensville County,1113.0,56759.0,59684.41558441558,-73757.85792218738,21613.559938445193
16059,Lemhi,ID,10.1,11.2,17.1,6.4,14.3,8.6,21.2,13.3,9.7,17.0,11.0,31.2,23.2,13.3,30.6,3.4,34.0,14.6,4.6,7936.0,3576.0,80.0,0.0,0.0,0.376008064516129,0.376008064516129,0.0,0.0,0.0,0.376008064516129,13.09591899874182,56522.94165826613,1.0080645161290325,Idaho,Lemhi County,947.0,52057.0,54289.97082913306,-73077.80215994707,21363.821332329506
31041,Custer,NE,8.7,9.4,12.9,5.8,14.7,9.3,20.7,11.8,8.7,14.6,9.6,31.1,26.0,10.4,40.2,3.0,33.3,10.4,4.0,10939.0,4714.0,128.0,0.3610019197367218,0.0,0.5071761586982356,0.8681780784349575,0.0,0.0,0.0,0.8681780784349575,11.277704917053732,54658.56869914983,1.1701252399670905,Nebraska,Custer County,900.0,66310.0,60484.28434957491,-70455.69034487812,19648.325300035252
53017,Douglas,WA,14.5,10.6,16.4,5.3,12.0,9.5,23.8,15.7,12.8,20.0,12.8,34.0,22.3,12.3,36.1,3.6,29.9,12.8,5.1,38431.0,13894.0,190.0,0.7730217792927585,0.0,0.3042075407873852,0.5023288491061904,0.1350992688194426,0.0,0.1663240613046759,0.5023288491061904,13.40287359870056,66037.52806328224,0.4943925476828602,Washington,Douglas County,3444.0,80374.0,73205.76403164113,-43593.02891636149,18671.894258422213
45071,Newberry,SC,14.0,9.9,16.1,7.1,16.1,13.1,27.0,21.4,13.5,20.9,16.3,33.0,29.5,14.4,38.6,4.4,37.0,17.2,5.9,37508.0,14709.0,1168.0,0.3502452810067186,0.0,0.3502452810067186,0.3502452810067186,0.3502452810067186,0.3502452810067186,0.3502452810067186,0.5093046816679109,18.939775523821545,54539.18294763784,3.114002346166151,South Carolina,Newberry County,5893.0,59670.0,57104.59147381892,-51568.919620897184,13223.573698863933
31149,Rock,NE,8.4,9.4,12.5,5.6,14.3,8.8,20.3,11.4,8.2,14.9,9.0,30.0,24.9,10.5,39.1,2.9,33.9,11.9,3.8,1526.0,685.0,30.0,0.0,0.0,0.0,0.0,0.0,0.0,0.0,0.0,7.441860465116281,65250.0,1.965923984272608,Nebraska,Rock County,132.0,57500.0,61375.0,-79166.80131302848,24540.763980607717
12059,Holmes,FL,15.7,10.5,18.7,9.0,19.7,11.9,23.8,15.7,12.8,23.3,12.8,34.0,27.8,15.1,36.5,4.5,45.2,20.9,6.2,19927.0,7354.0,1732.0,0.3638781552667235,0.0,0.6420936417925428,0.6420936417925428,0.3638781552667235,0.7217845134741807,0.7217845134741807,1.0,25.897925852223555,46852.832538766495,8.691724795503587,Florida,Holmes County,2565.0,48236.0,47544.41626938325,-62464.90945644038,15773.13643990543
51145,Powhatan,VA,7.7,10.5,14.3,5.4,12.6,9.4,21.0,10.1,7.9,15.6,9.1,33.4,20.9,10.8,35.5,2.7,31.2,9.6,3.6,28046.0,9494.0,2395.0,0.0,0.0988732796120658,0.0,0.0,0.0,0.0,0.0,0.0,5.212863594190826,94151.18198673608,8.53954218070313,Virginia,Powhatan County,963.0,110667.0,102409.09099336804,-59694.105317619105,11740.834525264678
48037,Bowie,TX,14.4,10.9,16.8,7.1,16.3,12.1,23.8,15.7,12.8,22.4,12.8,34.0,28.2,14.7,36.9,4.4,42.7,17.6,5.9,92565.0,34669.0,6206.0,0.6599578674444985,0.0,0.0772106087614109,0.2673364662669475,0.0772106087614109,0.1800248474045265,0.3220655755415114,0.3517204126829795,17.402956559750557,60280.924053367904,6.7044779344244585,Texas,Bowie County,14112.0,59295.0,59787.96202668395,-7607.518837074385,-7666.668624040885
12057,Hillsborough,FL,16.3,9.4,13.8,5.6,12.1,11.5,23.8,15.7,12.8,18.8,12.8,34.0,23.6,12.3,31.5,3.6,38.8,10.8,5.5,1229226.0,474030.0,22065.0,0.9475808354200124,0.0063845053716729,0.1390289499245867,0.3379581948315444,0.1390289499245867,0.1319911879507918,0.1840361333066498,0.3964421514025899,15.984016375179191,73051.02956169167,1.7950319957436631,Florida,Hillsborough County,193025.0,75011.0,74031.01478084584,1004576.4773425509,-236924.42571314197
22047,Iberville,LA,10.4,10.7,20.0,7.8,19.1,14.4,32.9,27.1,22.8,26.0,21.2,38.4,33.2,17.3,42.9,5.2,43.1,19.5,7.0,33387.0,11072.0,3979.0,0.2703447449606134,0.0,0.0875789978135202,0.2703447449606134,0.0875789978135202,0.1865396711294815,0.5909785245754335,0.595561146554048,17.6115318088702,59876.89391080361,11.91781232216132,Louisiana,Iberville Parish,4208.0,57459.0,58667.9469554018,-58971.72025716344,14072.30909186923
26159,Van Buren,MI,9.3,11.7,16.8,7.8,16.6,10.8,23.3,17.5,16.5,20.4,13.7,33.1,26.6,13.4,39.2,3.8,35.0,9.2,5.1,76258.0,28928.0,877.0,0.1237640640981929,0.0,0.0601248393611162,0.0601248393611162,0.0601248393611162,0.1179286107687062,0.2459414094258963,0.3051351989299483,15.454690757560003,62757.63274672821,1.150043274148286,Michigan,Van Buren County,10340.0,66902.0,64829.816373364105,-12308.672038038363,-4311.843384561082
45013,Beaufort,SC,11.5,8.8,12.7,5.1,10.5,9.3,20.4,14.1,7.4,13.7,11.7,28.2,18.2,10.1,30.7,3.0,32.9,8.1,4.3,162233.0,64945.0,5265.0,0.7822699450789913,0.0336922820881078,0.219560755210099,0.2437728452287759,0.1932467500446888,0.1505612298360999,0.2426140181097557,0.2801279641010152,11.37735166380123,74663.44123575352,3.245332330660223,South Carolina,Beaufort County,19494.0,84819.0,79741.22061787677,49799.50542261162,-27910.876696505355
20201,Washington,KS,8.8,9.9,14.9,6.1,15.7,8.9,23.1,12.3,6.8,16.1,11.1,33.7,26.1,11.5,34.4,3.0,35.9,14.0,3.8,5799.0,2474.0,114.0,0.0,0.0,0.5575099155026729,0.5575099155026729,0.0,0.0,0.0,0.5575099155026729,13.042313413695656,58787.693912743576,1.9658561821003624,Kansas,Washington County,440.0,62452.0,60619.84695637179,-75268.16328715326,22351.465653961524
48325,Medina,TX,22.6,9.2,15.5,5.3,12.7,12.4,23.8,15.7,12.8,22.7,12.8,34.0,29.6,14.0,39.6,3.8,38.2,14.4,6.0,46006.0,15530.0,2309.0,0.151784549841325,0.0,0.0,0.0,0.0,0.0,0.4086206147024301,0.0,10.056850221885844,73827.61637612485,5.018910576881276,Texas,Medina County,5641.0,73462.0,73644.80818806242,-32905.440717348436,20851.650315963816
17121,Marion,IL,8.8,11.0,16.2,7.8,17.5,10.6,25.2,16.7,17.3,20.5,13.5,34.9,25.3,13.4,39.5,3.9,38.5,18.6,5.0,39437.0,16148.0,758.0,0.5093440170398357,0.0,0.4527981337322819,0.5080254583259376,0.3622486497451632,0.2638892410680326,0.2638892410680326,0.5686538022669068,18.05217860082319,57938.00578137282,1.922052894489946,Illinois,Marion County,5841.0,60839.0,59388.50289068641,-45126.456589186084,5353.632865284624
49005,Cache,UT,9.7,10.4,15.5,5.3,9.1,9.5,18.4,12.2,7.1,16.2,9.6,31.5,16.9,11.1,30.3,3.2,32.8,16.8,4.4,112656.0,34722.0,3594.0,0.777801448657861,0.0,0.026860531174549,0.3186869762817781,0.026860531174549,0.0404772049424797,0.0404772049424797,0.3186869762817781,16.041212742669273,65950.99482495384,3.190242863229655,Utah,Cache County,17385.0,78292.0,72121.49741247692,23999.906637193213,-18570.240341370856
31061,Franklin,NE,9.5,9.7,14.2,6.8,16.9,10.1,20.8,14.2,11.3,17.5,10.8,31.6,27.6,12.3,39.7,3.5,33.8,16.3,4.7,3225.0,1406.0,59.0,0.0,0.0,0.0,0.0,0.0,0.0,0.0,0.5590697674418604,13.894463506551444,61346.4865116279,1.829457364341085,Nebraska,Franklin County,396.0,57692.0,59519.243255813955,-77570.42263605182,23650.10743614203
26151,Sanilac,MI,8.3,11.8,17.2,8.3,18.5,10.3,24.1,16.7,16.2,20.1,12.8,34.2,28.0,13.3,39.9,3.7,34.2,13.4,4.9,43114.0,17132.0,566.0,0.152780999211393,0.0,0.2389942941967806,0.2389942941967806,0.152780999211393,0.2006076912371851,0.2006076912371851,0.6488611587883286,15.549702335681326,54620.123138655654,1.3127986268961358,Michigan,Sanilac County,5593.0,59074.0,56847.06156932782,-40756.42063448182,3585.946107604872
48293,Limestone,TX,19.0,10.6,17.9,7.5,17.0,13.1,23.8,15.7,12.8,25.0,12.8,34.0,31.2,16.2,39.9,4.8,40.9,19.7,6.8,23384.0,8499.0,1592.0,0.1789685254875128,0.0,0.3890694491960315,0.4747263085870681,0.0933116660964762,0.2529507355456722,0.2529507355456722,0.827788231269244,21.10679347577426,52496.755046185426,6.80807389668149,Texas,Limestone County,4154.0,58109.0,55302.87752309271,-59784.36402786051,20064.0077812085
17101,Lawrence,IL,10.9,10.5,16.2,8.0,17.9,11.2,27.9,18.9,18.6,21.9,15.3,35.4,26.0,14.0,41.0,4.1,39.6,21.5,5.4,16833.0,6130.0,2471.0,0.4719895443474128,0.0,0.1683597695003861,0.3524030178815422,0.1683597695003861,0.0,0.0,0.814709202162419,16.973102242872187,57298.59846729638,14.67949860393275,Illinois,Lawrence County,1974.0,53438.0,55368.29923364819,-66453.20756207223,17437.47037434086
47011,Bradley,TN,12.4,10.9,18.5,7.8,18.0,11.5,23.8,15.7,12.8,21.3,12.8,34.0,25.0,14.3,41.5,3.7,38.1,13.4,5.1,98963.0,37947.0,2744.0,0.6476662995260855,0.0,0.2238513383789901,0.2620171175085638,0.2238513383789901,0.1075654537554439,0.4113052352899568,0.2620171175085638,16.910400497399277,59190.36387336681,2.7727534533108336,Tennessee,Bradley County,13994.0,63789.0,61489.68193668341,7583.413809332065,-19910.834265216854
40091,McIntosh,OK,12.1,12.8,21.7,9.6,22.9,13.2,27.3,25.0,22.7,25.7,18.3,35.9,37.0,19.3,44.9,5.2,38.8,19.5,7.5,20252.0,8460.0,345.0,0.1785502666403318,0.0,0.4945684376851669,0.4945684376851669,0.1785502666403318,0.1553920600434525,0.1553920600434525,0.6499604977286194,21.513926093232794,48497.23795180723,1.703535453288564,Oklahoma,McIntosh County,3944.0,46203.0,47350.11897590361,-64630.03952100493,18311.806852613216
38105,Williams,ND,9.3,10.2,13.5,5.6,15.4,9.4,23.8,12.9,7.6,16.6,10.8,32.6,24.5,10.9,40.2,3.2,37.0,11.8,4.3,22398.0,9293.0,560.0,0.7331011697472989,0.0,0.0,0.0,0.0,0.0,0.2560496472899366,0.0,6.688748992679112,107743.73886061256,2.5002232342173407,North Dakota,Williams County,3406.0,90224.0,98983.86943030628,-61573.50107893864,14361.784498845278
28025,Clay,MS,13.5,10.7,20.0,8.7,19.7,16.0,33.9,30.9,21.3,27.7,23.6,38.6,37.3,19.7,47.9,6.3,43.2,24.7,8.4,20634.0,8029.0,303.0,0.4001163128816516,0.0,0.6175244741688475,0.7935446350683338,0.2240961519821653,0.5230687215275759,0.729524086459242,0.7935446350683338,23.18114185466725,44583.35693515557,1.468450130851992,Mississippi,Clay County,4496.0,39904.0,42243.67846757779,-67053.79056559311,18972.23087312049
13303,Washington,GA,16.3,11.1,18.4,8.3,19.6,15.9,29.2,28.5,26.0,27.2,22.8,41.3,33.5,17.6,43.0,5.9,43.1,22.5,7.9,21187.0,7547.0,1896.0,0.2242884787841601,0.0,0.4838344267711332,0.4838344267711332,0.2242884787841601,0.653985934771322,0.653985934771322,0.9135318827582952,26.46867777193851,47850.485203190634,8.948883749469013,Georgia,Washington County,2807.0,44009.0,45929.74260159532,-66480.53442132607,18629.548381955145
45075,Orangeburg,SC,15.3,11.1,18.1,8.0,17.5,15.7,30.4,31.3,22.3,26.1,23.3,34.1,32.5,17.9,43.1,5.9,41.3,21.0,7.9,92501.0,35788.0,3300.0,0.3893363314991189,0.030734802866996,0.3284721246256797,0.3284721246256797,0.2359974486762305,0.6058204776164582,0.6556253445908693,0.7968562502027006,24.404981114976977,45884.56318310073,3.5675289996864894,South Carolina,Orangeburg County,19137.0,43214.0,44549.28159155036,-23907.10217953731,87.90546291875944
38067,Pembina,ND,8.5,10.1,13.8,5.9,15.3,9.3,23.0,12.2,7.7,17.8,10.3,30.1,24.0,11.1,42.1,3.3,34.4,11.1,4.3,7413.0,3257.0,149.0,0.0,0.0,0.0,0.0,0.0,0.0,0.0,0.0,6.90789143385797,82753.07109132606,2.0099824632402536,North Dakota,Pembina County,576.0,66884.0,74818.53554566304,-74233.32478520533,21539.528411939074
47189,Wilson,TN,9.9,10.4,15.6,6.0,14.2,9.8,23.8,15.7,12.8,17.3,12.8,34.0,21.1,11.9,30.7,2.8,38.9,9.3,3.9,113993.0,42563.0,1232.0,0.5694911091031906,0.0,0.1546586193889098,0.1745458054441939,0.1546586193889098,0.0296772608844402,0.1373066767257638,0.1745458054441939,8.541714950625273,82165.39948066986,1.0807681173405383,Tennessee,Wilson County,11509.0,94048.0,88106.69974033494,13666.894231504295,-29047.869339188477
54009,Brooke,WV,7.9,11.9,17.9,7.6,17.9,11.7,22.7,13.9,14.6,21.2,11.9,34.7,27.6,13.6,40.3,3.3,45.7,19.1,4.3,24069.0,10020.0,872.0,0.3249407952137604,0.0,0.1374381985126095,0.1374381985126095,0.1374381985126095,0.1374381985126095,0.5328430761560513,0.1374381985126095,13.4049193760245,63612.4767543313,3.622917445677012,West Virginia,Brooke County,2552.0,52116.0,57864.238377165646,-59630.12933502147,12410.192514416902
30059,Meagher,MT,9.6,11.1,15.1,6.1,14.3,8.3,22.0,11.9,8.6,17.0,9.9,30.9,20.7,11.1,32.6,3.2,31.3,12.1,4.1,1891.0,806.0,174.0,0.0,0.0,1.0,1.0,1.0,1.0,0.0,1.0,15.0360453141092,50750.0,9.201480698043362,Montana,Meagher County,206.0,56215.0,53482.5,-78697.81978139622,24401.231674952513
19021,Buena Vista,IA,13.2,9.4,15.3,6.4,16.2,11.7,28.2,19.1,14.9,22.1,14.8,35.6,29.7,13.0,38.9,3.9,34.9,17.6,5.6,20260.0,7522.0,1014.0,0.5572063178677197,0.0,0.0,0.0,0.0,0.0,0.0,0.0,13.094094560244066,68858.72166831195,5.0049358341559715,Iowa,Buena Vista County,1624.0,66564.0,67711.36083415597,-61835.00202926238,20352.933734726874
18175,Washington,IN,9.4,11.7,17.8,8.9,20.0,11.9,23.5,16.4,10.6,22.2,12.5,33.5,27.1,14.3,41.0,3.9,36.9,21.3,5.2,28262.0,10850.0,261.0,0.1097233033755572,0.0,0.0,0.1097233033755572,0.0,0.1610289434576463,0.4716226735545962,0.2707522468332036,13.029066788135996,58721.063052862504,0.9235015214776024,Indiana,Washington County,3724.0,61358.0,60039.53152643125,-54780.04997675527,10344.470871303472
51036,Charles City,VA,10.5,12.0,17.9,6.9,17.1,13.7,26.8,20.6,18.3,22.5,17.2,37.8,28.8,15.9,41.6,4.4,41.2,17.3,6.0,7256.0,2955.0,0.0,0.0,0.0,0.0,0.0,0.0,0.0,0.0,0.3222160970231532,13.083171002115598,71981.34812568908,0.0,Virginia,Charles City County,760.0,70339.0,71160.17406284454,-76431.88750710474,23224.003999563734
39073,Hocking,OH,9.3,11.5,17.4,8.9,20.8,12.3,23.0,16.8,15.2,21.3,13.1,36.1,31.4,14.2,35.8,4.1,44.7,18.8,5.2,29380.0,11369.0,718.0,0.152791014295439,0.0,0.152791014295439,0.152791014295439,0.152791014295439,0.4268890401633764,0.4268890401633764,0.5589176310415248,13.648980403490787,62906.21926480599,2.443839346494214,Ohio,Hocking County,4723.0,61366.0,62136.10963240299,-54238.31977562281,9624.671804703505
18179,Wells,IN,8.3,11.0,15.5,7.1,16.8,10.4,23.1,13.1,7.3,18.8,10.6,34.2,24.2,12.4,41.9,3.1,39.6,14.2,4.2,27636.0,10780.0,472.0,0.5901360544217688,0.0,0.1503111883051092,0.1503111883051092,0.1503111883051092,0.1503111883051092,0.2802142133449124,0.1503111883051092,9.68046735916828,70399.23241424229,1.7079172094369663,Indiana,Wells County,1996.0,69741.0,70070.11620712114,-56141.32233252154,10796.32302151687
40015,Caddo,OK,15.8,11.5,20.1,8.8,21.8,13.9,28.1,25.2,21.0,25.5,18.6,34.5,36.9,18.9,40.3,5.0,41.5,26.1,7.6,29600.0,10645.0,1935.0,0.2523986486486486,0.0,0.2523986486486486,0.2523986486486486,0.2523986486486486,0.2523986486486486,0.2523986486486486,0.4184121621621621,19.85649126544029,54671.19483108109,6.537162162162162,Oklahoma,Caddo County,4782.0,52817.0,53744.09741554054,-57814.31747494495,18240.236154623246
31037,Colfax,NE,20.7,8.4,14.1,5.8,14.5,11.9,24.7,19.8,12.6,20.2,15.6,31.8,31.8,13.0,39.0,3.9,33.7,19.3,6.0,10515.0,3618.0,108.0,0.6196861626248217,0.0,0.6196861626248217,0.6196861626248217,0.6196861626248217,0.0,0.0,0.6196861626248217,12.512819138315594,64457.64298621018,1.0271041369472182,Nebraska,Colfax County,898.0,79720.0,72088.82149310509,-69905.0894162688,25160.34475876979
39019,Carroll,OH,9.0,11.2,16.5,8.2,19.4,11.2,22.6,15.1,12.8,20.2,12.0,37.0,30.0,13.1,38.7,3.7,41.9,18.1,4.7,28836.0,11385.0,405.0,0.1871618809821057,0.0,0.0,0.0,0.0,0.0,0.3048619780829518,0.1128103759189901,13.148532364179504,64676.80142876959,1.404494382022472,Ohio,Carroll County,3274.0,64675.0,64675.9007143848,-54826.32869355259,9891.562907765805
18031,Decatur,IN,8.3,11.1,15.8,7.3,16.8,10.4,23.3,13.1,7.3,19.0,10.5,34.4,25.2,12.1,37.5,3.1,35.6,13.7,4.2,25740.0,9977.0,377.0,0.3146853146853147,0.0,0.1463480963480963,0.2717171717171717,0.0,0.0,0.0,0.2717171717171717,12.71527587931442,64449.061305361305,1.4646464646464648,Indiana,Decatur County,2416.0,74228.0,69338.53065268065,-57507.74511996818,11821.983531566719
19025,Calhoun,IA,7.4,10.0,14.5,6.3,16.4,9.6,24.5,12.4,10.5,17.2,10.2,32.4,24.5,11.1,40.3,3.1,32.0,11.8,4.0,9670.0,4242.0,238.0,0.0,0.0,0.0,0.0,0.0,0.0,0.0,0.1857290589451913,13.321855664619086,63365.13908996898,2.4612202688728027,Iowa,Calhoun County,791.0,66875.0,65120.06954498449,-71945.72132090873,20071.20388594649
27129,Renville,MN,10.4,10.2,15.3,5.9,17.1,10.2,23.3,14.6,10.9,18.3,11.9,34.5,26.2,11.7,39.1,3.5,31.0,13.6,4.6,15730.0,6564.0,342.0,0.0,0.0,0.184297520661157,0.184297520661157,0.0,0.0,0.0,0.357787666878576,10.426299699968077,71717.45848696757,2.17418944691672,Minnesota,Renville County,1531.0,69086.0,70401.72924348379,-66583.32701033623,17789.68954770631
55073,Marathon,WI,8.1,10.3,13.3,5.5,14.5,8.8,20.9,11.9,12.2,16.7,9.8,29.8,26.4,10.9,36.0,3.0,31.2,5.1,3.9,134063.0,53176.0,1655.0,0.4493633590177752,0.0,0.102727821994137,0.1941549868345479,0.102727821994137,0.1094261653103391,0.1986081170792836,0.2201875237761351,9.479569936294672,73198.4481251352,1.234494230324549,Wisconsin,Marathon County,12159.0,76185.0,74691.7240625676,31936.50047510225,-39627.74675493776
5023,Cleburne,AR,11.0,10.4,20.2,8.2,18.2,10.7,26.6,17.5,10.9,23.8,13.4,35.8,31.3,15.3,38.0,4.1,37.9,20.0,5.5,25970.0,11078.0,339.0,0.2038120908740854,0.0,0.0,0.0,0.0,0.0,0.0,0.1451289949942241,14.519456863680208,53473.54100885637,1.3053523296110898,Arkansas,Cleburne County,3415.0,55979.0,54726.27050442819,-56973.948101627015,11892.416283513487
27071,Koochiching,MN,8.0,10.4,14.9,5.6,16.8,9.3,21.9,12.6,9.3,16.6,10.3,31.8,25.1,10.9,37.1,3.2,32.3,10.3,4.1,13311.0,5874.0,241.0,0.5772669220945083,0.0,0.7589963188340471,0.7589963188340471,0.7589963188340471,0.1817293967395387,0.0,0.7589963188340471,16.458588646389426,66121.07970851175,1.810532642175644,Minnesota,Koochiching County,1247.0,69115.0,67618.03985425588,-68843.38349291941,18520.804200844126
36085,Richmond,NY,7.9,10.2,12.2,5.2,12.1,10.1,28.5,16.4,13.2,17.0,14.5,35.4,25.5,11.2,30.0,3.1,41.5,11.9,4.5,468730.0,165516.0,7838.0,1.0,0.0,0.0,0.0893990143579459,0.0,0.0851727007018966,0.1987690141446035,0.2014699293836537,13.18146531783814,94650.0305229023,1.6721780129285515,New York,Richmond County,53177.0,98290.0,96470.01526145116,293624.987991398,-102002.82966889153
29027,Callaway,MO,9.0,10.6,18.1,7.3,17.2,10.2,19.9,13.6,10.5,19.5,12.4,31.5,28.0,13.5,37.1,3.5,39.4,19.1,4.6,44332.0,16333.0,3907.0,0.3008887485337905,0.0,0.1365830551294775,0.1365830551294775,0.1365830551294775,0.1365830551294775,0.3008887485337905,0.1365830551294775,12.35084739191778,67579.05528737706,8.8130470089326,Missouri,Callaway County,4682.0,72645.0,70112.02764368853,-43772.91384782044,2974.1405203660797
17043,DuPage,IL,7.6,8.9,10.5,4.3,9.5,8.5,24.1,11.2,8.6,13.5,9.8,33.5,18.2,9.1,29.1,2.4,35.4,8.5,3.4,916924.0,337132.0,12140.0,0.9854949810453212,0.0,0.0,0.0596570708150293,0.0,0.0104032613389986,0.1076457808935091,0.0655757729102957,6.80050274492116,112911.26096928424,1.3239919557127962,Illinois,DuPage County,58877.0,110502.0,111706.63048464213,633333.8005651187,-269821.97808715113
13035,Butts,GA,14.8,10.4,17.0,7.3,17.6,12.6,26.8,20.2,16.5,22.5,16.8,38.0,30.4,14.7,38.2,4.4,39.5,18.9,5.9,23655.0,7881.0,2345.0,0.3422532234199957,0.0,0.3422532234199957,0.3422532234199957,0.3422532234199957,0.3422532234199957,0.6842105263157895,0.6580426971042063,23.94982336024288,50832.96127668569,9.913337560769394,Georgia,Butts County,3032.0,59221.0,55026.98063834285,-62260.59045609241,15724.771780642117
48497,Wise,TX,16.0,10.0,15.9,6.3,14.6,10.3,23.8,15.7,12.8,20.1,12.8,34.0,25.9,12.9,33.8,3.5,43.2,12.5,4.9,59127.0,21015.0,980.0,0.2059126963992761,0.0,0.2059126963992761,0.2059126963992761,0.2059126963992761,0.2399411436399614,0.2399411436399614,0.5166675123040235,12.622133170324348,69393.80215468399,1.6574492194767196,Texas,Wise County,6474.0,89897.0,79645.40107734199,-25556.905272411263,5176.27554361982
45089,Williamsburg,SC,16.1,11.0,18.1,8.1,18.1,16.3,31.2,31.8,22.7,27.3,24.3,37.8,32.9,18.3,45.1,6.0,40.4,20.0,8.0,34423.0,13007.0,1476.0,0.0,0.0337565000145251,0.1569299596200215,0.1569299596200215,0.0,0.6849780669900938,0.6849780669900938,0.8236063097347703,24.281711673018396,46354.47529268222,4.287830810795108,South Carolina,Williamsburg County,6833.0,43471.0,44912.737646341106,-59697.09453060341,16175.205334160333
24029,Kent,MD,8.6,10.9,13.9,6.1,13.2,10.3,23.5,14.1,11.8,17.3,12.7,32.9,22.4,11.1,36.4,3.2,35.3,11.9,4.3,20197.0,8165.0,1526.0,0.2859335544882903,0.0,0.0,0.2859335544882903,0.0,0.2859335544882903,0.2859335544882903,0.605832549388523,12.746137731536422,72951.41273456454,7.555577561023915,Maryland,Kent County,1698.0,74402.0,73676.70636728227,-64700.583741394665,16517.596324395585
51179,Stafford,VA,9.1,10.2,13.3,4.6,10.8,10.2,21.7,11.7,8.5,15.9,10.9,34.0,22.0,10.9,35.2,2.8,37.6,9.6,3.9,128961.0,41769.0,3593.0,0.7490171447181706,0.0153069532649405,0.0993943905521824,0.1237738541109327,0.0993943905521824,0.0,0.0439977977838261,0.1551942060002636,5.2594953717577235,118691.5850218283,2.7861136312528596,Virginia,Stafford County,7940.0,133792.0,126241.79251091417,13887.658084438473,-20115.973799966985
13221,Oglethorpe,GA,13.5,10.2,15.9,6.6,15.4,11.4,24.2,16.5,13.0,20.4,13.9,37.0,26.8,13.1,36.0,3.8,38.3,22.3,5.2,14899.0,5647.0,177.0,0.0,0.0,0.0,0.0,0.0,0.0,0.4393583461977314,0.4440566480971877,15.06520464084589,55119.90321498087,1.1879991945768171,Georgia,Oglethorpe County,1676.0,69784.0,62451.95160749044,-68049.1285259439,19119.043141991053
22045,Iberia,LA,10.8,10.8,21.4,9.0,20.7,14.7,31.5,27.4,24.5,27.7,20.1,40.4,34.2,18.2,42.4,5.6,40.9,20.2,7.5,73240.0,26778.0,944.0,0.5336428181321682,0.0,0.0309803386127799,0.2433779355543419,0.0309803386127799,0.5187875477880939,0.5803932277444019,0.6564172583287821,21.91047825457669,57078.0863872201,1.2889131622064445,Louisiana,Iberia Parish,15483.0,57811.0,57444.54319361005,-24828.942516006457,-1096.0532811856174
12007,Bradford,FL,16.2,10.5,18.7,9.0,19.6,12.4,23.8,15.7,12.8,24.1,12.8,34.0,30.7,15.8,35.0,4.9,43.0,20.5,6.7,28520.0,9479.0,4492.0,0.0,0.0,0.0,0.0,0.0,0.3114656381486676,0.778155680224404,0.5333099579242637,20.982936601325925,55807.5316970547,15.750350631136046,Florida,Bradford County,4550.0,59740.0,57773.76584852735,-58271.17575207555,13134.418189095652
12043,Glades,FL,24.5,9.9,19.4,9.2,20.5,14.4,23.8,15.7,12.8,27.9,12.8,34.0,34.0,17.0,37.9,5.6,42.8,23.1,8.4,12884.0,4533.0,1483.0,0.2909034461347408,0.0,1.0,1.0,0.2909034461347408,0.5332194970506055,0.5332194970506055,1.0,16.72782759474004,48827.69528096864,11.510400496740145,Florida,Glades County,2341.0,38905.0,43866.34764048432,-69359.6785862809,22474.041281305188
46103,Pennington,SD,8.8,10.3,13.7,5.6,15.4,9.9,23.8,15.7,12.8,16.1,12.8,34.0,22.3,11.2,33.7,3.1,32.7,16.3,4.2,100948.0,41251.0,2575.0,0.6358124975234775,0.0,0.1466596663628799,0.2570432301779133,0.1466596663628799,0.1213297935570788,0.3278123390260332,0.3152514165709077,13.713188728452552,69027.18729444862,2.5508182430558306,South Dakota,Pennington County,13073.0,70768.0,69897.5936472243,2811.40640363509,-16944.64235838997
18167,Vigo,IN,9.1,11.6,17.2,8.9,19.1,12.8,22.8,17.5,11.3,23.0,13.6,34.2,25.6,14.3,42.6,4.1,40.5,23.3,5.4,107848.0,41361.0,9545.0,0.5890048957792449,0.0,0.3636321489503746,0.4124230398338402,0.3636321489503746,0.2605889770788517,0.3571415325272606,0.4347693049477041,19.40041096765448,59955.776509531934,8.85041910837475,Indiana,Vigo County,19750.0,52525.0,56240.38825476597,12512.563943126355,-25375.32929340815
47173,Union,TN,13.3,11.2,20.4,9.0,21.3,11.7,23.8,15.7,12.8,23.5,12.8,34.0,27.9,15.5,39.7,4.0,37.6,20.2,5.5,19109.0,7391.0,152.0,0.0,0.0,0.0,0.0,0.0,0.3684127897849181,0.3684127897849181,1.0,21.57536323925434,47642.49803757392,0.7954367052174367,Tennessee,Union County,2773.0,61858.0,54750.249018786955,-62308.224895266554,15484.433977768047
8107,Routt,CO,7.8,10.6,12.8,4.5,10.0,6.8,23.8,15.7,12.8,12.6,12.8,34.0,14.5,8.4,23.0,2.3,26.8,6.3,3.2,23509.0,9892.0,335.0,0.328980390488749,0.0,0.0,0.0,0.0,0.0,0.0,0.0,10.64150812493226,89601.66557488621,1.4249861755072526,Colorado,Routt County,1580.0,104803.0,97202.3327874431,-60424.796799063275,14395.786381063159
25001,Barnstable,MA,4.1,11.8,13.1,4.9,11.4,7.1,22.8,9.8,11.3,13.4,9.7,33.1,16.5,9.1,26.8,2.5,32.5,10.6,3.2,215888.0,95755.0,3961.0,0.8717205217520195,0.0,0.1446629733936115,0.2349366338101237,0.1446629733936115,0.082464055436152,0.1698982805899355,0.2622378270214185,6.971042918286629,91115.97646928036,1.8347476469280368,Massachusetts,Barnstable County,16909.0,94452.0,92783.9882346402,95356.26629502387,-84321.88088653884
53051,Pend Oreille,WA,8.5,11.7,16.9,6.3,14.0,9.3,23.8,15.7,12.8,18.7,12.8,34.0,20.8,12.2,38.6,3.6,32.3,13.3,4.7,13001.0,5479.0,98.0,0.0,0.0,0.4100453811245289,0.4100453811245289,0.0,0.0,0.0,1.0,15.321376751718947,56366.635489577726,0.7537881701407584,Washington,Pend Oreille County,1853.0,63750.0,60058.31774478886,-68911.67540478101,19210.65457791542
37035,Catawba,NC,11.5,10.7,16.0,6.6,15.0,10.1,23.5,15.2,11.8,18.4,12.3,34.3,23.2,12.5,37.2,3.6,32.3,13.4,4.9,154358.0,60887.0,2408.0,0.6176680185024424,0.0,0.1909716373624949,0.2066883478666476,0.1909716373624949,0.1854066520685678,0.4176654271239586,0.2743168478472123,13.551847995494764,63396.07209214942,1.5600098472382384,North Carolina,Catawba County,20376.0,64544.0,63970.03604607471,51712.78637127939,-33684.72727094845
48449,Titus,TX,25.5,10.2,18.9,7.5,16.9,14.0,23.8,15.7,12.8,27.9,12.8,34.0,34.5,17.2,38.8,5.2,41.7,18.2,7.9,32334.0,10813.0,357.0,0.5832250881425125,0.0,0.4587431186985835,0.6041318735696172,0.3937341498113441,0.2540669264551246,0.2540669264551246,0.8214263623430444,18.86372847736082,53863.273581988,1.1041009463722398,Texas,Titus County,5368.0,59220.0,56541.636790994,-48399.03105379177,24457.433835743595
17135,Montgomery,IL,9.1,10.4,15.2,7.3,16.6,10.1,26.0,15.5,15.3,19.4,12.8,34.8,23.9,12.6,39.2,3.5,36.1,14.6,4.6,30104.0,11652.0,2419.0,0.3842346532022322,0.0,0.5771990433165027,0.5771990433165027,0.3842346532022322,0.3842346532022322,0.3842346532022322,0.6599455221897422,15.86332556353291,63781.68652006378,8.035477013021527,Illinois,Montgomery County,3546.0,61863.0,62822.34326003189,-54357.74303328532,9596.477193858012
31181,Webster,NE,9.4,9.5,13.0,6.0,15.1,9.8,20.8,12.8,9.4,16.0,10.2,29.7,25.0,11.3,39.1,3.1,33.7,17.1,4.2,3812.0,1604.0,156.0,0.0,0.0,0.0,0.0,0.0,0.0,0.0,0.4821615949632739,10.969918160025877,63755.88929695698,4.092339979013641,Nebraska,Webster County,328.0,65197.0,64476.444648478486,-76988.94825653108,23466.177000768417
6067,Sacramento,CA,8.8,10.2,15.0,5.1,11.8,10.3,28.9,16.6,16.0,21.4,14.7,39.5,21.1,13.0,29.5,3.6,38.3,11.4,5.1,1418788.0,513945.0,23787.0,0.9736965635457868,0.0067332117271925,0.0809923681339283,0.3802682289390663,0.0781899762332356,0.0896659684181146,0.131226793573106,0.4598495335455332,15.864102435026068,78586.74396809108,1.6765718345517442,California,Sacramento County,197472.0,88724.0,83655.37198404555,1036863.1257727016,-126361.50820603289
31063,Frontier,NE,8.7,9.5,12.8,5.8,14.4,9.0,20.4,11.7,8.5,15.2,9.4,29.9,24.7,10.7,38.7,3.0,32.4,6.5,4.0,2756.0,1168.0,113.0,0.0,0.0,0.0,0.0,0.0,0.0,0.0,0.0,10.3212851405622,63571.0,4.100145137880987,Nebraska,Frontier County,294.0,68207.0,65889.0,-78060.1857472961,23899.926124453552
55057,Juneau,WI,9.9,11.2,16.0,7.2,18.8,10.9,22.8,15.5,17.6,20.5,12.4,32.5,30.0,13.7,41.7,3.9,34.3,14.0,5.1,26664.0,10527.0,1651.0,0.1607410741074107,0.0,0.2824782478247825,0.2824782478247825,0.1607410741074107,0.0,0.0,0.2824782478247825,14.114824556583686,62308.01676417642,6.191869186918692,Wisconsin,Juneau County,3627.0,65150.0,63729.008382088214,-57171.5850734206,11941.241796086671
20177,Shawnee,KS,10.0,10.6,15.7,6.2,15.7,10.3,21.2,14.7,8.5,18.8,12.6,32.0,24.6,12.7,38.5,3.3,36.6,10.8,4.5,177934.0,72600.0,4397.0,0.6954320141175941,0.0,0.2162262411905538,0.3179100115773264,0.2162262411905538,0.1495835534524037,0.2367788056245574,0.3362033113401598,13.53145447540613,70907.4091123675,2.4711409848595545,Kansas,Shawnee County,21495.0,66043.0,68475.20455618374,69535.29884383554,-39756.46935377692
13123,Gilmer,GA,15.0,9.8,16.1,6.9,15.5,10.8,23.0,15.3,11.6,20.1,12.9,36.8,26.3,12.9,34.1,3.7,34.6,17.6,5.1,28292.0,11314.0,282.0,0.2098119609783684,0.0,0.1492648098402375,0.1492648098402375,0.0,0.2976106319807719,0.5074225929591404,0.4468754418210094,15.92527659452806,58073.04064753287,0.9967481973702812,Georgia,Gilmer County,4667.0,72542.0,65307.52032376644,-53980.95694510783,13491.436641791839
29017,Bollinger,MO,10.5,11.0,20.9,8.9,20.9,10.8,21.0,16.1,13.8,23.1,13.6,33.3,32.4,16.0,38.9,4.2,40.1,25.2,5.5,12363.0,4847.0,163.0,0.0,0.0,0.0,0.0,0.0,0.0,0.0,0.3728059532475936,17.089605448770225,52466.486451508536,1.318450214349268,Missouri,Bollinger County,1272.0,57286.0,54876.24322575427,-68883.31044644781,18852.135104214136
37157,Rockingham,NC,12.5,11.4,18.3,7.8,17.6,11.3,24.8,19.0,16.6,21.5,15.1,35.5,26.8,15.0,37.1,4.4,38.1,19.2,6.0,93643.0,38693.0,1055.0,0.3883472336426641,0.0,0.2291575451448586,0.2567837425114531,0.2291575451448586,0.2055786337473169,0.3307988851275589,0.4631205749495424,18.035777588640062,55447.96365985712,1.126619181358991,North Carolina,Rockingham County,15086.0,55796.0,55621.98182992856,-3471.078347059476,-11792.912519552756
36105,Sullivan,NY,9.0,10.7,13.8,6.1,13.8,10.0,25.0,17.7,15.5,18.6,15.4,32.7,27.4,12.3,31.8,3.7,41.2,13.0,5.0,77547.0,30139.0,3825.0,0.1439900963286781,0.0,0.1439900963286781,0.1439900963286781,0.1439900963286781,0.2557287838343198,0.2557287838343198,0.4575676686396637,14.568989663064686,67902.61232542845,4.9324925529034,New York,Sullivan County,11547.0,69826.0,68864.30616271423,-14031.167412788287,-2079.0908850662927
2164,Lake and Peninsula,AK,12.6,12.5,18.5,8.1,24.2,12.6,30.7,26.1,19.3,26.0,19.8,35.5,28.7,16.6,38.6,4.9,40.4,23.3,7.9,1631.0,553.0,37.0,0.0,0.0,1.0,1.0,1.0,1.0,1.0,1.0,15.8857979502196,48984.0,2.2685469037400368,Alaska,Lake and Peninsula Borough,152.0,64000.0,56492.0,-79727.04075768223,25290.064957462706
29135,Moniteau,MO,10.7,10.5,19.1,7.6,18.2,10.2,20.9,14.5,10.9,20.9,12.8,33.2,29.5,14.1,39.1,3.6,38.3,22.7,4.8,15607.0,5532.0,1316.0,0.5213686166463767,0.0,0.2484141731274428,0.2484141731274428,0.2484141731274428,0.0,0.2216953930928429,0.2484141731274428,13.48806491442161,62616.5525725636,8.432113795091945,Missouri,Moniteau County,1464.0,65161.0,63888.776286281805,-66813.22823739274,17823.284183075368
18155,Switzerland,IN,10.1,11.6,18.2,8.9,20.5,11.7,25.1,16.9,10.4,22.7,12.8,35.0,27.9,14.4,39.9,3.9,38.0,24.9,5.2,10613.0,4034.0,107.0,0.0,0.0,0.0,0.0,0.0,0.0,0.0,0.6786017148779798,20.083556208255327,55591.07528502779,1.0081974936398757,Indiana,Switzerland County,1083.0,65148.0,60369.5376425139,-70606.88395234724,19827.264483307612
20103,Leavenworth,KS,8.7,10.0,13.8,5.4,13.6,9.6,21.8,10.9,6.1,15.5,10.8,30.0,22.5,10.7,39.5,2.8,37.3,11.1,3.7,76227.0,26447.0,6561.0,0.689834310677319,0.0,0.1077439752318732,0.1785325409631757,0.1077439752318732,0.1325908142784053,0.2708882679365579,0.1785325409631757,9.390959427602091,84065.13593608564,8.607186430005116,Kansas,Leavenworth County,6671.0,86906.0,85485.56796804283,-19826.106411184497,-7679.756043679565
19101,Jefferson,IA,7.0,9.7,13.5,6.2,14.8,10.1,23.6,13.0,11.3,17.6,10.1,34.0,24.1,11.1,39.7,3.3,34.4,11.2,4.3,16843.0,6846.0,1731.0,0.5930653684023036,0.0,0.0,0.3169269132577332,0.0,0.3169269132577332,0.5930653684023036,0.3169269132577332,14.27844346975297,59099.92287597222,10.277266520216113,Iowa,Jefferson County,2141.0,56824.0,57961.96143798611,-65807.6563288937,17947.45925000866
17049,Effingham,IL,7.6,10.3,13.9,6.4,14.3,9.2,23.9,12.7,12.1,16.9,10.8,33.5,21.5,11.2,34.2,3.1,35.5,12.4,4.0,34242.0,13515.0,440.0,0.3840021026809181,0.0,0.2365223993925588,0.3414228140879621,0.1235909117458092,0.0,0.300858594708253,0.3414228140879621,11.7416032419015,71395.23018515273,1.284971672215408,Illinois,Effingham County,3622.0,75380.0,73387.61509257636,-50347.983675929616,7186.633424762083
27025,Chisago,MN,7.4,10.0,13.4,4.8,14.7,8.6,20.9,10.6,7.2,14.7,9.4,29.0,21.8,9.9,35.9,2.7,31.9,11.5,3.5,53887.0,19470.0,1673.0,0.5113107057360774,0.0,0.0,0.0,0.0,0.1292890678642344,0.5358620817636907,0.1292890678642344,5.709861417317075,91685.29717742684,3.104644905079147,Minnesota,Chisago County,3322.0,98260.0,94972.64858871342,-36258.073651168335,-3250.778472482936
8041,El Paso,CO,9.5,11.6,14.7,5.0,10.9,8.4,23.8,15.7,12.8,16.0,12.8,34.0,18.9,10.9,28.5,2.8,35.0,7.8,3.9,622263.0,235959.0,19141.0,0.8578912774823507,0.016006093886347,0.1672170770237022,0.3508355791682938,0.1494657403702293,0.0609838605219979,0.0745954684755481,0.3651510695638339,11.088776448418036,80681.58455829769,3.0760305529976875,Colorado,El Paso County,60977.0,87470.0,84075.79227914885,448510.2304917067,-168575.94555920694
53031,Jefferson,WA,6.6,11.0,14.1,4.6,10.5,8.0,23.8,15.7,12.8,14.8,12.8,34.0,14.7,9.8,29.1,2.8,29.4,7.9,3.6,29872.0,14049.0,631.0,0.3119643813604713,0.0,0.4440948044991966,0.4440948044991966,0.3833020889126942,0.0713377075522228,0.0,0.7941885377611141,13.43775604512496,63410.056273433314,2.1123460096411355,Washington,Jefferson County,4123.0,71143.0,67276.52813671666,-55129.28720195608,11071.673500399298
31109,Lancaster,NE,8.8,9.2,11.7,5.3,12.6,9.4,20.7,11.5,8.5,14.9,9.5,30.1,20.5,10.3,35.7,2.9,30.3,14.2,3.9,285407.0,113373.0,13816.0,0.8873258189182466,0.0277323261167385,0.1386651343519955,0.318807877872652,0.1386651343519955,0.1324949983707477,0.198467451744351,0.361683490594134,12.98087196110569,76490.42906445883,4.8408062871618425,Nebraska,Lancaster County,36271.0,72625.0,74557.71453222941,160309.53841871565,-96362.08578826117
8089,Otero,CO,19.7,11.5,18.9,7.3,16.0,11.7,23.8,15.7,12.8,23.8,12.8,34.0,26.2,14.9,35.1,4.9,35.8,19.4,7.4,18831.0,7729.0,433.0,0.554617386224842,0.0,0.4102809197599703,0.554617386224842,0.4102809197599703,0.4692793797461632,0.4692793797461632,0.9027136105358186,25.032187509666723,46299.31341936169,2.2993999256545057,Colorado,Otero County,4249.0,54897.0,50598.15670968084,-60808.2206810396,23827.207762153856
30105,Valley,MT,9.9,11.6,15.9,6.4,15.1,8.6,22.3,13.6,9.6,18.4,11.2,31.8,22.3,11.7,33.2,3.4,33.4,12.1,4.6,7369.0,3198.0,126.0,0.3790202198398697,0.0,0.0,0.0,0.0,0.0,0.0,0.0,9.049185021707675,66091.07640113992,1.7098656534129462,Montana,Valley County,946.0,64515.0,65303.03820056996,-74342.3543235146,21924.354459478673
53067,Thurston,WA,7.4,11.3,14.5,4.6,10.3,8.9,23.8,15.7,12.8,15.8,12.8,34.0,16.4,9.9,31.1,2.9,35.3,7.2,3.8,252264.0,100650.0,4222.0,0.7315471093774776,0.0,0.0525322677829575,0.1626470681508261,0.0525322677829575,0.0171883423714838,0.1767909808771763,0.1985657882218628,11.078382566578584,82295.31886436432,1.6736434846034314,Washington,Thurston County,28292.0,93985.0,88140.15943218216,124795.62496425316,-71529.31394601657
48279,Lamb,TX,28.3,9.6,18.5,6.7,15.6,14.3,23.8,15.7,12.8,28.3,12.8,34.0,34.9,16.9,40.4,5.1,39.5,17.6,8.1,13977.0,5081.0,184.0,0.2573513629534235,0.0,0.1998998354439436,0.4572511983973671,0.0,0.0,0.0,0.8812334549617228,23.564177107035643,49546.66230235387,1.3164484510266867,Texas,Lamb County,2023.0,56997.0,53271.831151176935,-65377.62297013164,25666.328808908365
13057,Cherokee,GA,11.2,9.5,12.8,4.9,11.7,9.5,22.2,11.2,7.5,15.8,10.5,37.4,23.0,10.1,33.1,2.8,35.9,9.4,3.8,214346.0,75936.0,1406.0,0.8204351842348353,0.0,0.0735679695445681,0.0735679695445681,0.0735679695445681,0.0735679695445681,0.1517546396946992,0.0735679695445681,8.21939635384378,91969.11989493624,0.6559487930728821,Georgia,Cherokee County,17693.0,105442.0,98705.55994746812,99251.83495195865,-62116.272512229625
13169,Jones,GA,12.4,10.6,16.0,6.7,16.1,12.0,24.9,17.9,14.9,20.5,15.4,38.6,28.6,13.7,39.4,4.0,37.8,12.3,5.3,28669.0,10586.0,321.0,0.4991105375143884,0.0,0.2468520004185705,0.2468520004185705,0.2468520004185705,0.2468520004185705,0.4991105375143884,0.3626216470752381,14.83894681596747,65497.01949841292,1.119676305417001,Georgia,Jones County,3800.0,68259.0,66878.00974920645,-58352.96048107476,12837.36029735556
17015,Carroll,IL,9.7,10.3,15.0,7.1,16.2,10.3,26.1,15.6,14.9,19.3,13.0,34.4,23.9,12.4,39.3,3.5,35.6,13.0,4.7,15387.0,6622.0,223.0,0.2064080067589523,0.0,0.2064080067589523,0.2064080067589523,0.2064080067589523,0.0,0.0,0.4389419639955806,11.11943500161392,66012.1688438292,1.4492753623188406,Illinois,Carroll County,1950.0,60871.0,63441.5844219146,-67051.91599305914,17317.575769793206
39057,Greene,OH,6.7,10.9,12.7,5.8,12.9,9.8,20.1,10.8,8.4,15.1,9.8,33.7,21.9,10.0,38.5,2.8,38.0,12.0,3.6,161573.0,62770.0,8775.0,0.7599289485248154,0.0,0.1086196332307997,0.1519498926181973,0.1086196332307997,0.1170925835380911,0.1892457279372172,0.2152463592308121,13.089455363406875,84931.43437950648,5.430981661539985,Ohio,Greene County,15757.0,85218.0,85074.71718975324,48551.48712738567,-50713.621808861295
49035,Salt Lake,UT,11.5,10.9,14.6,4.5,8.3,8.7,22.6,13.8,6.2,16.3,11.0,35.4,18.9,10.9,29.9,2.8,35.0,8.7,4.2,1029655.0,342622.0,14006.0,0.9846239759919584,0.0037294045092773,0.0658511831632925,0.2674556040615546,0.0658511831632925,0.0689201722907187,0.1186280841641132,0.2953931171120423,10.011681489230686,85075.12459901617,1.3602614467952858,Utah,Salt Lake County,97689.0,94658.0,89866.56229950808,813306.7454173777,-274878.183222546
20053,Ellsworth,KS,9.9,9.5,14.8,6.0,15.6,9.6,23.0,12.1,6.7,17.3,11.2,31.2,25.7,11.8,39.9,3.1,35.5,15.5,4.0,6497.0,2463.0,983.0,0.0,0.0,0.0,0.0,0.0,0.0,0.6778513159919963,0.0,10.944585188321666,70937.2541172849,15.130060027705095,Kansas,Ellsworth County,453.0,66792.0,68864.62705864245,-74913.95201018073,22247.607838606727
26155,Shiawassee,MI,7.2,11.7,16.1,7.5,16.6,9.9,24.1,14.5,13.7,19.0,11.6,34.3,24.5,12.5,38.5,3.4,35.9,12.2,4.4,70648.0,27481.0,821.0,0.5413316725172687,0.0,0.180344808062507,0.180344808062507,0.180344808062507,0.0781338466764805,0.2457677499716906,0.180344808062507,11.511847555670023,65631.40587136225,1.1620994224889594,Michigan,Shiawassee County,7854.0,64464.0,65047.702935681125,-18343.273844659292,-11319.24637846529
47061,Grundy,TN,14.8,11.7,22.7,10.8,24.7,13.1,23.8,15.7,12.8,27.0,12.8,34.0,31.0,17.9,40.4,5.0,38.5,21.8,6.7,13703.0,5405.0,180.0,0.0,0.0,0.2021455155805298,0.2021455155805298,0.0,0.3861198277749398,0.3861198277749398,0.8856454790921696,24.175689734898324,43456.77005035394,1.3135809676713128,Tennessee,Grundy County,2569.0,45573.0,44514.88502517697,-67300.12664482834,18223.518112885242
56009,Converse,WY,12.6,10.4,15.6,6.5,15.4,9.3,23.8,15.7,12.8,17.9,12.8,34.0,25.1,11.7,36.9,3.3,34.0,17.4,4.5,13833.0,5673.0,103.0,0.3599363840092532,0.0,0.0,0.0,0.0,0.0,0.0,0.0,8.255150802448838,81741.30528446469,0.7445962553314538,Wyoming,Converse County,1541.0,79164.0,80452.65264223234,-68476.3080662149,18727.353052332008
54109,Wyoming,WV,11.1,13.0,23.4,11.1,25.2,14.3,25.9,22.1,25.0,29.5,16.5,38.7,37.4,18.8,44.1,5.0,45.7,28.3,6.5,23796.0,9687.0,56.0,0.0,0.0,0.0,0.0,0.0,0.7936207766011094,1.0,0.7936207766011094,21.749447853765485,48829.60350479072,0.2353336695242898,West Virginia,Wyoming County,4699.0,48038.0,48433.80175239536,-58233.27908629541,12726.137025985166
17115,Macon,IL,8.4,11.0,15.1,7.0,15.7,10.8,26.9,17.8,18.0,19.7,14.8,35.7,24.4,13.1,42.6,3.7,39.9,14.7,4.9,110768.0,45855.0,4059.0,0.8383558428426983,0.0,0.1024573884154268,0.4141629351437238,0.1024573884154268,0.2777968366315181,0.3762187635418171,0.4141629351437238,17.39658916761194,64069.78677054745,3.664415715730174,Illinois,Macon County,14562.0,62449.0,63259.393385273725,7649.506889573095,-24498.890747761372
40103,Noble,OK,10.0,11.7,17.5,7.2,17.4,10.5,24.9,16.5,13.2,19.6,13.0,33.3,31.1,14.9,41.8,3.7,38.3,16.5,5.1,11561.0,4614.0,273.0,0.4858576247729435,0.0,0.0,0.0,0.0,0.0,0.0,0.0,12.660654736815657,64397.3875962287,2.361387423233284,Oklahoma,Noble County,1220.0,70071.0,67234.19379811434,-70911.05573240708,20341.19319145798
40153,Woodward,OK,12.5,10.9,17.4,7.3,17.2,10.7,25.4,17.8,14.3,20.0,13.8,32.9,29.7,14.5,41.6,3.8,37.5,19.8,5.5,20081.0,7654.0,1240.0,0.4553558089736567,0.0,0.0,0.0,0.0,0.0,0.1776803944026692,0.0,11.411795441924529,72248.72112942583,6.174991285294558,Oklahoma,Woodward County,2149.0,65060.0,68654.36056471292,-63007.587966979714,17682.287012269764
48157,Fort Bend,TX,13.0,8.9,11.7,3.9,9.5,11.1,23.8,15.7,12.8,16.6,12.8,34.0,24.0,10.3,29.4,2.8,37.1,10.6,4.2,585375.0,187384.0,5936.0,0.9016664531283364,0.0037736493700619,0.0983267136450992,0.1625744181080504,0.0983267136450992,0.0210531710442024,0.1424778987828315,0.172142643604527,8.619167303326142,105438.3383386718,1.014050822122571,Texas,Fort Bend County,61205.0,113409.0,109423.6691693359,339820.13643866865,-31667.664790751714
19061,Dubuque,IA,6.7,10.0,13.4,5.7,14.3,8.8,22.5,11.6,9.5,15.5,9.4,31.7,21.8,10.2,34.9,2.9,35.3,11.3,3.7,93653.0,36815.0,4268.0,0.7513053506027569,0.0,0.1210852829060468,0.2105858861969184,0.1210852829060468,0.0333892133727696,0.204019091753601,0.2105858861969184,12.116923653005982,74966.69075203144,4.557248566516822,Iowa,Dubuque County,8982.0,75919.0,75442.84537601573,-1090.8306350301718,-22891.97182705135
12045,Gulf,FL,14.0,9.8,15.7,7.2,15.7,10.9,23.8,15.7,12.8,19.6,12.8,34.0,25.6,13.1,35.1,3.7,38.0,14.2,5.1,15863.0,5335.0,3450.0,0.0,0.0,0.0,0.0,0.0,0.0,0.0,0.5255626300195423,14.96867004470772,54296.93979701192,21.748723444493475,Florida,Gulf County,1412.0,67361.0,60828.96989850596,-68132.20670225177,18577.59713797943
51161,Roanoke,VA,7.5,10.5,14.3,5.4,12.3,9.5,20.9,10.7,8.6,15.2,9.6,33.7,21.1,10.8,34.4,2.8,32.4,11.3,3.7,92376.0,37608.0,2328.0,0.7336645882047285,0.0,0.0,0.2061682688144106,0.0,0.1007729280332554,0.3011171732917641,0.2061682688144106,7.396387738997248,82479.80991816056,2.5201351000259806,Virginia,Roanoke County,6858.0,82931.0,82705.40495908028,-6316.441712505228,-20549.627366308483
56029,Park,WY,10.6,10.0,13.9,5.6,13.1,8.7,23.8,15.7,12.8,15.9,12.8,34.0,22.9,10.5,31.8,2.9,31.8,10.7,3.8,28205.0,11885.0,942.0,0.7463215741889736,0.0,0.0,0.0,0.0,0.0,0.0,0.0,7.725693712890647,75492.82800921822,3.339833362878922,Wyoming,Park County,2519.0,70533.0,73012.9140046091,-56443.293414384476,11353.21181044775
28109,Pearl River,MS,11.7,9.7,18.5,7.7,18.1,11.8,27.7,19.2,10.2,22.2,14.6,37.0,31.4,15.5,38.1,4.2,40.0,17.2,5.8,55834.0,20816.0,1124.0,0.2161407027975785,0.0,0.1381953648314647,0.2161407027975785,0.1381953648314647,0.2717340688469391,0.2717340688469391,0.4100906257835727,16.52376042726916,57407.984310635096,2.0131102912204035,Mississippi,Pearl River County,9120.0,56535.0,56971.49215531755,-33482.87461637289,-255.16010284160802
48183,Gregg,TX,16.7,10.7,17.0,6.9,15.7,12.3,23.8,15.7,12.8,23.1,12.8,34.0,28.7,15.1,37.2,4.4,40.2,16.9,6.0,121730.0,45798.0,4414.0,0.7770968536925984,0.0,0.3421260165941017,0.4038938634683315,0.3421260165941017,0.3761439250800953,0.5760946356691038,0.4683069087324406,18.13938575860882,61781.24180563542,3.626057668610859,Texas,Gregg County,20595.0,64809.0,63295.12090281771,22284.83224546921,-4984.736013210666
8065,Lake,CO,12.0,10.2,13.3,4.4,10.2,7.8,23.8,15.7,12.8,14.7,12.8,34.0,16.9,9.2,23.7,2.6,29.5,9.1,4.0,7310.0,2953.0,133.0,1.0,0.0,0.2968536251709986,0.2968536251709986,0.2968536251709986,0.0,0.0,0.2968536251709986,16.728794194699756,60667.59097127223,1.8194254445964435,Colorado,Lake County,525.0,93655.0,77161.29548563612,-72987.98650224632,24656.04798443019
28001,Adams,MS,16.0,10.4,20.4,9.0,20.7,16.8,33.0,32.9,22.1,29.3,24.6,38.0,39.8,20.8,41.5,6.7,40.4,31.3,9.1,32297.0,12643.0,2320.0,0.5251880979657554,0.0,0.3946186952348515,0.3946186952348515,0.3946186952348515,0.291698919404279,0.291698919404279,0.8694305972690962,34.09931751698458,37448.15766170232,7.183329721026721,Mississippi,Adams County,7682.0,40250.0,38849.078830851155,-57894.40688487854,16885.5837408586
31045,Dawes,NE,8.2,9.5,12.5,5.7,14.4,9.6,20.2,12.2,9.1,15.7,9.8,29.7,25.5,11.0,38.3,3.1,34.8,10.6,4.1,9182.0,3684.0,1132.0,0.6718579830102375,0.0,0.0,0.0,0.0,0.0,0.6718579830102375,0.0,14.382064089045256,64048.1396209976,12.328468743193206,Nebraska,Dawes County,932.0,54381.0,59214.5698104988,-73015.68112066222,21085.830594561994
31185,York,NE,9.5,9.5,12.9,5.8,15.0,9.3,20.9,12.8,9.1,15.8,10.1,31.2,25.6,11.1,41.8,3.1,30.6,8.5,4.1,13665.0,5564.0,737.0,0.6233443102817416,0.0,0.0,0.0,0.0,0.0,0.0,0.0,10.223945810814405,74730.74511525796,5.393340651298939,Nebraska,York County,1211.0,74058.0,74394.37255762899,-68746.24320652518,18533.451440730216
53029,Island,WA,7.3,10.6,13.6,4.4,10.2,7.7,23.8,15.7,12.8,14.3,12.8,34.0,14.7,9.5,31.8,2.7,31.0,7.8,3.5,78506.0,32746.0,1466.0,0.3015056174050391,0.0,0.0819555193233638,0.1644587674827401,0.0819555193233638,0.0,0.0780959417114615,0.1889409726645097,9.073167112730273,76653.71915522381,1.8673731944055232,Washington,Island County,5875.0,88358.0,82505.8595776119,-16659.912863184312,-8214.866899284356
1037,Coosa,AL,11.9,10.5,18.6,7.9,18.3,13.5,28.1,23.1,17.4,24.8,17.1,37.4,30.6,16.6,41.6,4.8,41.9,13.8,6.3,11539.0,4794.0,124.0,0.0,0.0,0.3168385475344484,0.3168385475344484,0.0,0.0,0.0,0.6596758817921831,14.191683646932752,46458.46615824595,1.0746165178958316,Alabama,Coosa County,1161.0,57063.0,51760.733079122976,-71902.36686700577,20764.135742804712
17033,Crawford,IL,8.7,10.5,14.8,7.0,15.7,9.9,25.6,14.8,14.3,18.7,12.5,34.3,22.9,12.3,40.0,3.5,36.8,13.4,4.5,19817.0,7763.0,1495.0,0.3337538477065146,0.0,0.1595095120351213,0.1595095120351213,0.1595095120351213,0.1595095120351213,0.1595095120351213,0.5276782560427915,11.7686206607955,64765.56930917899,7.54402785487208,Illinois,Crawford County,1963.0,67614.0,66189.78465458949,-63825.78261857998,15228.420998704203
17093,Kendall,IL,9.1,9.5,11.6,4.6,10.7,9.1,24.8,12.0,9.5,14.9,11.2,33.3,19.4,9.6,39.0,2.6,34.2,8.3,3.7,114736.0,38022.0,208.0,0.4810870171524194,0.0,0.0252056895830428,0.0252056895830428,0.0252056895830428,0.0,0.4999041277367173,0.0252056895830428,5.382512246605319,99887.4075791382,0.1812857342072235,Illinois,Kendall County,6533.0,110474.0,105180.7037895691,16302.036814784457,-14283.566018513713
35061,Valencia,NM,19.2,9.6,16.9,5.6,13.7,12.4,26.8,24.3,18.8,25.1,20.0,35.9,28.0,14.5,35.6,4.6,35.6,13.4,7.4,76569.0,27500.0,1529.0,0.7840771069231673,0.0,0.4596768927372696,0.4596768927372696,0.4325510324021471,0.0614870247750395,0.1508312763651086,0.5628387467512962,19.57328468237152,53561.093419007695,1.9968916924603948,New Mexico,Valencia County,13941.0,58333.0,55947.04670950385,1757.95949426257,31662.616719852707
48135,Ector,TX,27.8,9.2,17.1,5.9,14.2,13.6,23.8,15.7,12.8,26.5,12.8,34.0,32.5,15.6,40.1,4.6,37.6,16.4,7.4,137130.0,48688.0,2175.0,0.9217457886676876,0.0,0.071494202581492,0.2987092539925618,0.071494202581492,0.0647706555822941,0.2074309049806752,0.3214395099540582,11.897214207798315,71432.29502661708,1.5860861955808356,Texas,Ector County,24626.0,71031.0,71231.64751330853,61507.38919950949,25502.09169433291
24041,Talbot,MD,8.4,10.6,13.1,5.6,11.8,9.2,22.1,13.1,10.7,16.2,12.3,34.1,21.5,10.6,30.8,3.0,34.0,9.9,4.0,37782.0,16157.0,383.0,0.3386268593510137,0.0,0.3386268593510137,0.3386268593510137,0.3386268593510137,0.2371764332221692,0.2371764332221692,0.5030967127203431,9.48553265988078,84680.5590228151,1.0137102323857925,Maryland,Talbot County,3799.0,84378.0,84529.27951140754,-50849.23649976817,8852.37504337748
48365,Panola,TX,14.5,10.8,16.8,6.9,16.0,11.3,23.8,15.7,12.8,21.5,12.8,34.0,27.3,14.1,37.5,4.0,41.3,14.6,5.3,23796.0,9271.0,358.0,0.2877374348630022,0.0,0.4869305765674903,0.4869305765674903,0.2877374348630022,0.4686081694402421,0.4686081694402421,0.6678013111447302,15.948321937152274,58273.822491174986,1.5044545301731382,Texas,Panola County,2635.0,62593.0,60433.41124558749,-60477.42484575986,16484.032631623195
39159,Union,OH,6.5,10.3,12.0,5.3,12.2,9.3,20.1,9.5,6.9,13.7,8.7,32.9,22.8,9.1,39.0,2.4,35.1,7.2,3.2,52300.0,18065.0,2932.0,0.4066156787762906,0.0,0.0,0.0,0.0,0.0,0.2795028680688337,0.0,6.836685634332093,95631.33521988528,5.606118546845124,Ohio,Union County,3169.0,109506.0,102568.66760994264,-37745.77804155372,-1392.0017670744273
38071,Ramsey,ND,8.1,10.4,14.2,6.3,16.3,9.8,22.0,13.5,9.3,18.0,11.3,27.9,24.4,11.3,41.4,3.5,32.7,12.0,4.8,11451.0,4955.0,492.0,0.7515500829621867,0.0,0.0,0.0,0.0,0.0,0.0,0.0,11.435727100676832,85398.65164614444,4.296567985328792,North Dakota,Ramsey County,1800.0,61319.0,73358.82582307223,-71301.99491770085,19910.986487985843
31089,Holt,NE,9.9,9.4,13.1,6.1,15.0,9.6,20.6,12.8,9.6,16.1,9.9,29.3,27.1,11.4,38.7,3.2,33.8,11.9,4.3,10435.0,4447.0,160.0,0.4136080498322951,0.0,0.0,0.0,0.0,0.0,0.0,0.0,8.408638347716725,71585.40967896502,1.5333013895543843,Nebraska,Holt County,1078.0,67225.0,69405.20483948251,-71135.75899713082,19984.568046844364
26041,Delta,MI,7.3,11.9,16.7,7.9,17.2,10.0,22.9,15.4,14.9,18.9,12.0,33.1,24.3,12.8,40.0,3.6,31.0,10.0,4.7,37069.0,15992.0,623.0,0.4532088807359249,0.0,0.1341822007607434,0.3167066821333189,0.0901831719226307,0.1825244813725754,0.2897299630418948,0.3900024279047182,13.227991943211151,58872.88240848148,1.6806495993957216,Michigan,Delta County,5066.0,54829.0,56850.941204240735,-47780.222506195714,6300.254115498075
29075,Gentry,MO,10.1,10.9,20.0,8.4,19.5,10.6,20.4,15.5,12.9,21.8,13.1,32.7,31.4,15.4,40.9,3.9,39.2,21.0,5.2,6738.0,2674.0,177.0,0.0,0.0,0.0,0.0,0.0,0.0,0.0,0.4440486791332739,17.495146762792807,55603.15791035916,2.626892252894034,Missouri,Gentry County,948.0,57458.0,56530.578955179575,-74091.65726353381,21777.547556505306
18115,Ohio,IN,8.0,11.2,15.8,7.3,16.9,10.5,23.2,12.9,7.4,18.9,10.4,33.4,23.9,12.2,39.2,3.2,36.0,20.8,4.2,6128.0,2477.0,52.0,0.0,0.0,0.0,0.0,0.0,0.0,0.0,0.4213446475195822,6.173533521765242,72738.56592689294,0.8485639686684074,Indiana,Ohio County,529.0,67942.0,70340.28296344647,-75380.40212147088,22025.042477147952
22007,Assumption,LA,10.6,10.8,21.2,8.6,20.9,13.4,30.9,25.9,22.2,26.1,19.2,38.8,33.4,17.3,38.3,5.1,39.5,20.1,6.9,23421.0,8736.0,199.0,0.0,0.0,0.0,0.0,0.0,0.1269373639041885,0.2886725588147389,0.3075018146108193,17.17583385826213,57196.12975534776,0.8496648307074848,Louisiana,Assumption Parish,2861.0,52546.0,54871.06487767388,-62556.69965222252,16036.417132071803
45081,Saluda,SC,17.4,9.8,17.1,7.6,16.1,13.3,26.2,23.0,14.3,23.6,17.7,34.8,30.4,16.0,43.5,4.7,41.1,14.8,6.6,19875.0,7527.0,239.0,0.0,0.0,0.0,0.0,0.0,0.4550943396226415,0.4550943396226415,0.7557735849056604,16.613891483839673,50102.834264150944,1.2025157232704402,South Carolina,Saluda County,3630.0,52957.0,51529.91713207547,-64183.56219419569,20713.100558691916
31055,Douglas,NE,10.4,8.7,12.4,5.2,13.5,9.3,21.4,13.3,9.2,15.5,10.9,29.1,21.9,10.5,36.9,3.0,32.2,14.7,4.3,517110.0,202411.0,12188.0,0.9497224961806966,0.0049834658003132,0.0615168919572238,0.3923304519347914,0.0615168919572238,0.1212565991761907,0.1475856200808338,0.4407785577536694,13.266577406839229,81243.18821527335,2.356945330780685,Nebraska,Douglas County,64580.0,79081.0,80162.09410763667,345351.8896485643,-147688.81422056272
2188,Northwest Arctic,AK,14.2,13.2,20.3,9.1,28.6,14.6,32.5,32.1,24.1,29.9,24.4,37.8,30.8,19.1,40.9,5.6,42.7,30.4,9.5,7523.0,1919.0,382.0,0.4254951482121494,0.0,0.5745048517878506,0.5745048517878506,0.5745048517878506,0.5745048517878506,0.5745048517878506,0.5745048517878506,25.020669793575184,61338.82094908946,5.077761531304001,Alaska,Northwest Arctic Borough,1384.0,81298.0,71318.41047454473,-77227.54519760083,25316.667852403436
17167,Sangamon,IL,7.4,10.6,13.5,6.1,13.5,9.8,24.6,14.1,13.8,17.1,12.3,34.3,21.0,11.4,39.6,3.2,36.9,12.5,4.2,197465.0,82986.0,3966.0,0.7665257134175677,0.0,0.106054237459803,0.3544324310637328,0.106054237459803,0.1966677639075279,0.26041070569468,0.3834806168181703,15.30255982018184,78088.5240118502,2.00845719494594,Illinois,Sangamon County,24702.0,74114.0,76101.26200592509,78519.19848030628,-66988.57552850919
51067,Franklin,VA,9.4,11.3,16.7,6.9,15.7,11.0,20.9,13.9,12.3,19.0,11.7,33.2,25.1,13.2,34.9,3.5,36.3,11.4,4.7,56159.0,22780.0,1472.0,0.1169180362898199,0.0,0.4529817126373333,0.4529817126373333,0.1169180362898199,0.4842322690931106,0.4842322690931106,0.7537527377624246,16.330157875368275,62043.036841824105,2.621129293612778,Virginia,Franklin County,6179.0,68348.0,65195.51842091205,-32541.300011505497,-1581.021574442766
54051,Marshall,WV,8.6,12.1,19.6,8.7,21.1,12.4,23.3,16.0,18.1,23.1,13.1,32.6,30.8,14.9,37.3,3.9,44.9,22.3,5.0,33107.0,13869.0,447.0,0.2108315461986891,0.0,0.0341921647989851,0.0341921647989851,0.0341921647989851,0.2316428549853505,0.3748451989005346,0.2956474461594224,15.159158579820833,55539.76397740659,1.3501676382638113,West Virginia,Marshall County,4396.0,60329.0,57934.381988703295,-50616.290837256936,7654.487126696327
55111,Sauk,WI,8.4,10.9,13.9,5.7,15.2,9.8,19.9,12.2,12.6,17.3,10.3,31.8,28.2,11.8,40.2,3.1,35.3,8.0,4.0,61976.0,25192.0,858.0,0.4476571576093971,0.0,0.0558926035884858,0.1023783400025816,0.0558926035884858,0.0,0.1867981153995095,0.1023783400025816,10.390339395069343,71868.6410384665,1.38440686717439,Wisconsin,Sauk County,5690.0,77648.0,74758.32051923325,-26525.337172971886,-5081.854696747643
20151,Pratt,KS,9.8,10.0,15.5,6.4,16.0,9.9,20.9,13.1,7.6,17.7,11.7,31.3,27.1,12.3,37.6,3.3,33.8,14.1,4.3,9656.0,3956.0,380.0,0.7759942004971002,0.0,0.3838028169014084,0.3838028169014084,0.3838028169014084,0.0,0.0,0.3838028169014084,11.41854502799304,68080.15865782934,3.935376967688484,Kansas,Pratt County,813.0,64348.0,66214.07932891467,-71774.04483228001,20801.68310157284
36009,Cattaraugus,NY,7.0,11.6,15.5,7.6,17.1,9.6,24.8,17.3,16.9,18.9,14.4,33.7,26.8,13.2,35.9,3.9,40.1,12.2,5.1,80317.0,32263.0,2679.0,0.3174919381949027,0.0,0.0808048109366634,0.0808048109366634,0.0808048109366634,0.4700623778278571,0.5849944594544119,0.6635083481703749,16.584368822815478,59996.35414669373,3.3355329506829188,New York,Cattaraugus County,13039.0,58248.0,59122.177073346866,-9359.816348573644,-14637.57899300144
20143,Ottawa,KS,8.5,10.1,15.3,6.5,16.1,9.4,20.9,12.1,7.2,16.9,10.7,31.0,25.0,12.0,38.3,3.2,33.9,14.1,4.1,6091.0,2456.0,98.0,0.0,0.0,0.0,0.0,0.0,0.0,0.0,0.0,10.44073170905772,67201.90362830406,1.6089312099819406,Kansas,Ottawa County,685.0,76755.0,71978.45181415204,-75059.25073132162,22203.029449733192
6065,Riverside,CA,13.0,9.5,16.2,4.9,11.6,11.3,28.4,21.0,17.3,23.9,18.7,37.1,26.9,14.7,37.0,4.0,38.5,9.6,6.0,2189641.0,686260.0,35829.0,0.8961816115061784,0.0057187456756609,0.1381240121097476,0.3489325419098382,0.13804820059544,0.069022730210112,0.0972008653473331,0.4428575277865184,15.083083438160871,75007.66135955621,1.6362956301969136,California,Riverside County,266955.0,89672.0,82339.8306797781,1964677.8375637583,175643.00122091858
30053,Lincoln,MT,11.8,11.8,17.7,7.6,17.4,9.4,22.7,15.6,12.7,20.5,12.2,30.0,24.0,13.0,37.6,4.0,36.7,15.7,5.2,19687.0,8843.0,209.0,0.1208411642200436,0.0,0.1816427083862447,0.3024838726062884,0.0,0.0,0.0,0.800782242088688,18.406428407258797,48099.08919591609,1.0616142632193837,Montana,Lincoln County,3303.0,47018.0,47558.54459795804,-62103.86965105108,15527.833381908176
17009,Brown,IL,12.0,10.0,15.8,7.7,18.0,11.4,30.0,19.9,18.9,22.2,16.3,36.0,26.3,13.8,41.6,4.2,40.0,18.0,5.5,6937.0,2099.0,2110.0,0.6243332852818221,0.0,0.0,0.0,0.0,0.0,0.0,0.0,10.598628469719523,76809.23035894478,30.416606602277643,Illinois,Brown County,399.0,72288.0,74548.6151794724,-75434.48424750225,22574.949637207654
12079,Madison,FL,17.4,11.0,18.7,8.9,19.1,13.3,23.8,15.7,12.8,24.5,12.8,34.0,30.5,17.0,37.9,5.4,44.3,19.3,7.5,19224.0,6985.0,1933.0,0.0,0.0,0.3806699958385351,0.3806699958385351,0.0,0.8065439034540158,0.8065439034540158,1.0,28.72451035646542,44500.48689138576,10.055139409071993,Florida,Madison County,3413.0,48176.0,46338.243445692875,-66214.22208866947,18856.881570558864
32023,Nye,NV,14.4,11.4,18.8,7.8,18.6,10.9,27.8,20.2,18.0,24.6,16.8,39.2,29.1,15.0,40.1,4.3,38.6,17.5,6.1,43946.0,18032.0,334.0,0.8324534656168935,0.0,0.5272834842761571,0.5272834842761571,0.5272834842761571,0.196741455422564,0.5019114367633004,0.5272834842761571,16.758574923055278,55332.45888135439,0.7600236654075456,Nevada,Nye County,8081.0,55975.0,55653.7294406772,-40384.03860153061,9734.118913472847
8115,Sedgwick,CO,12.9,11.5,16.8,6.5,14.5,9.0,23.8,15.7,12.8,18.6,12.8,34.0,20.5,11.9,28.5,3.6,33.2,14.9,5.1,2379.0,1093.0,35.0,0.0,0.0,0.0,0.0,0.0,0.0,0.0,1.0,17.0305676855895,61667.0,1.4712063892391762,Colorado,Sedgwick County,336.0,52833.0,57250.0,-78209.90168197153,24427.79719285809
1105,Perry,AL,14.5,12.2,22.4,10.7,23.3,20.5,31.8,41.9,39.6,35.4,29.8,39.7,40.3,24.1,54.0,8.4,47.4,30.1,11.1,10591.0,3947.0,721.0,0.0,0.0,1.0,1.0,0.0,0.900387121140591,0.900387121140591,1.0,41.67986635663843,32099.84128033236,6.8076668869795105,Alabama,Perry County,2296.0,34368.0,33233.92064016618,-73736.90542860224,22552.699320259497
41027,Hood River,OR,11.9,11.3,15.0,5.4,11.4,9.4,23.8,15.7,12.8,18.2,12.8,34.0,19.8,11.1,31.3,3.1,29.8,13.7,4.5,22346.0,8173.0,787.0,0.5574151973507563,0.0,0.0,0.0,0.0,0.0,0.0,0.0,10.003909732066704,72195.10525373669,3.521883111071333,Oregon,Hood River County,1306.0,82095.0,77145.05262686835,-59364.37226054872,20757.755700639347
31103,Keya Paha,NE,9.4,9.3,13.2,6.3,15.7,9.7,20.6,12.9,9.7,16.1,10.0,29.9,26.4,11.4,38.0,3.2,30.9,14.3,4.3,824.0,381.0,0.0,0.0,0.0,1.0,1.0,1.0,1.0,0.0,1.0,6.06060606060606,55250.0,0.0,Nebraska,Keya Paha County,98.0,60313.0,57781.5,-79734.71711131286,24935.002940076345
48081,Coke,TX,17.9,10.3,17.4,7.2,16.2,11.8,23.8,15.7,12.8,23.1,12.8,34.0,29.1,14.8,37.0,4.2,40.3,19.6,6.0,3320.0,1466.0,35.0,0.0,0.0,0.5048192771084338,0.5048192771084338,0.5048192771084338,0.5048192771084338,0.0,0.5048192771084338,15.633036200379514,59194.23012048193,1.0542168674698795,Texas,Coke County,449.0,46431.0,52812.61506024096,-77297.4445347089,24185.796094182653
50015,Lamoille,VT,6.4,11.3,13.4,5.2,12.0,6.8,23.8,15.7,12.8,13.9,12.8,34.0,18.3,9.1,28.9,2.7,30.8,8.2,3.5,24475.0,10014.0,694.0,0.0,0.0,0.0,0.0,0.0,0.0,0.0,0.1407967313585291,14.678532250599773,72239.98116445352,2.835546475995914,Vermont,Lamoille County,2045.0,69897.0,71068.49058222676,-58846.69951472487,12607.877111343294
1001,Autauga,AL,9.1,10.0,15.9,6.4,14.5,11.4,24.3,17.0,11.6,20.0,13.2,33.7,26.0,13.4,39.5,3.6,37.7,12.0,4.8,54571.0,20221.0,455.0,0.5344596947096443,0.0,0.2738267578017628,0.2738267578017628,0.15995675358707,0.0608381741217863,0.449341225192868,0.2738267578017628,15.139878741337538,75759.55377398252,0.8337761814883363,Alabama,Autauga County,6275.0,69841.0,72800.27688699125,-36889.83480635627,1164.1653133586115
27009,Benton,MN,8.2,10.4,14.6,5.5,15.9,9.3,21.7,12.8,9.6,16.3,10.7,30.8,23.3,10.9,41.2,3.2,28.8,8.2,4.1,38451.0,15079.0,1048.0,0.6414657616186835,0.0,0.3918493667264831,0.561025721047567,0.3918493667264831,0.561025721047567,0.561025721047567,0.561025721047567,12.702561424679477,69309.43067800577,2.7255467998231517,Minnesota,Benton County,3976.0,71480.0,70394.71533900288,-46938.0077567427,5758.168385962828
29223,Wayne,MO,12.4,11.5,23.4,10.9,24.7,12.6,21.8,21.4,19.6,27.1,16.7,32.7,36.0,18.5,41.3,5.3,41.2,24.6,7.0,13521.0,5717.0,133.0,0.0,0.0,0.445603135862732,0.445603135862732,0.0,0.4779232305302862,0.4779232305302862,0.7443976037275349,23.957960156107315,43691.09481547223,0.9836550550994748,Missouri,Wayne County,2697.0,43393.0,43542.047407736114,-67467.81591232296,18392.000576141356
51700,Newport News,VA,10.3,11.6,16.0,6.3,14.7,13.3,24.4,19.1,17.0,21.2,16.2,36.6,28.3,14.9,41.5,4.2,41.6,13.3,5.7,180719.0,70664.0,7499.0,1.0,0.0,0.254477946425113,0.6262872193847907,0.254477946425113,0.2600944006994284,0.2950215527974369,0.7094605437170414,15.84697548684728,63517.56998434033,4.149536020008965,Virginia,Newport News city,26927.0,66718.0,65117.78499217016,40093.02624491637,-22331.67098721035
12047,Hamilton,FL,20.2,11.0,20.1,10.1,21.5,14.7,23.8,15.7,12.8,28.6,12.8,34.0,31.6,18.5,42.0,6.1,44.2,22.4,8.7,14799.0,4617.0,3064.0,0.0,0.0,0.4456382187985674,0.4456382187985674,0.0,0.8810730454760457,0.8810730454760457,1.0,28.662976145441103,44865.11967024799,20.704101628488413,Florida,Hamilton County,2933.0,47696.0,46280.55983512399,-69548.44167090119,20762.012135047073
19097,Jackson,IA,7.4,10.2,14.9,6.5,16.8,9.6,24.0,12.5,10.9,17.5,10.2,33.9,25.0,11.3,40.2,3.2,36.0,11.9,4.1,19848.0,8289.0,201.0,0.3269850866586054,0.0,0.1229343006852075,0.3269850866586054,0.1229343006852075,0.3269850866586054,0.3269850866586054,0.3269850866586054,12.491850284465992,68351.57365981459,1.0126964933494558,Iowa,Jackson County,1977.0,71605.0,69978.2868299073,-63179.56608055696,14681.245876344452
20193,Thomas,KS,8.6,10.0,14.1,5.7,13.9,9.0,20.2,10.9,6.1,15.7,10.2,30.1,24.4,11.1,36.5,2.9,35.8,13.9,3.7,7900.0,3196.0,353.0,0.7491139240506329,0.0,0.0,0.0,0.0,0.0,0.0,0.0,11.093650365471124,70888.45113924051,4.468354430379747,Kansas,Thomas County,516.0,73575.0,72231.72556962026,-73553.4848210494,21523.113230994495
48377,Presidio,TX,35.5,9.2,20.1,6.7,16.2,17.8,23.8,15.7,12.8,34.4,12.8,34.0,41.0,20.2,42.5,6.7,41.5,25.7,11.3,7818.0,2906.0,0.0,0.6630851880276285,0.0,0.6630851880276285,0.6630851880276285,0.6630851880276285,0.0,0.0,1.0,33.554145465811175,40276.81427475058,0.0,Texas,Presidio County,2192.0,29014.0,34645.40713737529,-70084.26044094466,26675.546160979407
54003,Berkeley,WV,8.9,12.2,18.1,7.5,17.2,12.0,23.8,15.5,15.9,21.5,13.5,34.0,30.4,14.3,38.1,3.5,36.4,15.5,4.7,104169.0,39855.0,910.0,0.6379633096218644,0.0,0.0,0.1307682707907342,0.0,0.0,0.2863519857155199,0.1307682707907342,12.84036749575729,71219.35469285487,0.8735804317983277,West Virginia,Berkeley County,14159.0,77329.0,74274.17734642743,8192.133825016848,-22575.794769228607
48251,Johnson,TX,16.7,10.2,15.9,6.2,14.3,11.0,23.8,15.7,12.8,20.7,12.8,34.0,26.7,13.0,33.1,3.6,41.1,16.2,5.1,150934.0,52193.0,2644.0,0.4435183590178488,0.0,0.0916493301708031,0.1562139743199014,0.0916493301708031,0.0,0.0455430850570448,0.3711887314985357,11.00714207661556,71434.84023480462,1.751759047000676,Texas,Johnson County,19933.0,81826.0,76630.4201174023,58635.56003979218,-24720.192035493154
27145,Stearns,MN,8.2,10.3,14.4,5.4,15.1,9.4,22.7,13.6,10.2,16.4,11.5,31.2,23.0,10.6,37.4,3.3,31.3,9.2,4.2,150642.0,56232.0,8213.0,0.6058801662219035,0.0261082566614888,0.2240742953492386,0.3364068453684895,0.2240742953492386,0.1782238685094462,0.266658700760744,0.382443143346477,13.51879221784036,75106.70196890642,5.451998778561092,Minnesota,Stearns County,18584.0,76447.0,75776.85098445321,47595.23890144145,-47820.20756712856
39027,Clinton,OH,8.6,11.3,15.9,7.9,18.3,11.2,21.3,14.9,12.8,19.7,12.2,36.8,29.0,12.9,39.9,3.7,42.5,15.9,4.7,42040.0,16210.0,1145.0,0.5599666983824929,0.0,0.2032588011417697,0.2032588011417697,0.2032588011417697,0.2032588011417697,0.353116079923882,0.2032588011417697,13.110484934202958,62280.561417697434,2.7235965746907707,Ohio,Clinton County,6018.0,68125.0,65202.78070884872,-43460.30803950882,3805.4346655643167
22093,St. James,LA,8.2,10.7,18.2,6.8,16.8,13.4,31.6,22.7,19.2,22.9,18.6,38.0,30.7,15.5,43.7,4.5,44.3,18.1,6.0,22102.0,7717.0,204.0,0.7864446656411185,0.0,0.0,0.3362591620667813,0.0,0.3362591620667813,0.4684643923626821,0.5498144964256628,16.792947214007263,64601.97520586373,0.9229933942629628,Louisiana,St. James Parish,2057.0,64536.0,64568.98760293187,-66158.9994531879,17744.871596139612
48125,Dickens,TX,20.3,10.0,17.3,7.1,15.9,12.2,23.8,15.7,12.8,23.9,12.8,34.0,29.8,15.0,38.1,4.4,38.0,14.6,6.3,2444.0,930.0,315.0,0.0,0.0,0.0,0.0,0.0,0.0,0.0,0.0,17.249640632486802,57292.0,12.888707037643208,Texas,Dickens County,229.0,50417.0,53854.5,-78104.91885298975,24818.603686315084
2170,Matanuska-Susitna,AK,9.9,10.7,15.0,6.2,17.0,8.3,24.7,13.1,9.5,18.1,11.8,32.7,22.5,11.5,37.0,3.2,34.2,14.7,4.3,88995.0,31824.0,1370.0,0.3322658576324512,0.0,0.2195291870329793,0.2195291870329793,0.1413674925557615,0.0550030900612393,0.0550030900612393,0.2623181077588629,10.672113057814425,89962.33835608742,1.5394123265351989,Alaska,Matanuska-Susitna Borough,11111.0,90625.0,90293.66917804372,-7657.505175936138,-12180.429946358581
39171,Williams,OH,9.5,11.2,15.8,7.8,18.3,11.6,22.2,14.8,12.3,19.4,12.2,35.8,29.9,12.7,40.7,3.6,38.4,15.8,4.7,37642.0,15075.0,990.0,0.4489134477445407,0.0,0.1282609850698687,0.1282609850698687,0.1282609850698687,0.1282609850698687,0.2468784867966633,0.1282609850698687,13.615639389412031,61067.35989054779,2.630040911747516,Ohio,Williams County,4262.0,61834.0,61450.67994527389,-46936.550826242674,6380.519694197988
17143,Peoria,IL,8.1,10.6,14.0,6.5,14.3,10.9,25.3,16.6,16.3,18.7,13.8,35.3,22.6,12.2,35.1,3.6,38.3,11.4,4.8,186494.0,75793.0,4979.0,0.7868081546859417,0.0,0.2918056344976246,0.4633339410383176,0.2918056344976246,0.3076506482782288,0.4481162932855749,0.4866161914056216,16.723582815290477,70636.33701888533,2.669790985232769,Illinois,Peoria County,26991.0,64938.0,67787.16850944266,65576.56226042332,-49540.59129330018
22039,Evangeline,LA,12.0,11.0,22.4,9.9,22.5,15.0,30.3,29.3,26.5,29.1,21.2,36.9,35.8,19.3,44.9,6.0,43.0,29.3,8.1,33984.0,12829.0,1379.0,0.2052730696798493,0.0,0.0985169491525423,0.2052730696798493,0.0985169491525423,0.7248411016949152,0.7248411016949152,0.9008356873822976,27.421466625623623,41043.96554260828,4.057791902071564,Louisiana,Evangeline Parish,7022.0,42273.0,41658.482771304145,-51870.56771127447,11975.10748693256
5033,Crawford,AR,12.1,10.3,19.7,7.9,17.1,10.9,27.4,18.7,11.1,23.7,14.5,34.9,29.9,15.6,38.7,4.1,37.9,17.5,5.7,61948.0,23447.0,540.0,0.5246819913475819,0.0,0.1446697229934784,0.1446697229934784,0.1446697229934784,0.0782430425518176,0.3896332407825918,0.1446697229934784,15.925164063474526,54974.320898172664,0.8716988441919029,Arkansas,Crawford County,9998.0,60362.0,57668.16044908633,-24153.480476844925,-932.4872460379593
37059,Davie,NC,10.2,10.6,15.4,6.1,14.0,9.2,21.9,12.8,9.8,16.8,10.8,33.3,21.8,11.6,33.3,3.2,33.5,13.7,4.3,41240.0,16245.0,365.0,0.4060135790494665,0.0,0.0,0.0,0.0,0.155019398642095,0.3649369544131911,0.155019398642095,13.692334070547064,69323.46093598448,0.8850630455868089,North Carolina,Davie County,4310.0,73234.0,71278.73046799224,-45128.61907819706,7207.770962589475
25003,Berkshire,MA,5.2,12.2,15.4,5.9,13.3,8.2,24.2,12.6,15.5,16.1,11.5,34.5,20.4,10.4,31.5,3.0,38.2,10.1,3.9,131219.0,56091.0,6159.0,0.7065287801309261,0.0,0.2813616930475007,0.3976558272811102,0.2813616930475007,0.1880596559949397,0.4001554652908496,0.4952026764416738,11.561392802356036,76435.25127458676,4.693680031093058,Massachusetts,Berkshire County,13481.0,72565.0,74500.12563729339,29737.14951615152,-39306.873851066484
20003,Anderson,KS,10.3,10.5,17.3,7.5,18.8,10.2,23.1,15.2,9.3,19.7,12.5,32.2,28.0,13.7,40.3,3.7,35.5,14.1,4.7,8102.0,3260.0,103.0,0.0,0.0,0.0,0.0,0.0,0.0,0.6299679091582325,0.0,13.905139436809709,62403.90767711676,1.271291039249568,Kansas,Anderson County,840.0,64925.0,63664.45383855838,-73117.15892599439,21129.895514875338
39009,Athens,OH,8.3,11.5,15.7,8.3,18.0,12.6,21.6,15.6,14.5,20.5,12.6,35.9,26.5,13.1,37.9,4.0,38.7,17.6,5.0,64757.0,23578.0,9345.0,0.3486881727071976,0.0997884398597835,0.3427119848047315,0.4126194851521843,0.2787806723597449,0.5056750621554427,0.5056750621554427,0.9386630016832156,36.98493587571219,59034.76036567475,14.430872338125608,Ohio,Athens County,11914.0,53837.0,56435.880182837376,-23603.53850051098,-5571.827969889182
8123,Weld,CO,13.7,10.7,15.7,5.3,12.6,9.3,23.8,15.7,12.8,16.8,12.8,34.0,20.6,10.8,33.6,3.2,33.5,11.2,4.6,252825.0,89349.0,5895.0,0.6570513200830614,0.0073924651438742,0.1819005240779195,0.3184653416394739,0.1819005240779195,0.0528310095916147,0.0706417482448333,0.3429645011371502,11.251879859774926,78502.77376248394,2.3316523286858497,Colorado,Weld County,30256.0,93287.0,85894.88688124197,156668.24386432001,-28912.948413514514
12123,Taylor,FL,16.4,10.6,18.8,9.3,19.7,12.8,23.8,15.7,12.8,24.4,12.8,34.0,30.5,16.7,40.9,5.0,41.6,16.6,6.9,22570.0,7920.0,3254.0,0.2676118741692512,0.0,0.8478954364200266,0.8478954364200266,0.2676118741692512,0.4988923349579087,0.4988923349579087,0.8478954364200266,18.72781157194337,46660.85316792202,14.41736818785999,Florida,Taylor County,3225.0,44985.0,45822.92658396101,-62583.87247298604,15941.532405762453
36107,Tioga,NY,6.2,11.2,13.9,6.4,14.3,8.6,23.3,13.7,12.6,16.0,12.3,32.0,24.2,11.3,30.5,3.3,38.9,18.3,4.2,51125.0,20350.0,523.0,0.2378875305623471,0.0,0.0,0.1611344743276283,0.0,0.0762053789731051,0.2208704156479217,0.3111393643031785,10.434408024249526,76540.30900733496,1.0229828850855749,New York,Tioga County,5810.0,71791.0,74165.65450366748,-36062.09183625711,-1837.1494363193815
36069,Ontario,NY,5.8,10.7,12.4,5.4,11.9,8.1,22.0,11.7,10.3,14.3,11.2,34.2,20.4,9.9,30.8,2.9,39.6,7.1,3.7,107931.0,43019.0,3329.0,0.3050467428264354,0.0,0.0424159879923284,0.1073463601745559,0.0424159879923284,0.0858140849246277,0.4146074807052654,0.1305278372293409,9.907995095523766,82709.74881174084,3.084377982229387,New York,Ontario County,9961.0,79814.0,81261.87440587042,11218.815206183106,-28419.567497597895
13077,Coweta,GA,11.2,9.9,13.5,5.2,12.2,10.8,22.9,13.3,9.5,16.9,12.0,36.5,24.1,11.3,35.2,3.1,37.0,13.1,4.2,127317.0,45673.0,588.0,0.6938036554427138,0.0,0.1882623687331621,0.1882623687331621,0.1882623687331621,0.1882623687331621,0.3919193823291469,0.1882623687331621,10.859802711977158,80092.18257577543,0.4618393458846815,Georgia,Coweta County,12222.0,94142.0,87117.09128788771,20629.172868301306,-24202.306832610837
13215,Muscogee,GA,14.3,11.0,15.8,6.6,15.4,14.1,27.4,22.4,19.4,23.3,19.0,38.7,29.4,14.8,40.4,4.8,44.2,19.4,6.5,189885.0,74081.0,7017.0,1.0,0.0096584774995391,0.2437317323643257,0.5250862364062459,0.2437317323643257,0.3072069937067172,0.4285857229375674,0.5602443584274692,22.336938984253237,58085.60240671986,3.695394580930563,Georgia,Muscogee County,37491.0,56622.0,57353.80120335993,50015.62821810089,-25102.678309547166
51139,Page,VA,10.2,11.1,18.1,7.5,17.5,10.7,22.4,14.3,12.3,20.1,11.5,35.8,26.9,13.8,34.4,3.6,36.9,16.4,4.8,24042.0,9746.0,194.0,0.0,0.0,0.0,0.0,0.0,0.173737625821479,0.173737625821479,1.0,18.32029125454698,59190.972173696035,0.8069212211962399,Virginia,Page County,2234.0,59396.0,59293.48608684802,-58575.34005832538,12966.325461189796
45057,Lancaster,SC,11.8,9.6,14.6,6.1,12.8,11.3,25.2,16.8,9.4,18.2,13.5,33.0,24.8,12.5,35.8,3.6,39.1,16.7,4.8,76652.0,29697.0,2114.0,0.5343370036006888,0.0,0.1210666388352554,0.1562385847727391,0.1210666388352554,0.2647419506340343,0.3362730261441319,0.396506288159474,16.056838610874227,65655.88811772686,2.7579189062255387,South Carolina,Lancaster County,12160.0,74751.0,70203.44405886343,-20529.207634871622,-4952.005046982209
38013,Burke,ND,7.4,9.9,12.5,5.1,13.5,8.2,21.5,9.6,5.5,14.8,8.7,29.7,20.6,9.5,37.2,2.7,31.8,8.2,3.5,1968.0,913.0,2.0,0.0,0.0,0.0,0.0,0.0,0.0,0.0,0.0,6.59090909090909,90714.0,0.1016260162601626,North Dakota,Burke County,111.0,96339.0,93526.5,-78748.97757861507,24336.9299729059
31031,Cherry,NE,9.0,9.7,13.5,6.3,15.9,10.1,21.8,13.5,10.3,16.5,10.5,30.2,26.3,11.6,40.9,3.3,34.7,12.5,4.5,5713.0,2530.0,57.0,0.0,0.0,0.0,0.0,0.0,0.0,0.0,0.0,10.338232379501733,62213.80448100823,0.9977244880098022,Nebraska,Cherry County,389.0,63750.0,62981.90224050412,-75505.34910851411,22629.306651113315
8059,Jefferson,CO,8.6,11.3,12.9,4.4,9.9,7.2,23.8,15.7,12.8,12.7,12.8,34.0,12.8,8.3,22.9,2.4,30.7,5.0,3.3,534543.0,218160.0,7427.0,0.9035998974825225,0.0021102137713897,0.0373085046478954,0.1790520126537996,0.0373085046478954,0.0593217009669942,0.130803321715933,0.1790520126537996,7.518143923041538,99632.68312371502,1.3894111418538826,Colorado,Jefferson County,38319.0,107800.0,103716.34156185752,370620.527295808,-175557.92809752337
13205,Mitchell,GA,16.5,11.2,18.5,8.4,19.6,15.6,28.5,28.0,25.7,26.8,22.3,40.9,33.5,17.6,45.1,5.9,44.7,25.2,7.8,23498.0,8055.0,2135.0,0.3324538258575198,0.0,0.3324538258575198,0.3324538258575198,0.3324538258575198,0.3644991063069197,0.3644991063069197,1.0,23.64148408869669,41343.553962039325,9.08587964933186,Georgia,Mitchell County,5042.0,51908.0,46625.77698101966,-64069.53001763731,18310.331240112373
40059,Harper,OK,14.8,10.7,17.6,7.1,16.1,11.2,24.3,18.8,14.6,20.9,14.7,33.0,31.6,15.3,39.3,4.0,37.9,16.6,5.8,3685.0,1527.0,41.0,0.0,0.0,0.0,0.0,0.0,0.0,0.0,0.0,10.157103765267117,67370.51858887382,1.112618724559023,Oklahoma,Harper County,502.0,59191.0,63280.75929443691,-77045.56415878254,24193.3586865952
17187,Warren,IL,10.1,10.4,15.0,6.8,15.4,10.3,26.1,15.9,14.8,19.4,13.2,35.4,24.0,12.5,37.9,3.5,37.2,11.8,4.7,17707.0,6918.0,1116.0,0.5709606370362004,0.0,0.2867792398486474,0.5709606370362004,0.2867792398486474,0.0,0.0,0.7236121307957305,12.48765797021056,60584.144406167055,6.3025921951770485,Illinois,Warren County,1996.0,64650.0,62617.07220308353,-64719.87426182686,17729.416209789433
27131,Rice,MN,9.2,9.9,13.9,5.0,14.9,9.4,21.9,13.3,9.3,15.8,10.9,29.6,25.4,10.5,38.7,3.1,32.1,7.2,4.1,64142.0,22315.0,7278.0,0.5607246422001185,0.0,0.2654734807146643,0.3193071622337938,0.2654734807146643,0.2654734807146643,0.4533067257023479,0.3193071622337938,10.81114733295244,82971.26431979047,11.346699510461162,Minnesota,Rice County,5550.0,82792.0,82881.63215989523,-26585.408589859006,-2434.0001987373325
27165,Watonwan,MN,14.0,9.7,15.1,5.4,15.5,10.4,23.3,16.9,11.2,19.5,13.7,31.0,27.9,12.0,37.4,3.6,33.1,12.6,5.1,11211.0,4520.0,150.0,0.4161983765944162,0.0,0.0,0.4161983765944162,0.0,0.0,0.0,0.4161983765944162,12.675732365708557,68853.41263045224,1.337971635001338,Minnesota,Watonwan County,1438.0,70593.0,69723.20631522613,-69981.69335312139,21989.04196216204
45073,Oconee,SC,12.9,10.0,16.1,7.5,15.3,11.4,22.6,17.7,10.8,20.5,13.2,31.9,26.4,13.5,38.2,4.0,36.4,18.4,5.3,74273.0,30676.0,795.0,0.2861201244059079,0.0,0.2263002706232413,0.2263002706232413,0.2263002706232413,0.3124015456491592,0.513861026214102,0.5040189570907329,18.392382475294397,59677.36959595008,1.0703755065770872,South Carolina,Oconee County,12905.0,60193.0,59935.18479797504,-14648.481524468822,-8266.848571929044
55083,Oconto,WI,8.2,11.2,14.5,6.0,15.8,9.4,21.1,12.6,13.2,17.0,10.5,32.4,27.3,11.7,42.0,3.2,32.9,16.6,4.1,37660.0,15415.0,281.0,0.0,0.0,0.1339883165161975,0.1339883165161975,0.0,0.1045937334041423,0.1045937334041423,0.3904407859798194,9.412793434234707,68941.56970260222,0.7461497610196495,Wisconsin,Oconto County,3265.0,75886.0,72413.78485130111,-48096.46411241384,5443.253753599292
5013,Calhoun,AR,10.9,10.4,18.7,7.1,16.6,11.3,28.8,18.2,11.2,22.5,15.0,36.0,31.5,14.7,39.1,4.0,40.8,22.1,5.4,5368.0,2262.0,175.0,0.0,0.0,0.0,0.0,0.0,0.0,0.0,0.0,15.40335258679303,57981.32377049181,3.2600596125186287,Arkansas,Calhoun County,601.0,63654.0,60817.66188524591,-76180.09143803256,23133.18979610213
38089,Stark,ND,8.5,9.9,13.1,5.6,14.3,8.9,21.7,11.5,7.2,16.6,10.0,28.6,23.2,10.6,37.5,3.1,32.5,12.6,4.1,24199.0,10085.0,909.0,0.7659407413529484,0.0,0.0,0.0,0.0,0.0,0.0,0.0,9.087685491577338,95214.17839580149,3.7563535683292697,North Dakota,Stark County,3538.0,80744.0,87979.08919790074,-59927.65856407695,12885.595664572898
46037,Day,SD,9.6,10.7,15.5,6.6,17.7,10.5,23.8,15.7,12.8,17.9,12.8,34.0,24.1,12.1,35.2,3.6,30.7,15.1,4.8,5710.0,2504.0,139.0,0.0,0.0,0.336077057793345,0.336077057793345,0.0,0.0,0.0,0.7054290718038528,19.08998190183589,59818.44273204904,2.4343257443082313,South Dakota,Day County,747.0,62270.0,61044.22136602452,-75618.00788382416,22668.103637180982
8071,Las Animas,CO,17.9,10.9,17.4,6.2,14.3,10.4,23.8,15.7,12.8,21.1,12.8,34.0,24.1,13.3,32.9,4.1,36.0,15.2,6.2,15507.0,6384.0,858.0,0.4273553878893403,0.0,0.5726446121106598,1.0,0.1783710582317663,0.4318049912942542,0.2534339330624879,1.0,18.12028308032773,54951.59444122009,5.532985103501645,Colorado,Las Animas County,2378.0,50408.0,52679.797220610046,-64739.189983968776,23293.09174942605
30061,Mineral,MT,10.6,11.4,16.2,6.7,15.6,8.8,22.2,14.0,10.4,18.5,11.1,30.9,22.3,12.1,35.8,3.5,34.4,12.2,4.6,4223.0,1911.0,22.0,0.0,0.0,0.4941984371300024,0.4941984371300024,0.4941984371300024,0.4941984371300024,0.0,1.0,17.176575105153333,50315.20530428605,0.5209566658773384,Montana,Mineral County,835.0,61117.0,55716.102652143025,-76632.86678876792,23272.463968810694
47109,McNairy,TN,13.6,11.5,21.2,9.7,22.5,12.9,23.8,15.7,12.8,25.3,12.8,34.0,29.4,17.0,39.3,4.5,39.6,25.7,6.1,26075.0,10326.0,313.0,0.2986768935762224,0.0,0.2986768935762224,0.2986768935762224,0.2986768935762224,0.4438350910834132,0.4438350910834132,0.8772003835091083,20.83856135853726,46792.11969319271,1.2003835091083412,Tennessee,McNairy County,4114.0,50714.0,48753.05984659635,-56163.27510694507,12513.251309096318
38075,Renville,ND,7.5,10.1,13.2,5.4,14.4,8.5,21.8,10.6,6.3,15.2,9.1,29.8,22.7,10.0,38.7,2.9,34.5,9.9,3.7,2470.0,1061.0,54.0,0.0,0.0,0.0,0.0,0.0,0.0,0.0,0.0,4.6778826425933495,79844.0,2.186234817813765,North Dakota,Renville County,158.0,76311.0,78077.5,-78381.00774850375,24039.096453734568
25007,Dukes,MA,4.2,11.7,13.5,4.9,11.2,7.3,22.3,9.7,11.4,13.5,9.6,33.1,16.9,9.0,25.3,2.5,34.3,5.6,3.2,16535.0,7368.0,143.0,0.7585727245237375,0.0,0.0,0.0,0.0,0.0,0.0,0.0,7.9871808889124845,93658.0954944058,0.8648321741759903,Massachusetts,Dukes County,1102.0,102348.0,98003.0477472029,-67177.97960532813,17840.475364239992
51069,Frederick,VA,9.9,10.4,15.1,5.7,13.0,9.6,21.7,12.0,9.1,16.7,10.5,33.6,22.9,11.4,37.3,2.9,36.1,7.4,4.1,78305.0,28864.0,967.0,0.5308090160270736,0.0,0.0,0.0832258476470212,0.0,0.0832258476470212,0.1465551369644339,0.0832258476470212,6.341004739277367,85365.71189579209,1.2349147564012517,Virginia,Frederick County,6479.0,95603.0,90484.35594789604,-15616.48104062974,-9725.906496800028
31017,Brown,NE,10.7,9.5,13.7,6.4,15.7,9.9,21.5,14.2,10.4,16.8,10.9,29.9,26.8,11.7,41.0,3.4,33.1,13.4,4.6,3145.0,1449.0,40.0,0.0,0.0,0.0,0.0,0.0,0.0,0.0,1.0,15.195911413969302,55543.0,1.2718600953895072,Nebraska,Brown County,328.0,51538.0,53540.5,-77570.12187579472,23705.22406065423
37193,Wilkes,NC,12.6,11.2,18.3,8.2,17.8,10.7,23.5,17.5,14.7,21.0,13.4,35.1,25.9,14.4,38.2,4.3,34.3,23.4,5.7,69340.0,28360.0,967.0,0.0824488029997115,0.0,0.0824488029997115,0.0824488029997115,0.0824488029997115,0.3554369772137294,0.3554369772137294,0.6452264205364868,19.983315255734695,52491.262719930775,1.394577444476493,North Carolina,Wilkes County,10623.0,50438.0,51464.63135996539,-16941.42094418638,-5858.4490502257795
8117,Summit,CO,9.2,10.3,12.9,4.6,10.1,7.2,23.8,15.7,12.8,13.4,12.8,34.0,15.0,8.6,23.7,2.5,28.5,10.1,3.4,27994.0,11754.0,273.0,0.1519611345288276,0.0,0.0,0.0,0.0,0.0,0.0,0.0,10.276622108653653,91410.82728441808,0.9752089733514324,Colorado,Summit County,2277.0,106255.0,98832.91364220904,-56502.255958833775,15071.33173305453
45083,Spartanburg,SC,13.3,9.7,16.1,6.7,14.4,12.1,26.2,18.8,11.3,20.2,15.1,33.8,26.8,14.2,37.9,3.9,38.5,12.5,5.4,284307.0,109246.0,7986.0,0.623076463119093,0.0,0.2595117250014949,0.3160808562574963,0.2438103880664211,0.1813286341876914,0.3343041149180287,0.3160808562574963,15.330948842377415,61343.74880323031,2.8089354113686964,South Carolina,Spartanburg County,47882.0,64195.0,62769.374401615154,148549.25037915746,-81227.06732186831
36039,Greene,NY,7.1,10.9,13.7,6.2,13.9,8.9,24.7,14.6,12.9,16.7,13.0,34.4,24.2,11.3,34.5,3.3,38.4,13.2,4.3,49221.0,19823.0,3400.0,0.1170638548586985,0.0563580585522439,0.0,0.0,0.0,0.0928059161739907,0.3756729851079823,0.2499339712724243,12.68454317963727,68512.31484528961,6.907620730988806,New York,Greene County,4945.0,74011.0,71261.65742264481,-38810.12888596585,2157.703892754267
45041,Florence,SC,12.6,10.3,16.6,7.0,15.2,13.2,27.0,22.6,15.0,22.0,18.2,36.3,29.1,15.0,40.7,4.6,38.2,17.6,6.2,136885.0,52653.0,3228.0,0.5232275267560361,0.0,0.1498849399130657,0.2228512985352668,0.1498849399130657,0.4567045330021551,0.5956240639953245,0.5674106001388026,19.659616862736513,57901.25568908208,2.3581838769770247,South Carolina,Florence County,24483.0,56650.0,57275.62784454104,15538.682362767417,-22608.030688897194
16045,Gem,ID,11.3,10.9,16.7,6.0,13.3,8.7,20.5,13.2,8.9,17.4,11.0,29.2,22.7,12.8,33.0,3.3,32.8,12.5,4.5,16719.0,6495.0,151.0,0.4082780070578384,0.0,0.4082780070578384,0.4082780070578384,0.4082780070578384,0.3291464800526347,0.3291464800526347,0.7374244871104731,18.169595955327324,49873.49452718464,0.9031640648364138,Idaho,Gem County,2013.0,66245.0,58059.24726359232,-64683.07848940625,18013.641107917585
51023,Botetourt,VA,7.8,10.6,15.1,5.8,13.4,9.5,20.5,10.3,8.3,16.0,9.2,32.1,21.8,11.3,34.8,2.8,35.0,9.1,3.7,33148.0,13126.0,275.0,0.338723301556655,0.0,0.2350669723663569,0.2350669723663569,0.0,0.0,0.0,0.3014661518040304,8.060368996540166,85395.10425968384,0.8296126463135031,Virginia,Botetourt County,2037.0,80467.0,82931.05212984192,-52855.07288906236,7766.143974568233
48389,Reeves,TX,37.5,8.7,19.6,6.1,15.9,17.5,23.8,15.7,12.8,33.8,12.8,34.0,41.6,19.5,41.0,6.3,41.1,18.1,10.8,13783.0,3839.0,3110.0,0.6159036494232025,0.3133570340274251,0.244286439817166,0.244286439817166,0.244286439817166,0.244286439817166,0.1735471232677936,0.5576434738445911,12.669080986309076,63188.49967351084,22.56402815062033,Texas,Reeves County,2669.0,56056.0,59622.24983675542,-65413.01660694368,27280.483200134553
48491,Williamson,TX,12.3,9.0,12.1,4.2,9.6,9.5,23.8,15.7,12.8,15.8,12.8,34.0,22.4,10.0,32.1,2.6,32.9,8.5,3.8,422679.0,152606.0,5097.0,0.8574047918160117,0.0,0.146541465272701,0.1775224224529726,0.1354290135067036,0.0506554619462996,0.1139375270595416,0.1842816889412533,7.061339926329442,96319.09596171087,1.2058796391587945,Texas,Williamson County,40507.0,108309.0,102314.04798085544,281600.42884389346,-79263.25139625737
28159,Winston,MS,13.7,10.4,20.1,9.0,20.5,15.7,31.2,29.7,19.9,27.2,21.9,37.8,36.0,19.7,42.0,6.1,39.7,25.3,8.2,19198.0,7494.0,408.0,0.2046567350765704,0.0,0.580268777997708,0.580268777997708,0.2046567350765704,0.6026669444733826,0.6026669444733826,0.7766954891134493,23.150792164647704,46676.65871444942,2.1252213772267945,Mississippi,Winston County,5217.0,49071.0,47873.829357224706,-66701.23087275052,18632.210123398407
26043,Dickinson,MI,6.3,11.5,15.3,7.1,15.7,9.3,22.4,13.0,12.3,17.1,10.7,33.0,23.5,11.6,38.1,3.1,31.7,7.9,4.1,26168.0,11359.0,453.0,0.4223096912259247,0.0,0.232535921736472,0.3510776520941608,0.1659278508101498,0.2844695811678386,0.4514292265362274,0.3510776520941608,13.327372307264373,65344.7589422195,1.7311219810455518,Michigan,Dickinson County,2505.0,61882.0,63613.37947110975,-57179.04959366609,11448.637184970452
48229,Hudspeth,TX,36.9,8.9,20.6,7.9,18.7,17.4,23.8,15.7,12.8,34.8,12.8,34.0,40.1,20.1,41.1,6.8,41.5,27.6,10.9,3476.0,1174.0,86.0,0.0,0.0,1.0,1.0,1.0,1.0,0.0,1.0,28.161089724607603,31165.0,2.4741081703107017,Texas,Hudspeth County,497.0,39336.0,35250.5,-76044.22924310804,26098.225330178804
48163,Frio,TX,36.5,8.6,19.2,6.2,15.7,16.5,23.8,15.7,12.8,32.7,12.8,34.0,39.5,18.7,41.5,5.9,42.0,19.0,10.0,17217.0,4854.0,3271.0,0.6398908055991172,0.0,0.6398908055991172,0.6398908055991172,0.6398908055991172,0.0,0.0,1.0,20.25064755483168,45262.03781146541,18.998664111053028,Texas,Frio County,2835.0,60098.0,52680.01890573271,-60319.76294931589,28463.558553419298
8047,Gilpin,CO,8.1,10.9,13.3,4.8,10.7,7.3,23.8,15.7,12.8,13.5,12.8,34.0,15.0,9.0,24.1,2.6,30.7,6.2,3.5,5441.0,2460.0,49.0,0.0,0.0,0.0,0.0,0.0,0.0,1.0,0.0,4.12406861895685,90424.0,0.90056974820805,Colorado,Gilpin County,580.0,88654.0,89539.0,-76155.65627177406,22698.00396249292
17065,Hamilton,IL,8.8,10.9,16.2,8.0,17.6,10.7,24.9,16.6,17.3,20.5,13.2,34.5,24.8,13.6,40.1,3.9,37.5,15.3,5.1,8457.0,3489.0,117.0,0.3793307319380395,0.0,0.0,0.3793307319380395,0.0,0.0,0.0,0.3793307319380395,9.501821291877969,64480.44070001182,1.3834693153600566,Illinois,Hamilton County,989.0,61520.0,63000.22035000591,-73041.5489720314,20787.547312716077
22077,Pointe Coupee,LA,9.7,10.8,20.2,8.1,19.2,13.3,30.3,24.8,21.1,24.5,18.9,38.1,32.0,16.6,40.0,5.0,42.2,23.9,6.6,22802.0,9082.0,116.0,0.5295588106306465,0.0,0.2498465046925708,0.2498465046925708,0.2498465046925708,0.2498465046925708,0.2498465046925708,0.3587404613630383,18.26957002829424,63528.5061398123,0.5087273046224016,Louisiana,Pointe Coupee Parish,3598.0,59351.0,61439.753069906146,-63717.077218580256,16661.385249480307
8081,Moffat,CO,13.3,11.5,17.4,6.8,15.6,9.2,23.8,15.7,12.8,19.0,12.8,34.0,21.3,12.2,28.3,3.7,33.7,16.6,5.2,13795.0,5465.0,102.0,0.8834360275462124,0.0,0.7725262776368249,0.7725262776368249,0.6559623051830373,0.0,0.0,0.7725262776368249,13.789172989244925,66548.41978977891,0.7393983327292497,Colorado,Moffat County,1533.0,70975.0,68761.70989488946,-67719.95647296215,20298.98587089337
46105,Perkins,SD,9.1,10.5,15.0,6.4,16.9,10.0,23.8,15.7,12.8,17.2,12.8,34.0,23.6,11.7,36.1,3.4,28.7,12.4,4.4,2982.0,1291.0,65.0,0.0,0.0,0.0,0.0,0.0,0.0,0.0,0.0,11.8305915295765,68616.0,2.1797451374916164,South Dakota,Perkins County,354.0,65455.0,67035.5,-77804.91191646973,23802.14245503321
8109,Saguache,CO,17.4,11.2,17.7,6.7,14.8,10.7,23.8,15.7,12.8,21.9,12.8,34.0,23.7,13.7,28.8,4.4,33.8,21.6,6.6,6108.0,2640.0,18.0,0.0,0.0,0.5145710543549443,0.5145710543549443,0.5145710543549443,0.5145710543549443,0.5145710543549443,1.0,17.71883735939729,47604.836280288146,0.2946954813359528,Colorado,Saguache County,1142.0,54283.0,50943.91814014407,-73868.22015299076,24749.353584720877
55049,Iowa,WI,7.2,10.6,13.1,5.3,13.9,8.6,19.6,10.5,10.7,15.5,9.1,31.1,26.5,10.4,38.2,2.8,32.4,12.0,3.6,23687.0,9547.0,214.0,0.2232448178325664,0.0,0.0,0.0,0.0,0.0,0.0,0.2699793135475155,7.7171595216398305,78236.81010680964,0.9034491493224132,Wisconsin,Iowa County,1815.0,83372.0,80804.40505340483,-60210.53281746434,12628.125184946357
36063,Niagara,NY,6.1,11.4,13.5,6.2,14.0,8.9,23.8,14.3,13.2,16.7,13.2,31.8,24.8,11.6,39.4,3.3,38.6,16.4,4.3,216469.0,90556.0,4319.0,0.6969589179051042,0.0,0.0858413906841164,0.2599956575768354,0.0858413906841164,0.120516101612702,0.4423912892839159,0.3033598344335678,13.41705724688546,71325.58282710226,1.9952048561225857,New York,Niagara County,27014.0,67809.0,69567.29141355114,99325.79407456686,-79531.12271840598
1131,Wilcox,AL,15.1,12.1,22.1,10.3,22.8,19.1,32.9,40.4,36.4,34.0,29.0,41.3,39.1,22.9,51.9,7.9,47.4,34.0,10.4,11670.0,4484.0,108.0,0.0,0.0,0.6115681233933162,0.6115681233933162,0.0,0.8251928020565553,0.8251928020565553,1.0,30.436683885146714,41333.99100257069,0.9254498714652956,Alabama,Wilcox County,2943.0,42236.0,41784.995501285346,-73494.37351478104,22313.047800086584
54073,Pleasants,WV,8.9,11.8,19.1,8.4,19.9,12.2,24.5,15.4,16.1,23.1,12.7,35.1,31.2,14.5,43.5,3.7,43.4,17.6,4.7,7605.0,2861.0,623.0,0.0,0.0,0.0,0.0,0.0,0.0,0.546482577251808,0.0,15.403077372895885,61134.86495726496,8.191978961209731,West Virginia,Pleasants County,565.0,61038.0,61086.43247863248,-73709.56142034518,21329.659593496406
20001,Allen,KS,9.6,10.5,16.6,7.0,17.4,10.1,21.7,14.3,8.9,18.8,12.2,31.5,27.7,13.0,38.0,3.5,38.5,14.1,4.5,13371.0,5475.0,382.0,0.4761050033654925,0.0,0.0,0.2990800987211128,0.0,0.0,0.0,0.461670780046369,16.535487034660964,59532.19856405654,2.8569291750803973,Kansas,Allen County,1578.0,57618.0,58575.09928202827,-68545.89055275424,18829.518389517623
35043,Sandoval,NM,12.8,9.7,14.3,4.6,11.4,9.7,24.8,16.6,11.8,18.2,14.5,34.2,21.1,11.2,32.6,3.3,37.6,13.5,5.1,131561.0,47602.0,761.0,0.7598528439279117,0.0,0.0883772546575352,0.120674059941776,0.0611807450536253,0.0340754478910923,0.0731903831682641,0.1382932632011006,14.58261941497216,70702.7109097681,0.5784388990658326,New Mexico,Sandoval County,15123.0,84053.0,77377.85545488405,36509.62866847191,15232.872336123517
37083,Halifax,NC,14.5,12.5,20.4,9.1,20.5,15.2,29.3,30.9,29.4,27.3,23.5,37.7,33.1,18.9,42.6,6.5,39.6,27.5,8.7,54691.0,21970.0,1416.0,0.3866632535517726,0.0,0.2232177140662997,0.2895723245140882,0.2232177140662997,0.7640196741694246,0.7640196741694246,0.8277961639026531,25.016375156065415,43655.95968258032,2.5890914410049186,North Carolina,Halifax County,11826.0,45071.0,44363.47984129016,-44751.868829297506,9725.027407593634
6087,Santa Cruz,CA,9.2,9.8,14.3,4.7,10.7,9.0,24.1,14.5,12.7,19.3,12.9,35.5,20.4,11.7,26.8,3.3,33.7,8.0,4.6,262382.0,94355.0,10969.0,0.8971995030146885,0.0279401788232424,0.1438703874503586,0.3671936337096295,0.1438703874503586,0.0471945484065217,0.1535547407977681,0.4094335739494325,14.4187510861455,97611.3738480536,4.180545921595232,California,Santa Cruz County,28613.0,109266.0,103438.6869240268,151831.4354571767,-699.2199942091138
13233,Polk,GA,17.1,10.5,18.1,7.9,18.0,12.5,25.0,20.5,17.1,23.7,16.6,39.2,30.6,15.4,40.3,4.6,38.2,19.4,6.3,41475.0,15092.0,373.0,0.2757805907172996,0.0,0.1409041591320072,0.1409041591320072,0.1409041591320072,0.2870886075949367,0.7558288125376733,0.5312597950572634,17.680906773296126,52028.98449668475,0.8993369499698614,Georgia,Polk County,8302.0,55308.0,53668.49224834237,-43541.96009383292,11821.13001796241
26097,Mackinac,MI,8.1,12.4,17.4,8.4,18.6,11.5,25.4,20.3,19.3,21.5,15.5,34.1,26.4,14.3,41.3,4.1,35.2,9.8,5.7,11113.0,5024.0,95.0,0.0,0.0,0.3951228291190498,0.3951228291190498,0.0,0.2180329344011518,0.4575722127238369,0.6131557635202015,15.841899054721004,56214.74372356699,0.8548546747053001,Michigan,Mackinac County,1804.0,58598.0,57406.3718617835,-71890.75398995957,20943.916255205342
30063,Missoula,MT,8.5,10.8,13.4,5.2,12.1,7.9,21.0,10.1,7.1,15.3,9.0,31.1,16.5,9.3,26.9,2.8,27.9,8.5,3.7,109299.0,45926.0,3634.0,0.5910850053522905,0.0,0.0678505750281338,0.3483105975352016,0.0678505750281338,0.0922057841334321,0.2429299444642677,0.3722266443425832,15.447303280887832,70684.92381449052,3.324824563811197,Montana,Missoula County,12792.0,71246.0,70965.46190724526,14346.764456766614,-27124.12753397384
38077,Richland,ND,7.4,10.2,13.3,5.7,14.5,9.0,21.1,11.1,7.1,16.3,9.8,29.9,22.9,10.8,37.6,3.1,32.9,10.2,4.0,16321.0,6651.0,986.0,0.4804239936278414,0.0,0.0,0.0,0.0,0.0,0.2336866613565345,0.0,9.73676136812775,81092.62955701243,6.0412964891857115,North Dakota,Richland County,1582.0,72524.0,76808.31477850622,-66767.34648147525,16917.09718556704
26133,Osceola,MI,8.1,12.0,17.7,8.6,18.6,10.4,24.0,17.4,17.2,20.9,13.0,34.5,26.9,13.6,39.4,3.9,36.0,12.8,5.1,23528.0,9222.0,455.0,0.0,0.0,0.0,0.0,0.0,0.6965742944576675,0.6965742944576675,1.0,19.63557623850722,51072.3056783407,1.9338660319619176,Michigan,Osceola County,3602.0,57050.0,54061.15283917035,-58450.97749802934,13194.000777838819
22019,Calcasieu,LA,8.6,10.3,18.6,7.2,17.3,12.5,28.1,20.5,17.0,22.7,15.7,36.7,32.0,14.8,42.9,4.3,39.4,14.6,5.7,192768.0,73996.0,3796.0,0.8918233316733067,0.0,0.2067355577689243,0.346011786188579,0.2067355577689243,0.2012937832005312,0.2749003984063745,0.346011786188579,17.17679395554785,65023.28861636786,1.9692065073041165,Louisiana,Calcasieu Parish,36643.0,67849.0,66436.14430818392,70683.42744880277,-52678.985410937006
19091,Humboldt,IA,8.1,10.3,15.3,6.9,17.4,10.2,23.8,13.9,12.4,18.3,11.0,32.3,25.5,12.0,41.6,3.5,35.3,10.0,4.5,9815.0,4209.0,133.0,0.5882832399388691,0.0,0.0,0.0,0.0,0.0,0.0,0.1892002037697402,11.73953917972374,67799.70708099847,1.3550687722873156,Iowa,Humboldt County,1294.0,66994.0,67396.85354049923,-71717.02547011162,20424.806929221075
39053,Gallia,OH,9.8,11.6,17.4,9.1,21.4,12.3,23.3,17.5,15.9,22.5,13.8,36.6,33.4,14.5,36.7,4.2,39.2,22.1,5.4,30934.0,12062.0,921.0,0.1212904894291071,0.0,0.4008211029934699,0.4008211029934699,0.1212904894291071,0.2617184974461757,0.4883946466670977,0.5323268895066917,21.897763218324847,57901.15455485873,2.9773065235663023,Ohio,Gallia County,4219.0,56455.0,57178.077277429365,-52485.08701039723,9409.698672551045
12105,Polk,FL,19.7,10.1,16.4,6.9,14.8,11.8,23.8,15.7,12.8,22.4,12.8,34.0,27.9,14.6,40.6,4.2,43.8,15.0,6.3,602095.0,227485.0,12261.0,0.7603667195376145,0.0045275247261644,0.2225961019440454,0.3493883855537747,0.2137453391906592,0.1603202152484242,0.2508773532415981,0.4477349919863144,16.800557141092334,57029.68447836305,2.036389606291366,Florida,Polk County,109496.0,63644.0,60336.842239181526,462691.41470034694,-146083.68359835257
38021,Dickey,ND,7.9,10.3,13.6,5.9,14.8,9.2,21.2,11.4,7.3,16.4,9.6,29.4,23.1,10.9,39.6,3.2,34.6,10.0,4.1,5289.0,2180.0,299.0,0.0,0.0,0.0,0.0,0.0,0.0,0.0,0.0,5.144752931741728,82450.5273208546,5.653242578937418,North Dakota,Dickey County,503.0,63125.0,72787.7636604273,-76002.2676367293,22559.03805794508
48131,Duval,TX,35.9,9.0,19.6,6.3,15.8,17.0,23.8,15.7,12.8,33.1,12.8,34.0,40.2,19.2,42.2,6.2,41.3,16.1,10.3,11782.0,4090.0,578.0,0.0,0.0,0.2697334917671024,0.2697334917671024,0.0,0.4510269903242234,0.4510269903242234,1.0,26.563252657092946,45006.71210320829,4.90578849091835,Texas,Duval County,2663.0,50081.0,47543.85605160415,-65069.794479658594,27569.713054344396
36017,Chenango,NY,6.9,11.3,15.0,7.1,15.7,9.3,25.0,15.9,14.8,17.9,13.4,34.2,25.7,12.2,36.1,3.6,40.4,20.2,4.6,50477.0,20436.0,796.0,0.1424411117934901,0.0,0.0915664560096677,0.0915664560096677,0.0,0.2127899835568674,0.2964914713631951,0.689997424569606,14.30532356229525,61228.6372209125,1.5769558412742437,New York,Chenango County,5597.0,62093.0,61660.81861045625,-34967.0517132698,-977.9680028315415
51175,Southampton,VA,9.4,11.3,16.5,6.2,15.2,12.1,24.8,16.0,13.6,19.6,14.0,35.9,25.1,13.6,37.9,3.7,40.5,13.9,4.9,18570.0,6719.0,1567.0,0.0,0.0751211631663974,0.1551965535810447,0.1551965535810447,0.0,0.3425417339795369,0.3425417339795369,0.7266558966074314,9.414837418010377,66012.4761981691,8.43834141087776,Virginia,Southampton County,1427.0,68465.0,67238.73809908456,-68309.81614346415,17980.954834772172
40031,Comanche,OK,12.1,11.3,18.2,7.4,18.3,12.7,26.3,21.4,17.8,22.1,16.6,32.8,33.4,16.8,43.7,4.4,44.0,21.6,6.3,124098.0,44982.0,10343.0,0.6552966204128995,0.0,0.1064481297039436,0.314461151670454,0.1064481297039436,0.1895920965688407,0.3562023562023562,0.330948121645796,16.28213598090415,62427.86903092717,8.334542055472289,Oklahoma,Comanche County,19857.0,59000.0,60713.93451546358,13853.046005899174,-8455.85649844875
18105,Monroe,IN,7.2,11.0,14.5,6.9,14.3,11.0,21.3,13.2,7.9,18.6,10.2,35.1,21.9,11.9,35.7,3.3,33.5,12.8,4.4,137974.0,54864.0,14976.0,0.7333917984547813,0.096721121370693,0.1461579717917868,0.4232898951976459,0.1461579717917868,0.3672286082885181,0.4619566005189383,0.5010871613492397,29.01342513155228,70586.45768405641,10.854218910809283,Indiana,Monroe County,25256.0,63372.0,66979.22884202821,36441.44411214354,-35685.001981579044
4005,Coconino,AZ,10.4,11.7,15.5,6.4,12.9,9.8,26.5,16.8,12.7,18.9,13.5,31.9,16.8,11.8,25.3,3.7,32.9,10.3,5.7,134421.0,46711.0,8834.0,0.6388882689460724,0.0606750433340028,0.2569836558275865,0.3840099389232337,0.2569836558275865,0.1171319957447125,0.1667819760305309,0.4373870154216975,21.09902429556983,68389.07168522775,6.571889808884029,Arizona,Coconino County,23485.0,69748.0,69068.53584261387,18091.439788913078,-2612.1883205118393
34007,Camden,NJ,12.0,9.7,13.6,5.0,13.1,9.9,24.8,17.0,10.9,17.5,14.9,34.5,25.5,10.9,29.6,3.4,40.8,10.0,4.8,513657.0,190980.0,7414.0,0.979388969682103,0.0,0.1061408683226355,0.2914902357020346,0.1061408683226355,0.1785101731310972,0.3366234666324025,0.395061295767409,12.711964493583237,87569.16820563139,1.4433756378283562,New Jersey,Camden County,62934.0,86384.0,86976.58410281569,310243.53031584894,-110147.17548774797
19151,Pocahontas,IA,8.5,10.2,15.1,6.5,16.7,9.8,24.9,13.6,11.4,18.1,11.0,34.1,25.9,11.6,36.7,3.3,33.9,15.7,4.3,7310.0,3233.0,141.0,0.0,0.0,0.0,0.0,0.0,0.0,0.0,0.0,12.31996754156136,70243.71491108071,1.9288645690834472,Iowa,Pocahontas County,599.0,63423.0,66833.35745554036,-73917.612645588,21528.436757899486
20041,Dickinson,KS,9.1,10.3,15.5,6.2,15.3,9.3,22.1,12.1,6.8,17.5,11.1,32.1,26.4,12.3,39.4,3.1,34.7,7.1,4.0,19754.0,8073.0,307.0,0.3796193176065607,0.0,0.0,0.0,0.0,0.0,0.2602510883871621,0.2871317201579427,12.651460546981458,62417.012706287336,1.5541156221524757,Kansas,Dickinson County,1592.0,67982.0,65199.50635314367,-62582.111653672844,15636.997728895545
27147,Steele,MN,8.7,10.0,13.7,5.1,14.6,9.0,22.0,12.4,8.6,15.8,10.4,31.8,23.0,10.3,37.6,3.0,29.1,5.0,3.9,36576.0,14330.0,594.0,0.6916010498687664,0.0,0.0,0.2110400262467191,0.0,0.0,0.3151246719160105,0.2110400262467191,9.96907169314051,79155.35386592301,1.624015748031496,Minnesota,Steele County,2746.0,83448.0,81301.6769329615,-48587.811471957706,8016.130431015135
13285,Troup,GA,14.2,10.9,17.1,7.3,17.1,13.3,26.0,22.3,19.5,23.1,18.3,37.9,31.2,15.2,35.9,4.8,39.5,14.3,6.4,67044.0,24828.0,2073.0,0.3583616729312093,0.0,0.2386044985382733,0.3583616729312093,0.2386044985382733,0.3746345683431776,0.5511902631107929,0.4404420977268659,20.205404114861,54740.711144919755,3.0919992840522643,Georgia,Troup County,12589.0,54905.0,54822.85557245988,-29335.736231117626,1390.37094574398
17079,Jasper,IL,7.4,10.4,14.1,6.4,14.6,9.1,24.3,12.2,11.6,16.6,10.7,33.4,21.3,11.1,38.0,3.0,35.8,9.3,3.9,9698.0,3940.0,54.0,0.2986182718086203,0.0,0.2986182718086203,0.2986182718086203,0.2986182718086203,0.2986182718086203,0.2986182718086203,0.2986182718086203,13.394212416029498,63820.56743658486,0.5568158383171788,Illinois,Jasper County,795.0,71094.0,67457.28371829243,-71944.23147407755,20085.26675473818
5147,Woodruff,AR,13.3,11.2,22.3,9.6,21.3,13.7,30.6,26.4,19.2,29.1,19.8,37.8,37.7,19.1,39.3,5.6,41.3,21.4,7.6,7260.0,3134.0,106.0,0.0,0.0,0.0,0.0,0.0,1.0,1.0,1.0,24.701037839554992,49313.336363636365,1.4600550964187329,Arkansas,Woodruff County,1361.0,49982.0,49647.66818181818,-74751.48506862382,22335.92994262377
55089,Ozaukee,WI,5.9,10.3,11.0,4.2,10.7,7.8,17.7,8.0,7.8,13.0,7.2,27.8,20.5,8.8,30.4,2.3,29.8,7.7,3.0,86395.0,34228.0,1804.0,0.7292088662538342,0.0,0.0,0.0,0.0,0.0,0.1883442328838474,0.0,5.441994263268787,108506.80986168182,2.0880838011458995,Wisconsin,Ozaukee County,4119.0,96734.0,102620.40493084092,-10383.564789432232,-19810.841707379852
28133,Sunflower,MS,16.5,10.8,21.4,9.5,21.9,18.3,36.0,37.2,26.4,31.9,27.7,40.2,41.5,22.4,48.9,7.7,42.3,29.2,10.2,29450.0,8822.0,4654.0,0.4180645161290323,0.0,0.5607470288624787,0.6717826825127334,0.3070288624787776,0.7170118845500849,0.7170118845500849,1.0,32.10484018842467,37069.770560271645,15.803056027164686,Mississippi,Sunflower County,6510.0,40265.0,38667.38528013582,-63948.36120028963,18058.94147230716
20083,Hodgeman,KS,8.7,9.7,13.8,5.4,13.6,8.8,21.4,10.7,5.6,15.1,10.1,31.1,23.5,10.5,36.4,2.7,35.9,10.2,3.6,1916.0,803.0,14.0,0.0,0.0,0.0,0.0,0.0,0.0,0.0,0.0,11.6022099447514,70938.0,0.7306889352818371,Kansas,Hodgeman County,99.0,63125.0,67031.5,-78769.06651254461,24478.963748163755
54099,Wayne,WV,9.5,12.7,20.8,9.6,22.3,13.1,24.5,18.2,20.7,25.7,14.4,34.9,33.3,16.5,42.6,4.3,46.0,22.2,5.6,42481.0,17347.0,246.0,0.4110072738400697,0.0,0.0472917304206586,0.0472917304206586,0.0472917304206586,0.3756032108472023,0.6413690826487135,0.4228949412678609,22.585057154054713,52393.64056872484,0.5790824133141875,West Virginia,Wayne County,6015.0,55539.0,53966.32028436242,-40785.39787264223,2594.4472161343583
47029,Cocke,TN,15.0,11.6,22.5,10.7,24.2,13.2,23.8,15.7,12.8,27.1,12.8,34.0,31.1,18.2,39.8,5.0,42.8,27.8,6.7,35662.0,14788.0,294.0,0.1679098199764455,0.0,0.4458527283943693,0.4458527283943693,0.1679098199764455,0.3353429420671863,0.4803151814256071,0.7437608659076889,25.111179840624533,42770.88780775054,0.8244069317480792,Tennessee,Cocke County,7275.0,48416.0,45593.443903875275,-46569.897954680244,7589.269095107804
31117,McPherson,NE,7.6,9.6,12.7,5.8,14.4,9.2,19.6,11.5,8.7,14.9,9.1,29.8,25.3,10.7,39.3,3.0,33.4,11.6,3.9,539.0,211.0,0.0,0.0,0.0,0.0,0.0,0.0,0.0,0.0,0.0,16.960352422907498,69250.0,0.0,Nebraska,McPherson County,33.0,61316.0,65283.0,-79977.28692799863,25101.253690991256
38097,Traill,ND,7.2,9.9,12.5,5.1,13.0,8.5,20.2,9.6,5.9,14.3,8.7,28.3,21.1,9.8,38.8,2.7,33.2,9.3,3.6,8121.0,3394.0,362.0,0.0,0.0,0.0,0.0,0.0,0.0,0.0,0.0,6.958645112929148,80765.91934490827,4.45757911587243,North Dakota,Traill County,523.0,88289.0,84527.45967245413,-73594.93864307796,21145.68111135217
17021,Christian,IL,9.1,10.4,15.2,7.2,16.5,10.1,26.1,15.1,14.6,19.2,12.5,35.0,24.0,12.6,38.1,3.5,37.6,16.4,4.6,34800.0,14055.0,1610.0,0.466551724137931,0.0,0.0,0.466551724137931,0.0,0.0733045977011494,0.0733045977011494,0.466551724137931,12.95847476662568,63208.63045977012,4.626436781609196,Illinois,Christian County,3562.0,59253.0,61230.81522988506,-49853.63262327535,6926.75408115266
28013,Calhoun,MS,14.9,10.3,20.9,9.3,20.8,14.6,29.4,26.7,17.4,27.5,20.1,37.7,35.6,19.1,41.3,5.8,40.4,21.7,7.9,14962.0,5988.0,215.0,0.0,0.0,0.0,0.0,0.0,0.1847346611415586,0.1847346611415586,0.5171768480149712,24.943012025354445,47668.75350888919,1.4369736666221091,Mississippi,Calhoun County,2381.0,43942.0,45805.376754444595,-68320.38401172045,19932.76492509175
5079,Lincoln,AR,14.7,9.8,20.3,8.6,20.2,13.5,32.6,24.7,16.0,27.8,19.2,35.6,36.1,17.5,42.8,5.2,43.0,25.4,7.0,14134.0,4207.0,3445.0,0.0,0.0,0.3644403565869534,0.3644403565869534,0.0,0.3644403565869534,0.6178717985000708,0.3644403565869534,19.667993900525794,54301.31038630253,24.373850290080657,Arkansas,Lincoln County,1512.0,51667.0,52984.155193151266,-70490.13844943942,19834.16657036539
27079,Le Sueur,MN,8.2,9.9,13.5,4.8,14.4,8.7,21.1,11.0,7.5,14.9,9.5,31.2,21.1,9.8,35.0,2.8,35.3,11.1,3.6,27703.0,10758.0,270.0,0.1633758076742591,0.0,0.1633758076742591,0.1633758076742591,0.1633758076742591,0.0,0.0,0.4589755622134787,8.742039709957671,82996.89401869834,0.9746236869653108,Minnesota,Le Sueur County,2034.0,90218.0,86607.44700934917,-56330.547499474334,11785.513154650405
41035,Klamath,OR,10.7,12.7,18.0,7.6,15.7,11.2,23.8,15.7,12.8,22.0,12.8,34.0,24.9,14.2,38.1,4.0,34.5,18.1,5.6,66380.0,27280.0,950.0,0.5936426634528472,0.0,0.3194335643266044,0.5386562217535402,0.2866827357637843,0.2372401325700512,0.1643717987345586,0.5628803856583309,20.033996303921892,53553.913332329015,1.4311539620367582,Oregon,Klamath County,12598.0,59353.0,56453.45666616451,-19195.51335314924,943.2044529923114
18065,Henry,IN,8.9,11.4,17.0,8.0,18.4,11.2,24.3,15.1,9.2,20.8,11.9,35.4,27.6,13.1,43.6,3.6,43.0,19.7,4.7,49462.0,19077.0,3016.0,0.4393473777849662,0.0,0.0432655371800574,0.2602199668432332,0.0432655371800574,0.0,0.088128260078444,0.2602199668432332,15.60788903255544,58858.58101168574,6.097610286684728,Indiana,Henry County,5957.0,60144.0,59501.29050584287,-36826.8886704414,-436.62486342123884
29033,Carroll,MO,9.9,10.8,19.6,8.1,19.1,10.6,20.9,15.1,12.2,21.4,13.0,32.1,31.3,14.8,38.8,3.8,39.0,20.0,5.1,9295.0,3865.0,88.0,0.443249058633674,0.0,0.443249058633674,0.443249058633674,0.443249058633674,0.443249058633674,0.443249058633674,0.443249058633674,15.7584106426845,57556.050564819794,0.9467455621301776,Missouri,Carroll County,901.0,61712.0,59634.0252824099,-71989.85304717744,20480.186139051773
48133,Eastland,TX,16.7,10.4,17.4,7.4,16.5,11.4,23.8,15.7,12.8,22.7,12.8,34.0,28.3,14.6,36.2,4.1,39.7,22.0,5.7,18583.0,7465.0,885.0,0.2755206371414734,0.0,0.5105203680783512,0.5105203680783512,0.2755206371414734,0.0,0.0,1.0,20.566147256122132,46351.35048162299,4.762417263089921,Texas,Eastland County,2485.0,51741.0,49046.1752408115,-62562.0721328963,18511.95130509125
51109,Louisa,VA,9.2,11.0,16.1,6.4,14.9,10.9,21.6,13.9,11.9,18.5,11.9,35.3,23.7,12.9,36.1,3.4,37.4,14.1,4.6,33153.0,12944.0,211.0,0.0,0.0,0.0,0.0,0.0,0.1396253732693874,0.3308599523421711,0.397550749555093,12.48430729219992,72007.49730039513,0.6364431574819776,Virginia,Louisa County,3916.0,80343.0,76175.24865019757,-54283.09270950101,10725.686404067957
1047,Dallas,AL,13.0,11.8,20.2,9.1,20.1,18.1,31.6,35.9,33.3,31.3,26.5,40.3,36.1,21.0,46.5,7.0,47.6,23.2,9.3,43820.0,17064.0,786.0,0.4748744865358283,0.0,0.243222272934733,0.5256047466910087,0.1501597444089457,0.5559105431309904,0.7100182565038795,0.7504564125969877,31.232468449358397,43282.814673664994,1.79370150616157,Alabama,Dallas County,10748.0,36810.0,40046.4073368325,-53662.10073610401,13617.067072484922
31129,Nuckolls,NE,9.0,9.3,12.6,5.8,14.5,9.0,21.2,11.8,8.3,15.3,9.3,30.5,24.9,10.7,42.4,2.9,30.0,10.5,3.9,4500.0,2079.0,59.0,0.0,0.0,0.0,0.0,0.0,0.0,0.0,0.468,12.182598425196844,60153.552,1.3111111111111111,Nebraska,Nuckolls County,300.0,70201.0,65177.276,-76358.74861298403,23024.877263457573
5093,Mississippi,AR,12.9,11.1,20.9,8.6,19.1,13.4,31.9,26.0,18.2,27.8,20.3,36.9,35.8,18.6,46.7,5.3,46.5,26.8,7.2,46480.0,17741.0,767.0,0.53407917383821,0.0,0.3669320137693632,0.4072074010327022,0.3669320137693632,0.3242254733218588,0.3242254733218588,0.7378872633390706,26.137681488106132,45635.82947504303,1.6501721170395869,Arkansas,Mississippi County,8150.0,53428.0,49531.91473752151,-44087.48653692487,8841.06117105416
19141,O'Brien,IA,8.7,10.2,15.5,6.8,17.2,10.0,23.9,14.2,12.3,18.8,11.1,33.3,26.2,12.1,39.3,3.5,35.4,15.6,4.5,14398.0,6069.0,366.0,0.3551882205861925,0.0,0.0,0.0,0.0,0.0,0.3551882205861925,0.0,9.667295427920635,67544.59744408945,2.5420197249618,Iowa,O'Brien County,1910.0,68216.0,67880.29872204472,-67811.0630441309,18046.049296193094
20025,Clark,KS,10.3,10.0,14.8,6.0,14.5,9.5,20.9,12.7,7.0,17.0,11.5,31.5,25.1,11.8,37.2,3.1,35.4,16.9,4.2,2215.0,923.0,57.0,0.0,0.0,0.0,0.0,0.0,0.0,0.0,0.0,11.0441767068273,68281.0,2.5733634311512414,Kansas,Clark County,178.0,65515.0,66898.0,-78465.08151467376,24402.27062542654
29021,Buchanan,MO,11.0,10.9,19.5,8.2,19.1,11.4,20.1,16.8,13.7,22.5,14.4,31.3,31.7,15.4,43.1,4.1,39.9,25.4,5.6,89201.0,34509.0,4495.0,0.8348897433885271,0.0,0.1130144280893711,0.3402988755731438,0.1130144280893711,0.2019932511967354,0.3605004428201477,0.3772603446149707,16.7987989167048,63965.31291129023,5.039181175098934,Missouri,Buchanan County,13568.0,59423.0,61694.15645564512,-2430.3928737106326,-14877.417698426729
46079,Lake,SD,8.3,9.9,13.0,5.3,14.1,9.1,23.8,15.7,12.8,14.6,12.8,34.0,21.1,10.0,33.2,2.9,33.0,10.9,3.8,11200.0,4483.0,874.0,0.5901785714285714,0.0,0.0,0.0,0.0,0.0,0.0,0.0,12.6869829616439,75753.62589285715,7.803571428571429,South Dakota,Lake County,985.0,73792.0,74772.81294642857,-70755.24270056377,19547.992626716667
13113,Fayette,GA,9.7,9.4,11.6,4.2,9.8,10.0,22.3,11.4,7.8,14.4,11.0,35.3,19.9,9.4,30.6,2.7,34.8,6.7,3.7,106567.0,38167.0,557.0,0.7416648681111413,0.0,0.0,0.0,0.0,0.0,0.067882177409517,0.033462516538891,5.584914036094251,105350.82480505222,0.5226758752709564,Georgia,Fayette County,6603.0,108986.0,107168.41240252613,-3917.98678288082,-15109.542706385542
55067,Langlade,WI,9.4,11.3,15.6,6.8,17.9,10.0,21.9,14.5,16.2,19.2,11.4,32.7,30.1,12.9,37.1,3.6,33.9,13.7,4.7,19977.0,8587.0,281.0,0.4427091154828052,0.0,0.4655854232367222,0.4655854232367222,0.2361715973369375,0.2361715973369375,0.4427091154828052,0.4655854232367222,14.124197645846955,60742.95139410322,1.4066176102517896,Wisconsin,Langlade County,2323.0,57258.0,59000.47569705161,-62834.420566694884,14896.779109212013
39117,Morrow,OH,8.5,11.2,15.3,7.5,17.8,11.0,21.6,13.4,11.2,18.9,11.2,34.8,28.1,12.2,39.4,3.3,37.4,14.9,4.3,34827.0,12855.0,366.0,0.0,0.0,0.0,0.0,0.0,0.0,0.5196830045654234,0.0,10.175130394125832,69009.18824475263,1.0509087776724957,Ohio,Morrow County,3781.0,71047.0,70028.09412237632,-49763.95369484622,6745.189811348766
20067,Grant,KS,18.0,9.0,14.7,4.9,12.9,10.6,24.3,15.7,7.0,19.2,14.7,32.3,28.8,12.0,35.7,3.2,33.4,14.7,4.9,7829.0,2716.0,79.0,0.8087878400817473,0.0,0.0,0.0,0.0,0.0,0.0,0.0,8.860276325962428,69837.12517562907,1.0090688465959892,Kansas,Grant County,390.0,72484.0,71160.56258781454,-72480.47386677765,24713.355748165563
55129,Washburn,WI,8.3,11.3,14.6,6.3,16.1,9.7,20.1,13.0,14.5,17.4,10.7,33.2,27.7,11.9,35.1,3.4,35.2,11.4,4.4,15911.0,6916.0,205.0,0.0,0.0,0.0,0.0,0.0,0.0,0.3205329646156747,0.12846458424989,13.320115301792896,63689.228709697694,1.288416818553202,Wisconsin,Washburn County,1940.0,61270.0,62479.61435484885,-66450.40587936535,17003.450764392248
55101,Racine,WI,10.1,11.3,14.2,5.6,14.8,10.4,21.5,15.0,14.2,18.1,12.0,29.3,30.1,12.2,42.2,3.3,37.3,10.3,4.5,195408.0,75651.0,4995.0,0.8330314009661836,0.0037204208630148,0.0665223532301645,0.2667905101121755,0.0665223532301645,0.2269712601326455,0.2868971587652501,0.2937546057479734,12.33817416985067,73299.98348327602,2.556190125276345,Wisconsin,Racine County,20736.0,75331.0,74315.49174163802,82004.5553589295,-44975.51829429841
9130,Lower Connecticut River Valley,CT,7.1,11.1,12.3,4.6,9.8,7.3,22.7,10.4,8.5,13.2,9.9,31.0,20.5,8.4,29.8,2.6,34.6,8.5,3.5,25241.0,9775.0,583.0,0.3458284459307694,0.0,0.1345236931205181,0.213471534089182,0.0511226162291542,0.1011854426282319,0.2076341948310139,0.409791766014942,14.641471788424182,62500.0,1.8142722752318237,,,11625.0,101117.0,63238.92615563523,-59777.46225547743,14787.486097033085
15001,Hawaii,HI,7.0,11.4,16.0,5.6,15.0,9.6,30.9,21.7,18.3,19.3,14.9,33.0,20.7,11.7,27.5,3.8,39.9,10.3,5.6,185079.0,67096.0,3644.0,0.3971925502082894,0.0,0.2920212449818726,0.3418270036038665,0.1429065426115334,0.1590888215302654,0.2988399548300995,0.4792277892143355,16.807016870816458,69503.99318669325,1.9688889609301976,Hawaii,Hawaii County,29257.0,77215.0,73359.49659334662,31615.343144359736,32089.018626583776
41069,Wheeler,OR,9.9,12.7,17.8,7.4,15.5,10.6,23.8,15.7,12.8,21.0,12.8,34.0,22.2,13.5,36.9,3.9,34.1,12.7,5.2,1441.0,651.0,25.0,0.0,0.0,1.0,1.0,1.0,1.0,0.0,1.0,20.0426439232409,49500.0,1.7349063150589867,Oregon,Wheeler County,142.0,51250.0,50375.0,-79074.8366736839,24736.142302846834
38061,Mountrail,ND,10.3,11.2,15.6,6.7,19.0,11.6,24.8,18.2,11.6,21.0,14.7,31.4,29.4,13.5,41.8,4.0,35.6,16.6,5.8,7673.0,2793.0,564.0,0.0,0.0,0.0,0.0,0.0,0.0,0.0,0.0,10.05059309457099,85255.90316694904,7.350449628567704,North Dakota,Mountrail County,1244.0,81292.0,83273.95158347453,-75134.7978721501,22929.4933874977
8121,Washington,CO,11.3,11.3,16.0,6.0,13.8,8.2,23.8,15.7,12.8,16.8,12.8,34.0,18.6,10.8,26.6,3.2,31.3,13.9,4.3,4814.0,1980.0,184.0,0.0,0.0,0.0,0.0,0.0,0.0,0.0,0.5535936850851683,10.673797959454964,62296.62172829248,3.8221852928957216,Colorado,Washington County,353.0,65164.0,63730.31086414624,-76084.1706494498,23153.92058112004
8083,Montezuma,CO,11.5,12.0,16.8,6.3,15.2,8.9,23.8,15.7,12.8,18.2,12.8,34.0,20.4,11.9,28.5,3.4,31.3,13.1,5.0,25535.0,10541.0,237.0,0.1531623262189152,0.0,0.3286861170941844,0.3286861170941844,0.1531623262189152,0.0,0.0,0.867632661053456,16.2805877019806,55737.8681417662,0.9281378500097904,Colorado,Montezuma County,3414.0,63005.0,59371.4340708831,-58581.77105874858,16479.757814633165
17195,Whiteside,IL,10.1,10.3,14.8,6.6,15.1,10.2,25.2,15.3,14.3,19.0,13.0,33.4,23.7,12.1,36.4,3.4,35.8,15.4,4.6,58498.0,23740.0,1012.0,0.6310130260863619,0.0,0.2086908954152278,0.2668467298027283,0.2086908954152278,0.0520701562446579,0.1201750487196143,0.2668467298027283,10.59283625073456,67339.31546377654,1.7299736743136518,Illinois,Whiteside County,6509.0,64536.0,65937.65773188826,-27892.450692722094,551.2801043430482
8125,Yuma,CO,16.3,11.2,17.1,6.5,14.2,9.2,23.8,15.7,12.8,19.8,12.8,34.0,21.7,12.3,28.7,3.8,33.4,11.5,5.4,10043.0,3952.0,196.0,0.0,0.0,1.0,1.0,0.0,0.0,0.0,1.0,14.455916403197982,54124.73065816987,1.9516080852334956,Colorado,Yuma County,1437.0,60051.0,57087.86532908493,-70710.7593358665,22338.629984945208
47079,Henry,TN,13.2,11.4,20.6,9.3,21.6,12.6,23.8,15.7,12.8,24.7,12.8,34.0,29.9,16.7,38.1,4.4,40.0,19.3,6.0,32330.0,13604.0,491.0,0.332415712960099,0.0,0.3960098979276214,0.3960098979276214,0.1737704918032787,0.1737704918032787,0.332415712960099,0.5970615527373956,19.807530490347485,51245.698484379835,1.5187132694092174,Tennessee,Henry County,5824.0,48540.0,49892.849242189914,-51356.18434999426,9707.155843441453
18101,Martin,IN,9.0,11.6,17.1,8.4,19.3,11.5,23.8,15.1,9.1,21.1,11.8,34.2,25.7,13.5,39.1,3.7,38.5,17.0,4.8,10334.0,4216.0,93.0,0.3740081285078382,0.0,0.0,0.0,0.0,0.0,0.0,0.0,12.487219183811105,67049.49951616024,0.8999419392297271,Indiana,Martin County,1594.0,65345.0,66197.24975808011,-71369.98170679956,19771.53760533618
29025,Caldwell,MO,9.7,10.8,19.4,8.0,19.0,10.3,20.5,14.7,11.8,21.0,12.8,33.1,30.7,14.5,38.9,3.8,38.7,20.6,5.0,9424.0,3676.0,214.0,0.0,0.0,0.3118633276740237,0.3118633276740237,0.0,0.6881366723259762,0.6881366723259762,1.0,14.971577967128924,59592.958191850594,2.270797962648557,Missouri,Caldwell County,1130.0,62520.0,61056.4790959253,-71919.49694155905,20504.7908391121
20037,Crawford,KS,10.2,10.5,17.1,7.6,18.1,10.8,20.7,15.8,10.7,19.9,13.5,34.9,27.9,14.3,38.8,4.0,35.3,14.5,5.2,39134.0,15729.0,1773.0,0.549726580467113,0.0,0.3401134563295344,0.4093627025093269,0.3401134563295344,0.2511115653907088,0.3592528236316247,0.5476056625951857,21.17298792013707,60280.4512699954,4.530587213165023,Kansas,Crawford County,7727.0,50311.0,55295.725634997696,-45066.44166836464,7627.3777165199535
37071,Gaston,NC,11.4,11.1,16.4,6.7,15.0,10.7,23.2,16.7,13.7,19.3,14.0,34.3,24.4,13.2,35.9,3.9,38.1,19.2,5.3,206086.0,79867.0,3317.0,0.7915918597090535,0.0,0.2195685296429645,0.3873188862901895,0.2195685296429645,0.1365740516095222,0.1636549789893539,0.5372854051221335,15.963371976568116,61927.218311772755,1.6095222382888696,North Carolina,Gaston County,29054.0,65472.0,63699.60915588638,92540.46091546878,-56419.28500144715
48009,Archer,TX,13.1,10.3,15.8,6.4,14.8,9.9,23.8,15.7,12.8,19.1,12.8,34.0,24.7,12.5,34.7,3.4,36.6,15.1,4.6,9054.0,3538.0,56.0,0.0,0.0,0.0,0.0,0.0,0.0,0.0,0.0,9.728578645193668,79678.28031809145,0.6185111552904794,Texas,Archer County,1015.0,71958.0,75818.14015904572,-72556.66779507686,21203.488671332703
48241,Jasper,TX,15.9,11.2,19.1,8.6,19.5,12.9,23.8,15.7,12.8,25.3,12.8,34.0,31.6,16.6,41.2,4.9,42.2,24.0,6.6,35710.0,13770.0,941.0,0.1918230187622514,0.0,0.0,0.0945113413609633,0.0,0.0,0.2661719406328759,0.2929431531783814,16.660790206684098,63041.93441612994,2.6351162139456736,Texas,Jasper County,7032.0,49919.0,56480.46720806497,-51029.891608955884,10855.416426780608
54063,Monroe,WV,9.5,12.5,20.5,9.3,21.5,13.1,24.6,17.9,19.9,24.7,14.0,36.3,32.7,16.0,41.2,4.1,42.4,24.0,5.4,13502.0,5655.0,57.0,0.0,0.0,0.3342467782550733,0.3342467782550733,0.0,0.3342467782550733,0.7691453118056584,0.3342467782550733,16.492479542497193,48841.80114057177,0.4221596800474004,West Virginia,Monroe County,1929.0,54508.0,51674.900570285885,-67848.0709500875,18256.245706080437
20161,Riley,KS,9.3,10.1,15.0,6.6,15.0,10.4,20.3,13.8,8.9,17.8,12.7,31.3,25.3,13.2,30.9,3.6,37.7,12.5,4.7,71115.0,25796.0,9127.0,0.8447866132320889,0.0,0.4174084229768685,0.5361034943401533,0.4174084229768685,0.3584616466287,0.4852562750474583,0.566645574070168,22.904521001749576,71584.73887365534,12.83414188286578,Kansas,Riley County,13499.0,59560.0,65572.36943682766,-20589.377801599483,-2405.307975444066
1027,Clay,AL,11.7,10.6,19.1,8.5,18.7,12.9,25.6,21.6,16.3,24.8,15.4,36.7,30.5,16.4,42.4,4.7,40.8,22.4,6.2,13932.0,5670.0,255.0,0.0,0.0,0.0,0.0,0.0,0.0,0.0,0.4094171691070916,18.834691368682694,50240.72035601493,1.8303186907838072,Alabama,Clay County,2295.0,51852.0,51046.36017800747,-68552.3143739419,19185.804188241513
19165,Shelby,IA,7.5,10.2,14.2,6.0,15.9,9.3,24.3,11.9,10.0,17.1,9.9,32.6,24.4,10.9,38.1,3.0,32.1,14.4,3.9,12167.0,5085.0,220.0,0.2855264239335908,0.0,0.0,0.0,0.0,0.0,0.1983233336072984,0.0,8.611330824964776,72006.25470535054,1.8081696391879671,Iowa,Shelby County,984.0,67690.0,69848.12735267528,-69773.28319837764,18827.878314702506
19035,Cherokee,IA,8.4,10.2,15.2,6.8,17.2,10.2,24.7,14.2,12.3,18.5,11.1,33.5,27.4,12.0,41.0,3.5,32.2,15.8,4.5,12072.0,5207.0,371.0,0.4684393638170974,0.0,0.0,0.0,0.0,0.0,0.4684393638170974,0.0,9.918790729964485,70437.04100397615,3.073227302849569,Iowa,Cherokee County,1717.0,64478.0,67457.52050198807,-69960.33423839703,19032.76975355896
49021,Iron,UT,10.1,11.0,16.6,5.9,10.8,9.7,20.2,14.1,8.5,17.9,11.3,31.8,18.9,12.4,36.9,3.5,32.7,15.9,4.8,46163.0,15022.0,1050.0,0.6871737105474081,0.0,0.4460931915170158,0.6775772805060329,0.3701015965166908,0.210081667136018,0.210081667136018,0.8192058575049281,19.947398502786204,59870.89307454022,2.2745488811385743,Utah,Iron County,8099.0,65527.0,62698.94653727011,-36510.10168183454,6167.873209792473
13255,Spalding,GA,15.4,10.9,17.4,7.5,17.4,13.6,26.7,23.4,20.0,23.6,19.3,39.8,30.1,15.6,39.9,4.8,42.2,16.5,6.5,64073.0,23565.0,1226.0,0.6231798105286158,0.0,0.4976667238930595,0.5634354564325067,0.4976667238930595,0.5908260889922432,0.5908260889922432,0.7837154495653396,21.90260664592232,47881.01362508389,1.9134424796716245,Georgia,Spalding County,12519.0,60217.0,54049.00681254195,-30596.686427705812,2396.0317495604104
48073,Cherokee,TX,19.7,10.5,18.2,7.6,17.3,12.6,23.8,15.7,12.8,25.1,12.8,34.0,30.7,15.8,35.9,4.7,40.5,20.5,6.6,50845.0,17894.0,2851.0,0.5004228537712656,0.0,0.275287638902547,0.275287638902547,0.1539581079752188,0.0873832235224702,0.0873832235224702,0.4657488445274855,17.889685938103657,54961.90850624447,5.607237683154686,Texas,Cherokee County,8578.0,59830.0,57395.95425312224,-35171.75243777691,13630.94454973914
13043,Candler,GA,17.9,10.8,18.7,8.4,19.0,13.9,26.4,24.8,21.6,26.1,19.6,39.8,32.2,16.7,42.3,5.4,39.7,24.2,7.3,10998.0,4041.0,287.0,0.0,0.0,0.0,0.0,0.0,0.7811420258228768,0.7811420258228768,1.0,32.96180509949456,36053.88779778141,2.6095653755228225,Georgia,Candler County,1870.0,50431.0,43242.443898890706,-70825.6314901758,22290.89060004221
45065,McCormick,SC,13.8,10.0,16.1,7.0,15.9,13.6,28.4,23.1,14.8,21.7,18.6,33.7,26.9,14.8,38.3,4.6,40.3,15.6,6.1,10233.0,4027.0,1306.0,0.0,0.0,0.0,0.0,0.0,0.5627870614678002,0.7697644874425877,0.5627870614678002,19.57287928519307,49787.19310075247,12.762630704583213,South Carolina,McCormick County,1572.0,55344.0,52565.596550376235,-74069.6849622495,21742.41203682495
46091,Marshall,SD,9.9,10.0,14.0,5.6,15.5,9.5,23.8,15.7,12.8,15.7,12.8,34.0,22.8,10.6,35.7,3.0,30.7,10.2,4.1,4656.0,1815.0,373.0,0.0,0.0,0.0,0.0,0.0,0.0,0.0,0.0,8.258789265654249,72500.0,8.011168384879726,South Dakota,Marshall County,333.0,72500.0,72500.0,-76658.40154915836,23473.520704175564
53005,Benton,WA,10.8,10.9,14.5,5.1,10.5,9.4,23.8,15.7,12.8,18.0,12.8,34.0,20.1,11.2,36.3,3.3,31.9,11.0,4.4,175177.0,65304.0,1426.0,0.8558201133710476,0.0,0.1513611946773834,0.3925972016874361,0.1513611946773834,0.1308961792929437,0.2374626806030472,0.4631201584682921,13.415934321032022,78687.17492593206,0.81403380580784,Washington,Benton County,23008.0,87316.0,83001.58746296604,77903.63876862815,-24074.99402471467
26129,Ogemaw,MI,8.1,12.0,17.7,8.7,19.0,10.7,24.0,17.6,17.7,21.1,13.3,34.0,26.7,13.9,39.2,4.0,39.4,17.8,5.2,21699.0,9283.0,244.0,0.0,0.0,0.0,0.0,0.0,0.1804230609705516,0.1804230609705516,0.7010461311581179,16.716973499741822,48977.20701414811,1.124475782294115,Michigan,Ogemaw County,3569.0,51983.0,50480.103507074055,-60278.80181361268,14041.379700857184
28011,Bolivar,MS,14.2,11.2,20.6,9.4,20.4,17.9,32.3,34.4,25.5,30.9,25.8,39.2,41.3,21.7,46.8,7.3,38.0,23.5,9.8,34145.0,12727.0,1564.0,0.5667886952701713,0.0,0.4984624395958412,0.6219065749011569,0.2491140723385561,0.8057695123737004,0.8057695123737004,0.8057695123737004,34.637042193525915,39665.36245423927,4.580465661150974,Mississippi,Bolivar County,9404.0,37315.0,38490.18122711964,-58357.74311064645,16286.525253941692
54035,Jackson,WV,8.7,12.4,19.7,8.9,20.1,13.4,23.3,16.6,18.5,23.9,13.2,34.2,32.2,15.5,42.5,4.0,43.9,22.7,5.1,29211.0,11931.0,180.0,0.3204957036732738,0.0,0.1608298243812262,0.1608298243812262,0.1608298243812262,0.1608298243812262,0.4786553010852076,0.3023518537537229,15.453956524953991,59507.07931943446,0.6162062236828592,West Virginia,Jackson County,4826.0,55671.0,57589.03965971723,-54189.91133711478,9599.904133213913
12121,Suwannee,FL,17.1,10.3,17.8,8.4,18.5,11.9,23.8,15.7,12.8,22.8,12.8,34.0,30.4,15.1,38.6,4.5,43.8,17.5,6.4,41551.0,15953.0,1393.0,0.0,0.0,0.2538326394069938,0.2538326394069938,0.0,0.4671367716781786,0.4671367716781786,0.6155327188274651,17.667675772531492,51671.69257057592,3.352506558205578,Florida,Suwannee County,5998.0,55479.0,53575.34628528796,-43185.84256241455,8911.22633773469
37033,Caswell,NC,12.6,11.3,17.8,7.5,17.4,12.0,26.5,20.3,17.4,21.8,16.2,35.7,26.9,15.0,39.1,4.6,36.3,21.8,6.1,23719.0,9190.0,1368.0,0.0,0.0,0.1027024748092246,0.1027024748092246,0.0,0.4480795986340065,0.7351068763438594,0.5507820734432312,19.798452803283205,56116.896243517855,5.767528141995868,North Carolina,Caswell County,3325.0,59407.0,57761.94812175893,-63351.84968930474,16480.675083826638
47111,Macon,TN,15.0,11.3,21.4,9.6,22.7,12.7,23.8,15.7,12.8,26.1,12.8,34.0,30.9,16.9,42.6,4.4,38.3,26.8,6.1,22248.0,8561.0,269.0,0.3348166127292341,0.0,0.3348166127292341,0.3348166127292341,0.3348166127292341,0.2208288385472851,0.2208288385472851,0.5556454512765192,17.894262078912437,47955.43082524272,1.2090974469615243,Tennessee,Macon County,3871.0,56269.0,52112.21541262136,-59282.10261121119,14584.614543289641
48373,Polk,TX,18.7,10.6,18.6,8.0,18.3,12.5,23.8,15.7,12.8,25.0,12.8,34.0,31.1,15.9,38.3,4.6,40.1,16.6,6.4,45413.0,16503.0,4241.0,0.0,0.0,0.1437033448571995,0.1437033448571995,0.0,0.2889921388148768,0.3923105718626825,0.5351110915376655,17.9030535531488,55348.59390482902,9.33873560434237,Texas,Polk County,8675.0,59066.0,57207.29695241451,-41037.334450215705,10655.681603977107
36003,Allegany,NY,6.4,11.4,14.6,7.0,15.4,9.5,23.2,15.0,14.7,17.6,13.3,33.4,24.8,12.3,36.1,3.6,38.7,14.7,4.6,48946.0,18208.0,4584.0,0.0,0.0,0.0743472398153066,0.0743472398153066,0.0,0.4467985126465901,0.5248641359865974,0.9219139459812856,17.26536528954039,58257.25924488211,9.365423119356024,New York,Allegany County,7095.0,61233.0,59745.129622441054,-37068.6529399979,-124.72513765477925
15009,Maui,HI,6.7,10.5,13.6,4.8,13.4,9.6,29.7,18.3,14.2,16.6,12.5,34.1,19.1,11.5,26.2,3.2,42.6,9.7,4.8,154834.0,53886.0,2772.0,0.8279383081235387,0.0,0.0678468553418499,0.1038596173966958,0.0209902217859126,0.0,0.1203159512768513,0.1360424712918351,9.889556737854718,85918.70508415464,1.7903044550938425,Hawaii,Maui County,15969.0,95076.0,90497.35254207732,5084.184672952644,26038.729439501658
6071,San Bernardino,CA,14.4,9.8,16.4,5.1,12.4,11.8,30.4,23.1,20.6,25.6,18.9,38.2,26.4,14.1,33.3,4.3,37.8,12.4,6.7,2035210.0,611618.0,40054.0,0.9208017845824265,0.0059394362252543,0.222249301054928,0.4609696296696655,0.2130915237248244,0.129700620574781,0.1704998501383149,0.5514649593899401,17.3561981326682,68987.14612054775,1.968052436849269,California,San Bernardino County,291226.0,82184.0,75585.57306027388,1825847.9583889362,275518.96281643404
24045,Wicomico,MD,9.5,11.1,14.8,6.7,14.4,11.5,25.0,17.6,15.8,20.4,14.8,35.1,27.9,12.9,40.9,3.8,36.6,12.9,5.0,98733.0,37220.0,4403.0,0.645620005469296,0.0,0.3040827281658614,0.3947616298502021,0.3040827281658614,0.2328198272107603,0.4703594542858011,0.6128346145665583,15.380446327952336,70185.53734820172,4.459501888932778,Maryland,Wicomico County,13995.0,72861.0,71523.26867410087,-5523.282705493271,-11520.969230332765
51087,Henrico,VA,8.0,10.6,13.6,5.0,11.4,10.8,22.5,13.0,10.4,16.6,11.9,34.8,20.6,11.5,32.5,3.0,37.0,10.0,4.2,306935.0,124601.0,2494.0,0.9355954843859448,0.0,0.1050092039031065,0.3019825044390506,0.1050092039031065,0.102370208676104,0.2482642904849561,0.316695717334289,10.119952546731565,91764.85839672896,0.8125498884128562,Virginia,Henrico County,27912.0,86397.0,89080.92919836448,124259.08238313775,-76529.68675656246
1017,Chambers,AL,12.1,10.9,18.8,8.0,18.2,14.5,28.6,26.1,20.3,25.8,19.5,37.6,32.5,17.5,41.6,5.2,42.6,17.9,6.9,34215.0,13933.0,458.0,0.3817623849188952,0.0,0.2399532368844074,0.2399532368844074,0.2399532368844074,0.0996931170539237,0.4364167762677188,0.345725558965366,16.63721658941483,52432.93914949583,1.3385941838374982,Alabama,Chambers County,5214.0,49295.0,50863.96957474791,-55346.48358065823,12649.106617664394
55105,Rock,WI,9.2,11.2,13.9,5.8,14.9,10.3,22.1,13.4,13.9,18.4,11.2,32.3,28.4,12.0,41.7,3.3,38.2,11.3,4.3,160331.0,62905.0,2934.0,0.7314929739102233,0.0,0.2605110677286363,0.3659367184137815,0.2605110677286363,0.2052628624532997,0.4113802071963625,0.4021742520161416,13.572794712466557,68002.7650547929,1.829964261434158,Wisconsin,Rock County,16058.0,74390.0,71196.38252739645,58838.40605969829,-42616.97693943785
9180,Southeastern Connecticut,CT,10.1,11.4,14.2,5.3,11.7,8.8,25.2,15.3,12.4,16.8,13.1,33.1,25.9,10.5,33.1,3.2,38.5,10.7,4.6,25241.0,9775.0,583.0,0.3458284459307694,0.0,0.1345236931205181,0.213471534089182,0.0511226162291542,0.1011854426282319,0.2076341948310139,0.409791766014942,14.641471788424182,62500.0,1.8142722752318237,,,28317.0,84185.0,63238.92615563523,-59777.46225547743,14787.486097033085
13079,Crawford,GA,14.3,10.4,17.0,7.2,17.3,12.1,25.7,18.9,15.2,21.5,15.5,38.6,28.6,14.1,36.9,4.2,37.8,21.8,5.6,12630.0,4822.0,133.0,0.0,0.0,0.4632620744259699,0.4632620744259699,0.0,0.4632620744259699,0.7523357086302455,0.7109263657957244,19.67487848392208,49928.031116389546,1.0530482977038798,Georgia,Crawford County,1593.0,60905.0,55416.51555819478,-70265.5085113223,20049.980258326512
28137,Tate,MS,11.6,9.8,17.9,7.2,17.0,12.5,29.4,20.8,11.7,22.5,16.5,37.9,32.1,15.9,36.4,4.4,38.5,19.1,5.9,28886.0,10035.0,1281.0,0.203004915876203,0.0,0.7691269126912691,0.7691269126912691,0.203004915876203,0.3639133144083639,0.3639133144083639,0.7691269126912691,20.329702938007937,61586.98102887212,4.434674236654435,Mississippi,Tate County,4435.0,63995.0,62790.99051443606,-58502.20424956601,13871.232857053368
4015,Mohave,AZ,14.3,11.2,16.9,7.7,17.1,9.7,29.7,18.4,14.0,20.3,14.5,32.5,26.6,14.0,33.3,4.1,41.7,15.6,5.9,200186.0,82539.0,2629.0,0.6750122386180851,0.0,0.4835353121596915,0.5443187835313159,0.3505989429830258,0.2974283915958159,0.4091045327845104,0.5765538049613859,17.485115683907964,52542.043154865976,1.3132786508547052,Arizona,Mohave County,35787.0,55799.0,54170.521577432984,108660.48024172249,-43967.64849169899
47019,Carter,TN,12.6,11.5,20.6,9.4,21.2,12.5,23.8,15.7,12.8,24.6,12.8,34.0,29.4,16.7,38.0,4.3,44.2,25.0,5.8,57424.0,24197.0,1491.0,0.650442323767066,0.0,0.6753796322095291,0.6753796322095291,0.5479590415157426,0.2284584842574533,0.2284584842574533,0.8437064641961549,23.52705373832231,47975.11855670103,2.5964753413207022,Tennessee,Carter County,9851.0,48435.0,48205.05927835051,-26722.429769402195,-3979.7819203951367
5061,Howard,AR,13.1,10.7,19.9,7.9,17.6,12.5,29.9,22.3,14.4,25.4,18.0,37.6,34.4,16.9,39.7,4.6,41.8,22.9,6.4,13789.0,5365.0,181.0,0.3403437522662992,0.0,0.3403437522662992,0.3403437522662992,0.3403437522662992,0.3403437522662992,0.7020813692073392,0.3403437522662992,19.23539207779531,48538.61280731017,1.3126405105518892,Arkansas,Howard County,2477.0,44492.0,46515.306403655086,-68632.8324534184,20747.192188822402
5019,Clark,AR,11.0,10.9,19.6,8.0,17.4,12.9,28.8,21.6,14.9,24.9,17.3,35.2,33.1,16.6,43.2,4.8,43.5,21.6,6.4,22995.0,8783.0,2612.0,0.3765166340508806,0.0,0.1742987606001304,0.3765166340508806,0.1742987606001304,0.3765166340508806,0.6144814090019569,0.5697325505544684,19.937665189538823,56907.997651663405,11.358991085018484,Arkansas,Clark County,3810.0,50985.0,53946.4988258317,-62674.03694520994,16258.112018353213
47181,Wayne,TN,14.6,11.0,21.2,9.9,23.2,12.8,23.8,15.7,12.8,26.1,12.8,34.0,29.9,17.0,40.2,4.7,43.0,17.3,6.3,17021.0,6136.0,2140.0,0.0,0.0,0.1807766876211738,0.1807766876211738,0.0,0.329181599200987,0.329181599200987,0.7321543975089595,19.028035845365533,49813.3772986311,12.57270430644498,Tennessee,Wayne County,2669.0,52824.0,51318.68864931555,-65505.57815620543,16825.15692696933
54031,Hardy,WV,10.6,12.5,21.0,9.7,22.1,14.2,24.5,19.7,22.0,26.4,15.4,35.2,33.5,16.6,41.5,4.5,43.9,24.0,5.9,14025.0,5818.0,58.0,0.0,0.0,0.0,0.0,0.0,0.0,0.364349376114082,0.0,10.94050788418149,56055.915864527626,0.4135472370766489,West Virginia,Hardy County,2491.0,49302.0,52678.95793226382,-67704.09150182534,18561.58440832443
26153,Schoolcraft,MI,7.8,12.3,17.5,8.5,19.0,10.8,24.1,18.2,17.9,21.1,13.8,34.4,26.5,13.9,40.1,4.0,37.3,20.7,5.4,8485.0,3759.0,140.0,0.3913965822038892,0.0,0.3913965822038892,0.3913965822038892,0.3913965822038892,0.3913965822038892,0.3913965822038892,0.3913965822038892,20.628553917286855,55270.485209192695,1.649970536240424,Michigan,Schoolcraft County,1179.0,57708.0,56489.24260459635,-73267.86134618668,21405.761556265174
47099,Lawrence,TN,13.3,11.3,20.9,9.6,21.7,12.4,23.8,15.7,12.8,25.0,12.8,34.0,29.1,16.5,41.3,4.4,40.2,21.8,5.9,41869.0,16275.0,407.0,0.0,0.0,0.0588502233155795,0.0588502233155795,0.0,0.2302897131529293,0.2302897131529293,0.4702763381021758,18.593084706964007,51152.23327521555,0.9720795815519836,Tennessee,Lawrence County,6748.0,53233.0,52192.616637607774,-41055.210072916714,4121.383434762836
48495,Winkler,TX,28.4,9.1,17.2,5.7,14.0,13.3,23.8,15.7,12.8,25.9,12.8,34.0,33.0,15.2,37.5,4.4,38.6,13.5,7.1,7110.0,2578.0,97.0,0.79971870604782,0.0,0.0,0.0,0.0,0.0,0.0,0.0,15.91365425582701,68492.95105485232,1.3642756680731365,Texas,Winkler County,893.0,91898.0,80195.47552742617,-73032.85149082595,25727.578713734856
49039,Sanpete,UT,12.1,11.2,17.7,6.6,11.9,10.3,20.4,16.0,9.6,18.9,12.5,32.5,20.9,12.9,30.2,3.9,37.7,18.6,5.3,27822.0,7952.0,2417.0,0.4257062756092301,0.0,0.1355042771907124,0.365681834519445,0.0,0.0,0.0,0.5302278772194666,15.616547001845326,58548.50995614981,8.687369707425779,Utah,Sanpete County,4078.0,67459.0,63003.7549780749,-54296.733230378435,14093.36065745791
5007,Benton,AR,11.0,9.2,15.1,5.6,11.6,9.8,25.3,13.2,6.6,18.8,11.3,31.4,25.4,11.9,35.1,3.0,34.0,12.1,4.3,221339.0,82087.0,2061.0,0.5887258910539941,0.0,0.0966571638979122,0.1451212845454258,0.0966571638979122,0.0,0.0593795038380041,0.1635274398095229,10.219919546543863,76361.56096756559,0.931150859089451,Arkansas,Benton County,22138.0,89879.0,83120.28048378279,116611.73708177579,-42950.90287070679
28135,Tallahatchie,MS,16.0,10.3,20.6,9.2,21.2,17.0,34.5,32.6,22.1,29.9,24.8,39.0,39.8,20.9,45.1,6.8,43.4,27.7,9.1,15378.0,4856.0,2421.0,0.1820132657042528,0.0,0.5361555468851606,0.7181688125894135,0.0,0.3549876446872155,0.3549876446872155,1.0,29.853074724650284,40795.361295357005,15.743269605930548,Mississippi,Tallahatchie County,3155.0,37383.0,39089.1806476785,-70629.42778782289,21437.345952682543
29107,Lafayette,MO,9.0,10.6,18.2,7.0,16.8,9.5,19.9,12.4,9.5,19.2,11.5,31.2,27.2,13.1,36.8,3.3,40.3,11.1,4.4,33381.0,13022.0,724.0,0.1867229861298343,0.0,0.1867229861298343,0.1867229861298343,0.1867229861298343,0.1867229861298343,0.4603816542344447,0.3613432791108714,12.892577407809856,67504.8564752404,2.168898475180492,Missouri,Lafayette County,3161.0,79091.0,73297.9282376202,-51026.199258592205,8507.714590084408
41037,Lake,OR,10.6,12.2,17.8,7.6,16.0,11.0,23.8,15.7,12.8,21.8,12.8,34.0,23.5,13.8,37.5,4.0,33.9,12.2,5.5,7895.0,3378.0,454.0,0.0,0.0,0.3490816972767574,0.3490816972767574,0.3490816972767574,0.3490816972767574,0.0,1.0,16.580089341915016,49724.20329322356,5.750474984167194,Oregon,Lake County,1379.0,61222.0,55473.10164661178,-73254.03487180035,22009.472742154125
51730,Petersburg,VA,12.0,13.0,18.7,7.5,17.3,17.0,28.7,29.5,29.6,27.1,23.9,40.0,33.2,19.3,46.6,6.0,48.6,25.2,8.1,32420.0,13634.0,1058.0,0.884176434299815,0.0,0.7774213448488587,0.884176434299815,0.7774213448488587,0.7146514497223936,0.7146514497223936,1.0,26.056765425348413,44423.8449413942,3.2634176434299813,Virginia,Petersburg city,6930.0,50741.0,47582.4224706971,-62968.915227586855,19500.531991543292
55133,Waukesha,WI,6.1,10.3,11.1,4.1,10.4,8.2,17.1,8.2,7.5,12.7,7.5,30.5,19.6,9.1,33.1,2.3,31.5,6.1,3.0,389891.0,152663.0,5650.0,0.8570395315613851,0.0,0.0345352931973295,0.0520581393261193,0.0345352931973295,0.0520581393261193,0.2046469397857349,0.0520581393261193,4.976094876257731,105468.62567230329,1.4491229600067712,Wisconsin,Waukesha County,21085.0,104100.0,104784.31283615164,233197.91884337162,-169022.28595150728
31005,Arthur,NE,7.6,9.5,12.8,6.0,14.6,9.3,19.4,11.5,8.9,15.1,9.0,29.2,24.5,10.9,42.4,3.1,30.5,11.6,4.0,460.0,187.0,0.0,0.0,0.0,0.0,0.0,0.0,0.0,0.0,0.0,10.2870813397129,66250.0,0.0,Nebraska,Arthur County,52.0,67500.0,66875.0,-80038.71853768987,25168.864936342576
36035,Fulton,NY,7.2,12.0,15.3,7.3,16.2,9.5,24.0,16.7,15.9,18.6,14.0,34.0,26.7,12.9,35.5,3.8,41.5,15.2,4.8,55531.0,22554.0,1474.0,0.5673587725774792,0.0,0.0,0.2586123066395346,0.0,0.1336190596243539,0.3464551331688606,0.5324233311123516,15.60604811447933,61731.10702130342,2.654373232968972,New York,Fulton County,7532.0,62615.0,62173.053510651705,-30786.34407116995,-2972.0906374721926
17151,Pope,IL,8.2,10.7,15.0,6.9,15.8,9.8,25.6,14.5,13.9,18.4,12.2,34.9,22.9,12.1,39.6,3.3,37.5,18.0,4.4,4470.0,1829.0,389.0,0.0,0.0,0.0,0.0,0.0,0.0,0.0,0.4574944071588367,12.998409167105372,63844.69351230425,8.702460850111857,Illinois,Pope County,516.0,62500.0,63172.346756152125,-76631.66236060488,23116.527084970003
29023,Butler,MO,11.8,11.7,22.6,10.0,22.7,12.6,22.0,20.7,18.1,26.7,16.5,34.1,36.1,18.2,41.3,5.0,39.6,21.0,6.6,42794.0,17614.0,884.0,0.4421881572183016,0.0,0.6829929429359256,0.7511567042108707,0.3740243959433565,0.4646445763424779,0.590760386970136,0.8738841893723419,21.92828754004857,47442.10812263402,2.065710146282189,Missouri,Butler County,8360.0,49213.0,48327.55406131701,-41247.414774435114,4612.0492292076415
32017,Lincoln,NV,10.0,10.7,16.0,6.3,15.6,8.8,25.5,13.4,11.2,18.5,11.8,35.7,22.1,11.8,31.7,3.1,38.6,9.9,4.3,5345.0,1988.0,239.0,0.0,0.0,0.0,0.0,0.0,0.0,0.0,0.0,6.354744877671019,64053.478203928906,4.471468662301217,Nevada,Lincoln County,265.0,69496.0,66774.73910196446,-75900.49223689384,22910.5119252625
16077,Power,ID,17.5,10.6,18.2,6.9,14.3,10.6,21.7,19.2,13.4,21.8,15.3,30.4,27.4,15.4,38.0,4.3,34.4,23.4,6.4,7817.0,2641.0,47.0,0.0,0.0,0.2112063451451963,0.2112063451451963,0.0,0.0,0.0,0.2112063451451963,9.246679918944984,61883.71996929769,0.6012536778815403,Idaho,Power County,646.0,59760.0,60821.85998464884,-72819.28586541554,24441.066222105288
39045,Fairfield,OH,7.4,10.8,13.5,6.2,14.5,10.4,21.6,12.2,9.9,16.5,10.7,34.0,23.5,10.7,35.3,3.0,41.2,13.3,3.9,146156.0,54310.0,2872.0,0.6140014778729577,0.0,0.2095158597662771,0.2865841977065601,0.2095158597662771,0.2374654478776102,0.330783546347738,0.3249062645392594,9.636716397800132,79989.8066312707,1.9650236733353403,Ohio,Fairfield County,12903.0,87069.0,83529.40331563534,41766.544242525386,-47183.59697693665
19195,Worth,IA,7.3,10.0,14.3,6.1,15.9,9.4,23.9,11.6,9.7,16.8,9.8,32.5,24.0,10.8,40.4,3.0,33.5,11.5,3.8,7598.0,3172.0,90.0,0.0,0.0,0.0,0.0,0.0,0.0,0.0,0.0,9.196594359697771,68929.44630165833,1.1845222426954465,Iowa,Worth County,532.0,76875.0,72902.22315082917,-73811.71221629035,21320.95959089554
35021,Harding,NM,17.9,10.0,17.9,6.9,15.6,12.4,24.8,24.4,21.7,25.6,19.1,34.6,27.7,15.2,36.5,5.1,34.8,18.3,7.7,695.0,349.0,0.0,0.0,0.0,1.0,1.0,1.0,1.0,0.0,1.0,18.3006535947712,44219.0,0.0,New Mexico,Harding County,140.0,41250.0,42734.5,-79754.45215583453,25291.35515312728
28061,Jasper,MS,13.0,10.4,19.3,8.1,19.4,15.2,32.6,28.2,18.1,26.1,21.7,38.4,38.1,18.5,45.2,5.6,39.9,22.0,7.6,17062.0,6798.0,87.0,0.0,0.0,0.0,0.0,0.0,0.3095182276403704,0.3095182276403704,0.4318954401594186,23.345886187125032,45396.22746454109,0.5099050521627007,Mississippi,Jasper County,3036.0,47157.0,46276.61373227055,-68940.65874084605,19662.87506570436
48311,McMullen,TX,23.0,9.7,18.0,7.2,16.7,14.1,23.8,15.7,12.8,26.6,12.8,34.0,33.2,16.5,39.1,5.0,41.3,24.2,7.6,707.0,310.0,0.0,0.0,0.0,0.0,0.0,0.0,0.0,0.0,0.0,12.8398791540786,72750.0,0.0,Texas,McMullen County,57.0,45833.0,59291.5,-79763.49465239102,25228.227870610033
6053,Monterey,CA,16.2,9.6,16.8,5.3,12.1,11.6,28.1,22.6,19.4,25.4,19.0,35.7,26.7,14.5,31.4,4.4,34.4,11.2,6.8,415057.0,125946.0,18702.0,0.8495001891306495,0.033667664923131,0.03733222183941,0.2156523079962511,0.0282298575858255,0.0118537935753402,0.0459864548724633,0.4240935582341702,13.686824750933116,77075.45071399832,4.505887143211655,California,Monterey County,52732.0,94486.0,85780.72535699916,313399.38298980036,110620.16380278362
39023,Clark,OH,9.4,11.5,16.3,8.1,18.5,12.2,22.9,16.7,14.4,20.9,13.5,36.3,31.7,13.7,42.4,3.9,40.1,19.7,5.0,138333.0,55244.0,2798.0,0.7221125834038155,0.0,0.2056342304439287,0.438340815279073,0.2056342304439287,0.1981378268381369,0.2131595497820476,0.456723992106005,16.22283558165108,58916.399319034506,2.0226554762782563,Ohio,Clark County,20582.0,60846.0,59881.19965951725,38254.80615595447,-38647.133925539165
31141,Platte,NE,13.0,8.7,12.6,5.5,13.8,10.0,22.0,13.9,9.5,15.9,10.8,28.9,26.1,10.9,42.1,3.1,29.4,9.3,4.5,32237.0,12658.0,476.0,0.4671340385271582,0.0,0.0,0.0,0.0,0.0,0.2320004963240996,0.0,8.23811399418987,79792.55668951826,1.4765641964202625,Nebraska,Platte County,2959.0,72335.0,76063.77834475914,-51652.72455356415,13060.735261184718
19019,Buchanan,IA,6.8,10.0,13.9,5.8,15.6,8.9,23.9,11.0,8.9,15.7,9.3,32.4,22.6,10.4,37.4,2.8,35.4,13.4,3.6,20958.0,8161.0,343.0,0.1887584693195915,0.0,0.0,0.0,0.0,0.0,0.3821929573432579,0.0,9.58991643419896,73907.46855615993,1.6366065464261856,Iowa,Buchanan County,1439.0,78430.0,76168.73427807997,-62173.048340667534,14037.711897560985
48205,Hartley,TX,19.0,9.1,15.0,5.6,13.4,10.8,23.8,15.7,12.8,20.3,12.8,34.0,25.9,12.4,34.3,3.4,36.4,14.2,4.9,6062.0,1771.0,1406.0,0.0,0.0,0.0,0.0,0.0,0.0,0.0,0.0,6.3258026159334095,66161.0,23.193665456944903,Texas,Hartley County,263.0,82122.0,74141.5,-75085.30272408994,23467.714559441614
29207,Stoddard,MO,11.3,11.0,21.7,9.4,22.2,11.3,20.8,18.0,15.2,25.0,14.4,34.2,33.2,16.9,37.6,4.5,41.8,26.2,5.9,29968.0,12255.0,689.0,0.2823678590496529,0.0,0.0,0.1165910304324612,0.0,0.1165910304324612,0.1165910304324612,0.4527495995728777,15.985598819558176,51862.810097437265,2.29911906033102,Missouri,Stoddard County,4768.0,54067.0,52964.90504871863,-52440.960969462496,9676.606572783618
47005,Benton,TN,13.9,11.3,21.6,9.8,23.1,12.6,23.8,15.7,12.8,25.8,12.8,34.0,31.1,16.9,40.5,4.5,41.3,20.6,6.1,16489.0,7063.0,162.0,0.2239068469889017,0.0,0.350536721450664,0.350536721450664,0.2239068469889017,0.2562920735035478,0.2562920735035478,0.8135726848201832,21.378082140044285,45994.23397416459,0.9824731639274666,Tennessee,Benton County,2920.0,50435.0,48214.61698708229,-64934.80212181026,17024.985856198957
50001,Addison,VT,6.3,11.0,12.5,4.9,10.7,6.5,23.8,15.7,12.8,12.8,12.8,34.0,17.0,8.3,28.1,2.6,29.4,9.6,3.3,36821.0,14084.0,2852.0,0.193558023953722,0.0,0.0,0.0,0.0,0.0,0.0,0.0,7.948299098658516,83960.20727302355,7.74557996795307,Vermont,Addison County,2524.0,88478.0,86219.10363651178,-50078.90431302566,6300.981421051401
51073,Gloucester,VA,8.3,10.8,15.3,5.8,13.6,9.9,20.8,11.2,9.1,16.4,10.1,33.4,22.1,11.8,35.4,3.0,32.6,7.0,3.9,36858.0,14293.0,368.0,0.1504693689294047,0.0,0.1504693689294047,0.1504693689294047,0.1504693689294047,0.1504693689294047,0.1504693689294047,0.1869336372022356,8.363718520407712,80468.31431439579,0.9984263931846546,Virginia,Gloucester County,2619.0,83689.0,82078.65715719789,-51203.61490037071,7614.170114363176
8055,Huerfano,CO,15.0,11.0,16.4,5.9,13.6,9.4,23.8,15.7,12.8,18.9,12.8,34.0,21.1,11.8,27.9,3.6,32.6,12.1,5.3,6711.0,3137.0,165.0,0.4877067501117568,0.0,0.0,0.4877067501117568,0.0,0.0,0.0,0.4877067501117568,16.05855010093601,52391.670540903,2.458649977648637,Colorado,Huerfano County,1193.0,52139.0,52265.3352704515,-73759.10642311239,24249.649954696455
2060,Bristol Bay,AK,9.8,11.1,14.8,5.8,16.7,9.1,26.3,14.4,9.1,17.9,12.8,34.2,20.7,11.6,34.5,3.3,38.0,12.4,4.8,997.0,423.0,16.0,0.0,0.0,0.0,0.0,0.0,0.0,0.0,0.0,5.79374275782155,98472.0,1.60481444332999,Alaska,Bristol Bay Borough,83.0,100625.0,99548.5,-79927.49985973042,25202.390371926107
36023,Cortland,NY,6.1,11.4,13.9,6.4,14.4,8.6,23.6,13.7,12.8,16.4,12.3,31.9,23.9,11.4,32.3,3.3,39.1,9.5,4.2,49336.0,18671.0,3561.0,0.6254459218420626,0.05507134749473,0.0,0.0930355115939678,0.0,0.0,0.2303997081238852,0.4870074590562672,16.703165111403393,69318.27912680396,7.217853089022215,New York,Cortland County,5494.0,67527.0,68422.63956340199,-37703.85712712439,307.3538806981378
24027,Howard,MD,6.0,9.1,9.5,3.5,7.3,9.1,22.0,9.7,6.4,11.8,9.2,31.6,15.8,7.9,29.6,2.1,37.4,6.6,3.0,287085.0,104749.0,2322.0,0.9003779368479718,0.0,0.0378563839977706,0.0378563839977706,0.0378563839977706,0.0247766340979152,0.130428270372886,0.0378563839977706,5.344931269720437,141591.69076754272,0.8088196875489837,Maryland,Howard County,16915.0,146982.0,144286.84538377135,104528.35678325276,-64257.36781770145
13011,Banks,GA,14.8,10.2,17.2,7.5,17.4,11.5,24.1,17.1,13.6,21.6,13.8,37.7,28.0,13.8,34.2,4.1,37.5,15.9,5.4,18395.0,6700.0,0.0,0.0,0.0,0.0,0.0,0.0,0.2727371568360968,0.2727371568360968,0.2727371568360968,13.475053897699013,54135.09915737972,0.0,Georgia,Banks County,2396.0,68830.0,61482.54957868986,-63237.159576079954,17203.60331436544
16061,Lewis,ID,11.4,11.7,19.2,7.8,16.5,10.5,21.8,17.9,14.2,21.0,13.6,31.3,26.7,15.8,35.5,4.4,36.4,18.0,5.9,3821.0,1657.0,74.0,0.0,0.0,0.0,0.0,0.0,0.0,0.0,0.4519759225333682,14.053538594062124,54268.20439675478,1.9366657942946872,Idaho,Lewis County,629.0,49643.0,51955.60219837739,-77004.13448375087,23633.122165438774
47095,Lake,TN,20.4,11.6,25.5,13.4,29.8,17.8,23.8,15.7,12.8,35.8,12.8,34.0,39.0,23.0,47.3,7.5,44.1,31.4,10.0,7832.0,2270.0,2506.0,0.0,0.0,0.0,0.0,0.0,1.0,1.0,1.0,27.786622967906304,47235.09065372829,31.99693564862104,Tennessee,Lake County,1453.0,30500.0,38867.54532686414,-74898.06280937068,22041.89424050847
48207,Haskell,TX,20.8,10.1,17.8,7.4,16.8,12.3,23.8,15.7,12.8,24.7,12.8,34.0,30.6,15.4,36.9,4.5,39.3,17.9,6.5,5899.0,2297.0,544.0,0.6735039837260552,0.0,0.6735039837260552,0.6735039837260552,0.6735039837260552,0.0,0.0,1.0,20.19964145467076,55589.40396677403,9.221902017291066,Texas,Haskell County,726.0,54044.0,54816.701983387014,-74842.95829770491,23893.630559704805
13227,Pickens,GA,12.1,10.1,15.5,6.7,15.4,10.3,21.4,13.8,10.6,18.3,11.6,37.5,24.6,12.3,34.7,3.5,34.3,15.9,4.6,29431.0,11291.0,360.0,0.2262920050287112,0.0,0.0,0.0,0.0,0.0,0.4369882097108491,0.0,9.772183951394762,75747.43827936529,1.2232000271822228,Georgia,Pickens County,4502.0,75293.0,75520.21913968265,-54429.19888218338,10420.807426350455
46093,Meade,SD,8.6,10.4,13.6,5.5,14.6,8.6,23.8,15.7,12.8,15.1,12.8,34.0,21.1,10.7,30.9,2.9,28.7,13.7,3.8,25434.0,9903.0,797.0,0.3168986396162617,0.0,0.0468663993080128,0.0468663993080128,0.0468663993080128,0.0,0.0,0.0468663993080128,7.577574282136073,69233.82444758984,3.133600691987104,South Dakota,Meade County,2241.0,74161.0,71697.41222379492,-58511.53186834359,13202.157298952288
46019,Butte,SD,10.4,10.6,15.6,6.6,17.3,10.0,23.8,15.7,12.8,17.8,12.8,34.0,26.1,11.9,35.8,3.5,32.6,15.4,4.7,10110.0,4160.0,111.0,0.7060336300692384,0.0,0.7060336300692384,0.7060336300692384,0.7060336300692384,0.0,0.0,0.7060336300692384,12.292809431392802,51801.899109792284,1.0979228486646884,South Dakota,Butte County,749.0,67692.0,59746.94955489614,-71040.17549353381,20502.531664983682
56005,Campbell,WY,12.8,10.3,15.4,6.1,15.0,9.1,23.8,15.7,12.8,17.9,12.8,34.0,25.7,11.8,35.3,3.1,34.3,16.9,4.2,46133.0,17172.0,422.0,0.6151995317885245,0.0,0.118938720655496,0.118938720655496,0.118938720655496,0.118938720655496,0.4337242321115037,0.118938720655496,10.912678253717,84878.71250514816,0.914746493833048,Wyoming,Campbell County,4210.0,95253.0,90065.85625257407,-40319.284595944206,4730.18814538699
51135,Nottoway,VA,12.0,11.4,18.3,7.7,18.2,14.5,26.4,21.7,20.4,24.4,17.7,36.4,29.7,16.4,43.4,4.8,40.1,20.4,6.5,15853.0,5706.0,1836.0,0.0,0.0,0.6171071721440736,0.6171071721440736,0.0,0.8263420172837949,0.8263420172837949,1.0,20.22696290316741,54503.17794739166,11.581404150633947,Virginia,Nottoway County,2608.0,62161.0,58332.088973695834,-69086.01276334871,19955.233657110773
29097,Jasper,MO,11.1,10.8,19.9,8.4,19.0,11.5,20.6,16.5,13.8,22.6,14.4,33.0,31.8,15.5,40.2,4.2,41.1,14.0,5.7,117404.0,45639.0,2478.0,0.6898146570815304,0.0,0.3070082791046302,0.4080269837484242,0.2486371844230179,0.1503952165173248,0.3373990664713298,0.4646008653878913,17.594506926169124,57047.26317672311,2.110660624850942,Missouri,Jasper County,22229.0,57525.0,57286.13158836155,25828.870482476763,-23265.038424316863
48143,Erath,TX,15.4,10.2,16.1,6.6,14.5,11.0,23.8,15.7,12.8,20.8,12.8,34.0,26.1,13.5,35.8,3.8,40.6,13.2,5.3,37890.0,14569.0,1888.0,0.6025336500395883,0.0,0.4873317498020585,0.4873317498020585,0.4305357614146213,0.2670889416732647,0.2670889416732647,0.656215360253365,20.84035229952954,69263.47397730272,4.982845077856954,Texas,Erath County,6435.0,65351.0,67307.23698865136,-44270.8918711486,14415.016571445929
6037,Los Angeles,CA,11.8,9.0,15.6,4.5,11.3,11.6,31.6,21.0,18.2,23.6,17.7,41.1,25.7,13.6,26.4,4.2,35.7,12.4,6.2,9818605.0,3241204.0,171682.0,0.9910368122559162,0.0050222002005376,0.0258742458831982,0.2415294229679267,0.0258742458831982,0.0519628806739857,0.0846027516128818,0.4824760747580741,16.012283840720645,79564.37103997971,1.748485180051432,California,Los Angeles County,1322476.0,87760.0,83662.18551998986,8494939.305912957,1560578.2651996706
18069,Huntington,IN,8.3,11.3,16.0,7.5,17.1,11.1,23.6,13.9,8.1,19.6,10.7,34.2,24.0,12.7,40.0,3.3,35.3,16.8,4.4,37124.0,14218.0,1330.0,0.5482167869841612,0.0,0.1003663398340696,0.1873720504256006,0.1003663398340696,0.1003663398340696,0.3571544014653593,0.1873720504256006,10.230866739078836,63146.40860359875,3.5825880831806916,Indiana,Huntington County,3564.0,62734.0,62940.20430179937,-48068.17336549364,5777.2849292737665
48355,Nueces,TX,25.0,9.3,16.2,5.5,13.4,14.5,23.8,15.7,12.8,26.1,12.8,34.0,31.3,15.1,40.0,4.5,40.1,14.5,7.2,340223.0,124587.0,5792.0,0.9132921642569728,0.0037240280639462,0.1938522674833859,0.4250182968229661,0.1860985294938907,0.2485516852182245,0.3291400052318626,0.4606625654350235,16.652151980279267,66701.80610952228,1.7024128292325915,Texas,Nueces County,61023.0,66021.0,66361.40305476115,294622.0948717203,29571.869681355427
13279,Toombs,GA,17.1,10.8,18.2,8.0,17.9,13.6,26.0,23.6,20.6,25.0,18.9,39.0,32.0,16.3,40.9,5.1,40.4,24.7,7.0,27223.0,10375.0,387.0,0.1461631708481798,0.0,0.2694412812695148,0.2694412812695148,0.1461631708481798,0.328068177643904,0.5337765859750946,0.7942915916688095,23.893190905517137,50287.315505271275,1.421592036145906,Georgia,Toombs County,5252.0,54130.0,52208.65775263564,-57125.28428056394,17669.720397909656
28077,Lawrence,MS,14.4,10.6,21.5,9.7,22.1,15.2,31.2,28.7,19.4,28.4,20.9,38.7,39.0,19.9,46.1,6.2,40.2,22.8,8.3,12929.0,5078.0,0.0,0.0,0.0,0.3519993812359811,0.3519993812359811,0.0,0.3519993812359811,0.3519993812359811,0.6806404207595328,18.990884502717805,55339.90780416119,0.0,Mississippi,Lawrence County,2823.0,43368.0,49353.9539020806,-70481.35455955152,20238.053192410374
20017,Chase,KS,11.3,10.2,16.4,7.3,17.3,10.8,21.3,15.4,9.7,19.7,13.0,30.9,27.6,13.8,38.8,3.8,34.9,17.1,5.0,2790.0,1150.0,145.0,0.0,0.0,0.0,0.0,0.0,0.0,0.0,0.0,12.573443008225595,61176.0,5.197132616487455,Kansas,Chase County,258.0,54518.0,57847.0,-77976.14017350775,23987.57139104246
12111,St. Lucie,FL,16.9,10.1,15.3,6.4,13.9,11.2,23.8,15.7,12.8,19.8,12.8,34.0,25.2,13.0,31.9,3.9,38.7,11.5,5.7,277789.0,108523.0,3053.0,0.9653334005306186,0.0,0.1498871445593598,0.280385472426914,0.1498871445593598,0.1219522731281656,0.4784638700596496,0.280385472426914,15.168844498278382,56714.22049829187,1.099035598961802,Florida,St. Lucie County,39878.0,69027.0,62870.61024914593,159426.76509316906,-54668.60884874663
34013,Essex,NJ,14.9,9.8,13.3,5.1,12.3,11.0,28.1,21.5,14.4,19.5,18.8,35.7,28.4,11.4,29.4,4.0,40.4,16.2,5.9,783969.0,283712.0,23772.0,1.0,0.0060334018309397,0.015426630389722,0.1327450447658006,0.015426630389722,0.0804929786764527,0.136106147054284,0.5996474350388855,16.570136725972368,90779.11202738884,3.0322627552875177,New Jersey,Essex County,125419.0,76712.0,83745.55601369441,463645.9496051671,-71549.79678264477
54091,Taylor,WV,9.4,12.4,20.3,9.1,20.8,12.6,24.8,17.1,18.7,24.4,13.6,34.5,32.5,15.4,41.6,4.0,43.6,17.8,5.2,16895.0,6778.0,511.0,0.0,0.0,0.0,0.0,0.0,0.300621485646641,0.6205978100029594,0.300621485646641,17.50542318344909,59782.726191180824,3.024563480319621,West Virginia,Taylor County,2366.0,56807.0,58294.86309559041,-65258.343311598204,16391.15984383224
48123,DeWitt,TX,22.3,9.8,17.5,6.9,16.1,13.1,23.8,15.7,12.8,25.3,12.8,34.0,31.3,15.5,37.5,4.6,39.3,13.4,6.8,20097.0,7407.0,1790.0,0.0,0.0,0.0,0.0,0.0,0.2729760660795143,0.2729760660795143,0.2729760660795143,16.236804631209385,68100.91237498134,8.906802010250287,Texas,DeWitt County,2855.0,64014.0,66057.45618749066,-61647.12083171393,22145.486240770006
12129,Wakulla,FL,13.3,10.0,15.7,6.7,15.0,10.8,23.8,15.7,12.8,18.8,12.8,34.0,26.2,12.6,38.2,3.4,40.3,14.0,4.8,30776.0,10490.0,3428.0,0.0,0.0,0.1714322848973226,0.1714322848973226,0.0,0.0,0.2707304393033533,0.1714322848973226,12.155056330708875,70202.6776059267,11.138549519105796,Florida,Wakulla County,1758.0,74183.0,72192.83880296335,-56277.62756776324,11431.998671679918
6023,Humboldt,CA,7.7,11.0,17.2,6.7,15.0,10.0,25.8,17.5,18.2,21.7,14.5,34.6,23.2,13.9,32.1,4.1,36.4,12.7,5.4,134623.0,56031.0,5014.0,0.5789798177131694,0.0,0.2129725232686836,0.4930732489990566,0.1608491862460352,0.1995944229440734,0.2684905253931349,0.6497700987201296,20.28421972861994,60653.01582196207,3.7244750154134136,California,Humboldt County,25064.0,61135.0,60894.00791098103,37363.87418564611,-20477.691415294696
22111,Union,LA,10.6,10.7,21.6,9.4,21.6,14.3,29.5,27.0,24.5,27.3,19.6,37.4,33.6,17.9,37.2,5.5,41.2,18.5,7.4,22721.0,9144.0,415.0,0.1635931517098719,0.0,0.2935170106949518,0.2935170106949518,0.1635931517098719,0.1299238589850798,0.4799084547335064,0.2935170106949518,18.59038460887644,58124.586329827034,1.8265041151357777,Louisiana,Union Parish,5806.0,45743.0,51933.79316491351,-62950.93264528204,16487.326209915824
16075,Payette,ID,14.2,11.0,18.2,6.9,14.6,9.6,20.9,16.7,12.1,19.9,13.4,28.5,25.4,14.6,31.5,4.0,30.9,13.5,5.6,22623.0,8262.0,94.0,0.434822967776157,0.0,0.0,0.0,0.0,0.0,0.0,0.0,13.539257522588349,60052.737700570215,0.4155063431021527,Idaho,Payette County,2332.0,65723.0,62887.86885028511,-59135.50231388856,17351.379372248888
13265,Taliaferro,GA,17.1,11.1,18.2,7.8,19.0,15.7,30.3,28.2,24.8,26.6,22.9,41.0,34.0,17.3,41.8,5.7,43.8,18.4,7.7,1717.0,759.0,7.0,0.0,0.0,1.0,1.0,0.0,0.0,0.0,1.0,28.038507821901295,42292.0,0.4076878276062901,Georgia,Taliaferro County,370.0,48036.0,45164.0,-79348.11468226781,24911.11998674234
39065,Hardin,OH,9.1,11.2,16.8,8.5,19.3,11.9,21.9,16.1,14.2,20.7,12.7,36.2,30.4,13.7,41.8,3.9,41.7,23.3,5.0,32058.0,11762.0,2259.0,0.482282113668975,0.0,0.0,0.2748143989019901,0.0,0.1481689437893817,0.3100318173310874,0.2748143989019901,17.04756048976932,63550.23650882775,7.046603032004492,Ohio,Hardin County,5153.0,58001.0,60775.61825441387,-51950.89782995508,8621.155308158119
13083,Dade,GA,12.2,10.1,15.8,6.7,15.8,10.2,23.0,13.6,10.4,18.8,11.6,37.0,25.0,12.3,35.2,3.5,35.9,18.6,4.6,16633.0,6291.0,993.0,0.0,0.0,0.0,0.0,0.0,0.0,0.300126255035171,0.0,15.146385340884873,60292.59616425179,5.970059520230866,Georgia,Dade County,1280.0,58936.0,59614.2980821259,-65821.73587698706,16813.297424086115
24019,Dorchester,MD,10.8,11.7,16.5,7.7,16.6,12.8,26.2,21.0,19.7,22.1,18.1,33.8,27.8,14.4,41.9,4.5,40.7,14.6,5.8,32618.0,13522.0,506.0,0.3681402906370715,0.0,0.4705990557360966,0.4705990557360966,0.3681402906370715,0.5442700349500276,0.5442700349500276,1.0,15.97476740868664,64902.64216077013,1.5512906983873935,Maryland,Dorchester County,5225.0,60495.0,62698.82108038507,-55876.831113207125,12565.932099044194
6041,Marin,CA,6.2,9.5,12.1,3.9,8.4,7.5,22.8,9.8,8.5,15.0,9.5,31.6,16.6,9.3,21.3,2.5,30.0,6.0,3.4,252409.0,103210.0,9044.0,0.9187271452285776,0.0192306930418487,0.0,0.0203439655479796,0.0,0.0,0.0976668819257633,0.0961653506808394,7.369403031313869,150753.88548348116,3.583073503718172,California,Marin County,19907.0,142785.0,146769.44274174058,120690.6073088125,-52995.113534506774
13209,Montgomery,GA,15.3,10.5,17.2,7.7,17.7,13.5,25.8,21.8,18.6,23.4,17.6,38.8,30.7,15.5,40.0,4.8,40.4,23.7,6.4,9123.0,3287.0,732.0,0.0,0.0,0.2503562424641017,0.2503562424641017,0.0,0.532829113230297,0.532829113230297,1.0,20.78337702070004,49968.907048120134,8.02367642222953,Georgia,Montgomery County,1279.0,51188.0,50578.45352406007,-73371.28784629465,21975.23456067657
55015,Calumet,WI,7.5,10.7,12.5,5.0,12.8,8.5,19.3,10.0,10.2,14.4,8.8,30.3,24.2,10.1,32.8,2.7,33.3,10.4,3.5,48971.0,18575.0,198.0,0.5207571828224867,0.0,0.2616038063343611,0.2616038063343611,0.2616038063343611,0.1042657899573216,0.207449306732556,0.2616038063343611,5.823767404749191,84874.16903881889,0.404320924628862,Wisconsin,Calumet County,2964.0,87700.0,86287.08451940944,-39730.496812341604,838.1591851019948
19003,Adams,IA,7.1,10.2,14.7,6.3,16.4,9.5,24.0,12.2,10.4,17.1,9.8,33.8,24.9,11.1,39.2,3.1,34.3,9.0,3.9,4029.0,1715.0,114.0,0.0,0.0,0.0,0.0,0.0,0.0,0.0,0.0,11.566817935097244,65319.76346487962,2.8294862248696946,Iowa,Adams County,339.0,68828.0,67073.88173243981,-76943.4372655717,23192.915918615057
39031,Coshocton,OH,9.9,11.5,17.5,9.1,20.6,12.2,22.8,17.3,15.9,21.7,13.4,37.6,30.4,14.2,41.4,4.2,40.0,15.9,5.4,36901.0,14658.0,428.0,0.2214303135416384,0.0,0.1862280155009349,0.2769572640307851,0.0677217419582125,0.383837836372998,0.6370017072708056,0.6062708327687597,16.604883413727208,54930.453293948674,1.1598601663911547,Ohio,Coshocton County,6776.0,54687.0,54808.72664697433,-46179.60155828591,5945.957214981048
26147,St. Clair,MI,7.2,11.7,16.1,7.4,16.6,9.5,23.9,14.7,13.5,18.5,11.8,35.2,24.2,12.3,36.2,3.3,36.1,15.3,4.4,163040.0,63841.0,1999.0,0.5764904317958783,0.0,0.1359175662414131,0.2069124141315014,0.1359175662414131,0.1674558390578999,0.246056182531894,0.2913272816486751,13.3975912138487,69827.87682777233,1.22607948969578,Michigan,St. Clair County,17388.0,69349.0,69588.43841388616,60920.92058286915,-56328.54614065074
26145,Saginaw,MI,8.6,12.3,16.8,8.0,17.0,11.6,25.9,20.8,20.1,22.1,15.6,35.7,29.2,14.3,37.1,4.2,36.9,14.6,5.6,200169.0,79011.0,7116.0,0.6818138672821465,0.0,0.2385084603510034,0.3936323806383606,0.2385084603510034,0.2582018194625541,0.41353556244973,0.4491904340831997,17.905744523479143,60970.145581983226,3.5549960283560393,Michigan,Saginaw County,33133.0,58347.0,59658.57279099162,82509.25192920698,-50139.102331567876
35031,McKinley,NM,15.3,14.2,23.8,10.8,27.1,17.9,32.5,43.0,39.8,35.3,30.2,38.2,31.8,21.9,41.4,7.8,40.0,25.3,12.9,71492.0,21968.0,780.0,0.3552005818832876,0.0,0.6152716387847591,0.7051698092094221,0.5475018183852739,0.7191154255021541,0.6379175292340402,0.9032339282716948,36.395826386650775,41986.56319588206,1.0910311643260784,New Mexico,McKinley County,25117.0,44496.0,43241.28159794103,-41183.90978686002,30779.595500329964
48327,Menard,TX,22.3,10.0,17.4,6.6,15.0,12.1,23.8,15.7,12.8,24.3,12.8,34.0,30.0,14.9,37.6,4.3,37.7,21.6,6.4,2242.0,994.0,38.0,0.0,0.0,0.0,0.0,0.0,0.0,0.0,0.0,9.88428158148505,56688.0,1.694915254237288,Texas,Menard County,405.0,48191.0,52439.5,-78178.46390558133,25045.159167600752
2158,Kusilvak,AK,18.1,14.6,25.1,12.4,36.9,18.0,35.3,45.8,38.9,39.0,31.6,39.3,38.5,25.1,47.0,8.1,45.6,44.6,13.8,7459.0,1745.0,32.5,0.0,0.0,0.0,0.0,0.0,1.0,1.0,1.0,40.45164457535591,35354.0,0.8207863690892412,Alaska,Kusilvak Census Area,2555.0,48233.0,41793.5,-77711.85523320625,24109.257681727424
51015,Augusta,VA,9.1,10.5,16.3,6.4,15.0,10.3,21.8,12.5,10.2,18.0,10.7,34.5,23.8,12.5,40.8,3.2,37.0,14.6,4.2,73750.0,28516.0,2708.0,0.3645016949152542,0.0,0.1515796610169491,0.1515796610169491,0.0710508474576271,0.1515796610169491,0.6002440677966102,0.2681627118644067,9.437771888756272,72559.88112542372,3.671864406779661,Virginia,Augusta County,5455.0,79972.0,76265.94056271185,-18436.853952929196,-12353.719349686853
46025,Clark,SD,10.8,10.0,15.1,6.3,17.1,9.9,23.8,15.7,12.8,17.3,12.8,34.0,24.9,11.6,34.3,3.4,31.1,14.1,4.5,3691.0,1445.0,489.0,0.0,0.0,0.0,0.0,0.0,0.0,0.0,0.0,13.0992196209588,64390.0,13.248442156597129,South Dakota,Clark County,416.0,62885.0,63637.5,-77062.92690781938,23436.192238460222
1041,Crenshaw,AL,11.7,10.6,18.8,8.2,18.5,13.4,27.1,23.0,17.4,24.8,16.8,37.2,30.9,16.5,40.3,4.7,40.4,18.1,6.3,13906.0,5652.0,132.0,0.0,0.0,0.3655256723716381,0.3655256723716381,0.0,0.0,0.0,0.4864087444268661,15.728344936034546,54048.18092909535,0.9492305479649072,Alabama,Crenshaw County,2081.0,49040.0,51544.09046454768,-69238.28568042765,19554.96395101043
29053,Cooper,MO,9.0,10.5,18.1,7.2,17.2,10.0,20.2,13.4,10.3,19.4,12.2,31.6,29.2,13.5,37.7,3.4,39.7,16.9,4.6,17601.0,6554.0,1533.0,0.5342310096017272,0.0,0.0,0.0,0.0,0.0,0.2188512016362706,0.1352764047497301,11.489258540210216,63644.564115675246,8.709732401568093,Missouri,Cooper County,1676.0,67548.0,65596.28205783763,-65572.86069911902,16564.83158170773
30045,Judith Basin,MT,10.2,11.3,16.0,6.8,15.7,9.0,21.4,13.6,10.5,18.6,10.8,31.5,22.3,12.0,31.7,3.7,31.9,12.2,4.7,2072.0,924.0,0.0,0.0,0.0,0.0,0.0,0.0,0.0,0.0,0.0,13.7365453613532,58750.0,0.0,Montana,Judith Basin County,324.0,55417.0,57083.5,-78592.96071779684,24280.362419694564
37185,Warren,NC,13.7,12.1,19.3,8.5,19.5,14.8,28.4,28.3,26.5,26.2,21.6,36.6,31.0,18.0,44.3,5.9,41.4,22.1,8.1,20972.0,8321.0,1168.0,0.0,0.0,0.1775224108334922,0.1775224108334922,0.0,0.5118252908640092,0.8301544917032233,0.5118252908640092,18.717593210980223,49575.16307457563,5.5693305359527,North Carolina,Warren County,4004.0,45279.0,47427.08153728781,-67498.94222702937,19720.38924346587
51035,Carroll,VA,10.9,11.3,18.9,8.3,18.6,11.5,21.9,16.2,15.0,21.8,12.8,35.5,27.7,15.0,41.3,4.1,40.2,15.2,5.4,30042.0,12831.0,337.0,0.0,0.0,0.1586778510085879,0.1586778510085879,0.0,0.6227614672791425,0.6227614672791425,1.0,15.145044595514351,54147.91571799481,1.1217628653218827,Virginia,Carroll County,4688.0,52575.0,53361.457858997404,-53354.759116907495,9827.73377332336
48267,Kimble,TX,18.2,10.2,17.3,7.1,15.8,11.7,23.8,15.7,12.8,23.2,12.8,34.0,28.7,14.7,37.5,4.2,37.9,13.0,6.0,4607.0,2016.0,43.0,0.481875406989364,0.0,0.0,0.481875406989364,0.0,0.0,0.0,0.481875406989364,21.76462392620719,52711.43412198828,0.9333622747992186,Texas,Kimble County,645.0,65703.0,59207.21706099414,-75847.40519040199,23926.786655868968
20167,Russell,KS,10.2,10.7,17.2,7.4,18.1,10.2,22.2,14.7,9.3,19.6,12.7,31.7,28.3,13.8,41.8,3.8,34.1,12.7,4.8,6970.0,3173.0,89.0,0.6700143472022956,0.0,0.0,0.0,0.0,0.0,0.0,0.0,6.390383006646091,63837.97274031563,1.2769010043041606,Kansas,Russell County,1004.0,53902.0,58869.986370157814,-74427.87768447172,21700.728048126854
51678,Lexington,VA,8.3,10.7,14.9,5.9,13.2,10.5,20.5,12.1,10.0,17.0,10.6,33.6,22.8,12.0,35.7,3.1,35.0,10.1,4.2,7042.0,2237.0,2567.0,1.0,0.0,0.0,1.0,0.0,0.0,0.0,1.0,21.6230366492147,69677.0,36.45271229764271,Virginia,Lexington city,665.0,89598.0,79637.5,-75124.01918219299,22169.576306942217
19185,Wayne,IA,8.2,10.5,16.0,7.1,18.2,10.0,24.9,13.9,12.4,19.1,11.0,34.0,27.0,12.2,41.2,3.5,33.4,15.2,4.4,6403.0,2652.0,91.0,0.0,0.0,0.3267218491332188,0.3267218491332188,0.0,0.3267218491332188,0.3267218491332188,0.3267218491332188,15.02749059382172,57067.52662814306,1.421208808371076,Iowa,Wayne County,961.0,59118.0,58092.76331407153,-74496.61283529611,21969.789427258704
24510,Baltimore,MD,10.1,12.7,16.1,6.9,16.0,13.7,28.6,25.4,24.4,22.8,22.0,40.6,27.2,15.9,38.8,4.9,42.1,14.7,6.5,620961.0,249903.0,25199.0,1.0,0.0157207940595303,0.0849135452951151,0.5091575799446342,0.0849135452951151,0.44849676549735,0.5017013950956662,0.782839824079129,21.934693240279717,69132.12109456149,4.058064838210451,Maryland,Baltimore city,111877.0,59623.0,64377.560547280744,272831.9353655868,-118189.72327822252
40023,Choctaw,OK,12.6,12.8,21.1,9.3,22.3,13.8,28.4,26.2,23.8,26.1,19.4,35.9,36.6,19.1,45.5,5.3,38.4,24.8,7.6,15205.0,6270.0,172.0,0.3991450180861559,0.0,0.5764551134495232,0.5764551134495232,0.3991450180861559,0.3991450180861559,0.3991450180861559,0.7928970733311411,29.041722364607605,45961.48733969089,1.1312068398553108,Oklahoma,Choctaw County,3096.0,45456.0,45708.74366984544,-68532.24075365538,20475.17710952835
46125,Turner,SD,8.9,10.1,13.9,5.7,15.2,9.3,23.8,15.7,12.8,15.5,12.8,34.0,22.6,10.6,33.9,3.0,28.8,11.8,4.0,8347.0,3452.0,153.0,0.0,0.0,0.0,0.0,0.0,0.0,0.0,0.0,10.639909690865382,71770.82017491314,1.8329938900203664,South Dakota,Turner County,728.0,75283.0,73526.91008745658,-73190.86915633232,20897.245198600576
19191,Winneshiek,IA,6.3,9.7,13.0,5.4,13.7,8.5,22.2,9.6,7.9,14.4,8.4,31.1,21.5,9.6,36.1,2.7,28.8,8.4,3.4,21056.0,7997.0,2288.0,0.4499905015197568,0.0,0.0,0.0,0.0,0.0,0.0,0.0,8.792589172669425,79057.33406155015,10.866261398176292,Iowa,Winneshiek County,1426.0,75652.0,77354.66703077508,-63165.68565589792,14177.04785586909
30107,Wheatland,MT,12.3,11.7,17.7,7.7,17.9,9.6,23.5,16.8,13.0,21.4,12.7,32.3,24.6,13.5,32.3,4.1,33.6,21.8,5.4,2168.0,887.0,147.0,0.0,0.0,1.0,1.0,0.0,0.0,0.0,1.0,17.2495274102079,45729.0,6.780442804428044,Montana,Wheatland County,478.0,47054.0,46391.5,-78437.07221257291,24292.444466374127
48201,Harris,TX,21.5,9.2,15.7,5.5,12.6,13.2,23.8,15.7,12.8,21.8,12.8,34.0,26.9,14.1,37.1,4.3,41.0,10.9,6.8,4092459.0,1435155.0,44524.0,0.9706631147679182,0.0035931942140409,0.1558095023065594,0.4185896547772378,0.1558095023065594,0.1238995919079458,0.1675706464011001,0.5031473742314828,16.603183318878006,76326.36517531391,1.0879522555998729,Texas,Harris County,749481.0,73104.0,74715.18258765695,3588175.1374158827,90882.17357258123
48343,Morris,TX,15.5,11.2,17.8,7.5,17.2,12.5,23.8,15.7,12.8,23.6,12.8,34.0,29.7,15.6,39.1,4.6,40.3,22.1,6.2,12934.0,5226.0,145.0,0.1975413638472243,0.0,0.0,0.1975413638472243,0.0,0.0,0.4420906138858821,0.5579093861141178,16.04345909811553,52605.1520797897,1.1210762331838564,Texas,Morris County,1985.0,55082.0,53843.57603989485,-70205.88702998661,20786.64949961886
48315,Marion,TX,15.0,11.3,18.4,8.1,18.5,12.8,23.8,15.7,12.8,24.5,12.8,34.0,30.0,16.2,39.1,4.8,40.4,15.2,6.4,10546.0,4595.0,167.0,0.0,0.0,0.280390669448132,0.280390669448132,0.0,0.0,0.0,0.7822871230798407,20.681636042712515,50812.75052152475,1.5835387824767684,Texas,Marion County,1750.0,47447.0,49129.875260762376,-71771.56299554631,21073.42391743505
48137,Edwards,TX,27.3,9.6,18.3,6.8,15.6,13.7,23.8,15.7,12.8,27.5,12.8,34.0,33.7,16.5,38.9,5.0,40.6,23.9,7.8,2002.0,839.0,5.0,0.0,0.0,0.0,0.0,0.0,0.0,0.0,0.0,6.656877141458641,56688.0,0.2497502497502497,Texas,Edwards County,343.0,38500.0,47594.0,-78191.4495562045,25244.69212423324
49033,Rich,UT,9.1,11.1,16.1,5.7,10.5,9.4,19.4,12.3,7.2,16.7,10.2,31.7,18.2,11.5,33.0,3.3,34.9,9.3,4.3,2264.0,805.0,1.0,0.0,0.0,0.0,0.0,0.0,0.0,0.0,0.0,15.877080665813102,63500.0,0.0441696113074204,Utah,Rich County,244.0,76875.0,70187.5,-78347.85279459013,24257.552149111503
13141,Hancock,GA,19.5,11.5,20.2,9.4,22.7,18.3,33.2,36.0,34.1,31.7,28.4,42.2,37.7,20.7,45.1,7.5,48.1,32.2,9.8,9429.0,3341.0,1471.0,0.7177855552020362,0.0,0.7177855552020362,0.7177855552020362,0.7177855552020362,0.7177855552020362,0.7177855552020362,1.0,24.605391713649464,43218.558701877184,15.600806023968609,Georgia,Hancock County,2154.0,33182.0,38200.279350938596,-75811.55600714746,22949.83548600295
48187,Guadalupe,TX,17.5,9.5,14.6,5.0,12.5,11.6,23.8,15.7,12.8,19.8,12.8,34.0,25.4,12.4,34.4,3.4,37.3,10.7,5.1,131533.0,45762.0,1888.0,0.6763549831601195,0.0,0.1193464757893456,0.1193464757893456,0.1193464757893456,0.0472961158036386,0.0857047280910494,0.1193464757893456,9.89707020861863,79755.27992214881,1.4353812351273063,Texas,Guadalupe County,15510.0,93776.0,86765.6399610744,44300.599840762545,3422.256066230362
2105,Hoonah-Angoon,AK,11.3,11.6,16.4,6.9,19.7,10.4,27.6,19.7,13.9,21.8,16.0,34.3,24.3,13.8,36.4,4.0,37.7,20.2,6.1,2150.0,913.0,0.0,0.0,0.0,0.0441860465116279,0.0441860465116279,0.0,0.0,0.955813953488372,0.0441860465116279,9.782820214997804,72717.17209302326,0.0,Alaska,Hoonah-Angoon Census Area,291.0,62500.0,67608.58604651163,-79224.01768293677,24972.608199958537
55019,Clark,WI,11.9,11.5,16.7,7.5,18.9,10.2,22.4,16.4,17.7,20.6,12.6,32.5,32.0,13.8,38.1,4.0,32.9,12.8,5.2,34690.0,12679.0,536.0,0.0,0.0,0.0914672816373594,0.0914672816373594,0.0,0.0,0.8037474776592678,0.0914672816373594,12.63159210900906,62204.82205246469,1.545113865667339,Wisconsin,Clark County,4099.0,66250.0,64227.411026232345,-48287.791663415686,8070.061558654132
22123,West Carroll,LA,10.1,10.6,21.1,8.9,20.8,12.9,28.8,23.2,20.0,25.4,17.1,37.2,31.5,16.7,40.3,4.9,39.6,27.3,6.5,11604.0,4452.0,434.0,0.0,0.0,0.0,0.0,0.0,0.0,0.0,1.0,22.588054624669105,47243.68907273354,3.740089624267495,Louisiana,West Carroll Parish,1473.0,48514.0,47878.84453636677,-70413.91740134296,20154.900731863196
20033,Comanche,KS,9.7,10.3,15.7,6.5,16.1,9.7,21.5,12.8,7.4,17.6,11.6,31.1,26.5,12.3,39.8,3.3,35.3,12.9,4.2,1891.0,824.0,65.0,0.0,0.0,0.0,0.0,0.0,0.0,0.0,0.0,6.2093435836783,74375.0,3.437334743521946,Kansas,Comanche County,181.0,49417.0,61896.0,-78861.40077351012,24408.366373231816
30055,McCone,MT,9.1,11.0,14.6,5.7,13.7,7.7,22.1,10.5,7.1,16.1,9.2,30.8,20.0,10.3,32.9,2.9,33.3,7.3,3.7,1734.0,774.0,19.0,0.0,0.0,0.0,0.0,0.0,0.0,0.0,0.0,7.7354959451029295,59450.0,1.095732410611303,Montana,McCone County,75.0,71842.0,65646.0,-78952.2065667988,24451.190305500364
45091,York,SC,10.1,9.3,13.1,5.3,11.1,10.3,23.6,14.4,7.3,16.0,11.6,30.9,22.6,11.2,36.8,3.0,34.3,11.5,4.1,226073.0,85864.0,3905.0,0.7077713835796402,0.0077939426645375,0.1490801643716852,0.2214461700424199,0.1490801643716852,0.1303251604570205,0.1813661958747838,0.2669093611355624,12.583556734150577,76918.00111910755,1.7273181671407023,South Carolina,York County,25243.0,83060.0,79989.00055955377,95956.41565011171,-66190.88061254153
51041,Chesterfield,VA,8.6,10.6,13.8,4.9,11.4,10.8,22.7,12.4,9.8,16.1,11.5,33.9,21.9,11.2,36.1,2.9,34.5,9.9,4.0,316236.0,115680.0,4651.0,0.9411135987047649,0.0,0.0478440152291326,0.147544871551626,0.0478440152291326,0.0069188833655877,0.0720727557899796,0.1539040463451346,7.281078818463735,93592.17425909764,1.4707370444857637,Virginia,Chesterfield County,25098.0,98910.0,96251.08712954882,145763.25226837862,-86256.18003220098
12117,Seminole,FL,13.4,9.1,12.7,5.0,10.8,9.8,23.8,15.7,12.8,15.9,12.8,34.0,20.5,10.2,29.3,2.9,36.6,10.4,4.4,422718.0,164706.0,3515.0,0.9675670305026046,0.0,0.0824994440738269,0.1388041200043527,0.0824994440738269,0.043184818247626,0.0950136970746455,0.1468946200540312,11.548402204360457,80737.0930099972,0.8315236162169579,Florida,Seminole County,43264.0,83030.0,81883.54650499861,276185.68276079604,-105014.56246784271
51840,Winchester,VA,13.1,10.9,17.8,7.5,16.3,12.9,22.2,18.9,16.8,22.6,15.0,34.8,28.5,15.3,38.3,4.4,36.4,11.0,6.1,26203.0,10607.0,976.0,1.0,0.0,0.0,0.4473915200549555,0.0,0.4473915200549555,1.0,0.4473915200549555,15.09775571162044,73053.32751974964,3.724764339961073,Virginia,Winchester city,5182.0,64648.0,68850.66375987482,-58250.10340286181,18074.55768954171
51097,King and Queen,VA,10.3,11.5,17.6,7.3,16.8,12.6,23.9,18.0,16.2,21.6,14.7,36.4,27.4,15.1,40.3,4.2,40.6,16.7,5.6,6945.0,2882.0,0.0,0.0,0.0,0.5588192944564435,0.5588192944564435,0.0,0.0,0.0,1.0,16.443488632141086,64102.600719942406,0.0,Virginia,King and Queen County,1232.0,72851.0,68476.80035997121,-75200.49339277238,22666.87732424961
38023,Divide,ND,8.2,10.4,13.7,5.8,14.9,9.0,21.5,11.7,7.3,17.0,10.1,30.0,23.1,10.7,37.8,3.2,31.9,9.6,4.1,2071.0,977.0,66.0,0.0,0.0,0.0,0.0,0.0,0.0,0.0,0.0,13.6523266022827,89375.0,3.1868662481892804,North Dakota,Divide County,153.0,89297.0,89336.0,-78664.16165959924,24267.89945485816
18033,DeKalb,IN,8.4,11.2,15.8,7.4,17.0,10.8,24.2,13.3,7.6,19.4,10.7,33.8,24.6,12.1,43.5,3.2,37.4,18.0,4.3,42223.0,15951.0,615.0,0.4963408568789522,0.0,0.2211354001373658,0.2211354001373658,0.2211354001373658,0.0,0.1707836960898088,0.2211354001373658,10.7572570118206,63625.88783364517,1.4565521161452288,Indiana,DeKalb County,4354.0,70080.0,66852.94391682258,-42788.376878679854,3517.2981231328813
37137,Pamlico,NC,10.7,10.8,16.1,6.7,15.1,10.4,23.5,15.6,12.8,18.9,13.0,33.6,23.5,12.9,36.3,3.7,34.7,15.3,5.0,13144.0,5490.0,705.0,0.0,0.0,0.3103317102860621,0.3103317102860621,0.0,0.3103317102860621,0.3103317102860621,0.3103317102860621,14.929285764400474,56810.31444004869,5.363664029214851,North Carolina,Pamlico County,1414.0,61624.0,59217.157220024346,-69992.87839948773,19725.7924764709
17179,Tazewell,IL,7.2,10.4,13.5,6.1,13.8,9.1,23.9,12.3,11.4,16.4,10.7,33.7,21.0,10.9,36.2,2.9,36.9,15.5,3.8,135394.0,54146.0,2843.0,0.6645346174867424,0.0,0.1265048672762456,0.2252906332629215,0.1265048672762456,0.1583231162385334,0.389972967782915,0.267161026337947,8.663992501736386,77085.63033073844,2.099797627664446,Illinois,Tazewell County,11135.0,76704.0,76894.81516536922,34790.07714193275,-46020.15969350247
50021,Rutland,VT,7.1,12.0,14.5,6.1,13.5,7.6,23.8,15.7,12.8,15.2,12.8,34.0,20.4,10.2,35.5,3.0,31.5,12.1,3.9,61642.0,25984.0,2318.0,0.4154472599850751,0.0,0.134259109049025,0.1895460887057525,0.134259109049025,0.134259109049025,0.3128873170889977,0.1895460887057525,10.913991885550278,70889.09138249894,3.7604230881541807,Vermont,Rutland County,7068.0,64778.0,67833.54569124947,-27810.66818864551,-7549.516117973104
28021,Claiborne,MS,14.5,11.5,21.1,9.2,21.1,19.6,35.8,39.9,29.9,32.2,30.6,40.9,42.1,23.3,50.5,8.0,45.7,32.6,10.7,9604.0,3440.0,899.0,0.0,0.0,0.847667638483965,0.847667638483965,0.0,0.847667638483965,0.847667638483965,1.0,43.79865361311087,30774.121928363184,9.360683048729696,Mississippi,Claiborne County,2134.0,34371.0,32572.56096418159,-75228.3449305354,23451.565719173628
8119,Teller,CO,8.4,11.0,13.8,4.9,11.3,7.1,23.8,15.7,12.8,13.5,12.8,34.0,15.4,9.0,23.4,2.6,32.6,12.4,3.5,23350.0,9805.0,132.0,0.4018415417558886,0.0,0.0,0.0,0.0,0.0,0.0,0.1404282655246252,8.35285170394759,77416.26672376874,0.5653104925053534,Colorado,Teller County,1871.0,80666.0,79041.13336188436,-60533.892145022335,14242.879095626697
6045,Mendocino,CA,10.9,10.7,17.4,6.4,14.7,10.4,26.8,19.9,18.8,23.0,16.8,36.8,24.2,14.2,29.5,4.2,35.5,12.6,5.9,87841.0,34945.0,2044.0,0.5009961179859064,0.0,0.3258387313441331,0.5586115822907298,0.2173472524219897,0.175362302341731,0.175362302341731,0.6819480652542662,18.576801602878614,62355.405300486105,2.3269316150772417,California,Mendocino County,13524.0,64688.0,63521.70265024305,-903.3091140488832,7315.899197411829
29129,Mercer,MO,11.4,11.0,21.0,9.1,20.8,11.8,20.6,17.9,15.4,23.8,14.8,32.5,33.2,16.6,41.4,4.4,38.7,21.6,5.9,3785.0,1560.0,51.0,0.0,0.0,0.0,0.0,0.0,0.0,0.0,0.0,10.887708306913805,60214.096697490095,1.3474240422721269,Missouri,Mercer County,506.0,60357.0,60285.54834874505,-76991.83779247176,23365.806651495186
46015,Brule,SD,9.6,10.8,15.4,6.4,17.2,10.3,23.8,15.7,12.8,17.9,12.8,34.0,24.4,12.2,38.5,3.5,31.2,17.2,4.8,5255.0,2136.0,132.0,0.0,0.0,0.5056137012369172,0.5056137012369172,0.0,0.0,0.0,1.0,17.769981758552508,54494.13491912464,2.511893434823977,South Dakota,Brule County,537.0,74043.0,64268.56745956232,-75863.44574925816,22928.516791995527
55139,Winnebago,WI,8.0,11.0,13.6,5.7,14.8,9.9,20.6,11.6,12.3,16.7,10.4,29.7,27.1,11.7,40.6,3.2,32.7,9.6,4.1,166994.0,67875.0,8239.0,0.8577194390217613,0.0,0.0947818484496448,0.2349725139825383,0.0947818484496448,0.0666850305999017,0.165467022767285,0.2349725139825383,12.882264732714551,75432.12027378229,4.933710193180593,Wisconsin,Winnebago County,17903.0,72873.0,74152.56013689114,60377.42188217063,-55669.079644098325
41041,Lincoln,OR,9.2,12.7,16.3,6.8,14.2,10.1,23.8,15.7,12.8,20.1,12.8,34.0,21.0,12.5,35.7,3.6,34.6,16.0,4.8,46034.0,20550.0,762.0,0.528283442672807,0.0,0.1516270582612851,0.4287265933874962,0.0689055915193118,0.0727071295129686,0.0727071295129686,0.6303818916453057,16.73131683787028,55032.21434157362,1.6552982578094453,Oregon,Lincoln County,7888.0,61314.0,58173.10717078681,-39122.72833027856,6771.365309822599
19189,Winnebago,IA,7.5,10.0,14.0,6.0,15.4,9.3,23.2,11.8,9.9,16.5,9.9,32.0,23.4,10.7,39.3,3.0,31.1,14.0,3.9,10866.0,4597.0,488.0,0.3661881096999816,0.0,0.0,0.0,0.0,0.0,0.0,0.0,8.583754724278922,69067.71903184244,4.491073071967606,Iowa,Winnebago County,988.0,63719.0,66393.35951592121,-70996.05153476726,19822.05332345707
51105,Lee,VA,12.6,11.6,20.9,10.1,21.7,13.6,22.8,20.9,21.0,25.9,15.6,35.1,31.8,18.2,42.2,5.2,39.5,25.1,6.9,25587.0,10159.0,1706.0,0.0,0.0,0.0,0.0,0.0,0.8656348927189589,0.8656348927189589,1.0,24.155834570073218,47790.47758627428,6.667448313596747,Virginia,Lee County,5617.0,42269.0,45029.73879313714,-56925.123409938984,12461.237046950166
20055,Finney,KS,21.3,9.7,17.0,6.3,15.7,12.9,25.5,21.7,11.5,24.2,18.2,33.6,33.2,15.3,37.7,4.4,37.0,16.2,6.6,36776.0,12359.0,548.0,0.8514792255819013,0.0,0.2170709158146617,0.2643299978246682,0.2170709158146617,0.0,0.0980530780944094,0.306667391777246,14.73346646114309,65040.23637698499,1.4901022405916902,Kansas,Finney County,4351.0,72437.0,68738.61818849249,-42379.17129831943,24097.455474337345
40133,Seminole,OK,12.9,12.8,22.0,9.9,23.3,13.7,28.1,26.7,24.3,26.4,19.2,37.1,36.7,19.9,45.4,5.5,41.1,26.7,7.9,25482.0,9750.0,581.0,0.2516286005808021,0.0,0.4361117651675693,0.4361117651675693,0.2516286005808021,0.2516286005808021,0.420414410171886,0.5216231065065536,21.45120210609549,47886.2656777333,2.280040813122989,Oklahoma,Seminole County,5106.0,46191.0,47038.63283886665,-60208.4534828092,17163.087792620638
37091,Hertford,NC,13.9,12.4,19.1,8.3,18.8,15.2,28.8,28.7,27.3,26.1,22.5,36.8,31.6,18.1,43.3,6.1,42.9,29.3,8.2,24669.0,9334.0,2297.0,0.3011471887794398,0.0,0.545907819530585,0.545907819530585,0.3011471887794398,0.7224857108111394,0.7224857108111394,0.7224857108111394,23.56857830801785,46143.942802707854,9.311281365276258,North Carolina,Hertford County,3986.0,47472.0,46807.97140135393,-65514.0253461042,18574.07818098687
6009,Calaveras,CA,7.9,10.5,16.2,5.9,13.9,9.1,25.6,14.9,15.0,20.1,13.3,35.0,22.2,12.7,29.8,3.6,35.1,12.8,4.8,45578.0,18886.0,493.0,0.2189214094519285,0.0,0.0,0.0,0.0,0.0,0.0,0.2413664487252622,12.113545340951402,75628.61582342358,1.0816622054499978,California,Calaveras County,6083.0,79877.0,77752.80791171179,-40503.20232668859,7077.314969464816
35007,Colfax,NM,16.9,9.5,16.3,5.8,14.0,11.4,24.6,21.1,17.1,22.9,17.5,34.1,25.2,13.5,32.1,4.3,34.8,10.4,6.6,13750.0,6011.0,408.0,0.0,0.0,0.4136727272727272,0.4136727272727272,0.4136727272727272,0.6861818181818182,0.5863272727272727,0.6861818181818182,23.653358395678907,48052.70109090909,2.9672727272727273,New Mexico,Colfax County,1985.0,52690.0,50371.350545454545,-65745.90543480878,24240.10555692952
27139,Scott,MN,6.9,9.5,11.8,4.0,11.9,8.5,22.0,9.9,6.3,14.1,8.9,29.6,22.2,9.0,31.5,2.4,28.2,5.4,3.2,129928.0,45108.0,1287.0,0.7384859306692938,0.0,0.0295086509451388,0.0511821932147035,0.0295086509451388,0.0295086509451388,0.4450080044332246,0.0653823656178806,5.802907071934245,110215.24779108429,0.9905486115386984,Minnesota,Scott County,6230.0,120247.0,115231.12389554214,21783.222857285044,-32168.096702593833
13191,McIntosh,GA,16.1,11.5,19.4,9.0,20.2,14.5,26.7,25.7,23.9,26.9,20.1,39.9,33.5,17.4,40.9,5.8,38.8,25.0,7.6,14333.0,5971.0,71.0,0.2926812251447708,0.0,0.2926812251447708,0.2926812251447708,0.2926812251447708,0.0,0.0,0.6907835065931766,20.093868103246617,62202.296030140235,0.4953603572176097,Georgia,McIntosh County,2475.0,50348.0,56275.14801507012,-70008.11130470406,19854.654631849637
20051,Ellis,KS,8.9,9.9,14.9,6.5,14.9,9.7,20.3,12.4,7.7,17.0,11.1,30.2,24.3,12.1,38.9,3.4,35.5,7.3,4.3,28452.0,11908.0,1033.0,0.6811823421903557,0.0,0.2208632082103191,0.2208632082103191,0.2208632082103191,0.2208632082103191,0.4113946295515254,0.2208632082103191,16.674654211782993,75127.07697174189,3.630676226627302,Kansas,Ellis County,4873.0,59889.0,67508.03848587094,-55424.562068363535,11894.673761617607
55127,Walworth,WI,9.1,10.5,13.3,5.4,13.6,9.2,20.8,11.8,11.9,16.3,10.2,31.6,25.2,11.3,39.3,3.1,33.1,6.1,4.0,102228.0,39699.0,2709.0,0.5619595414172243,0.0,0.0828344484876941,0.1556227256720272,0.0828344484876941,0.1187835035411042,0.3170462104315843,0.1556227256720272,12.331094648924848,73464.24885549948,2.6499589153656533,Wisconsin,Walworth County,9976.0,77359.0,75411.62442774975,9738.03833299772,-17900.194390150606
8063,Kit Carson,CO,13.9,11.6,17.3,6.6,14.9,9.1,23.8,15.7,12.8,19.2,12.8,34.0,21.5,12.3,29.7,3.7,32.5,19.9,5.2,8270.0,3038.0,1075.0,0.0,0.0,0.3232164449818621,0.3232164449818621,0.0,0.0,0.0,1.0,10.04382658389788,60457.32212817412,12.998790810157194,Colorado,Kit Carson County,633.0,59810.0,60133.661064087064,-72886.5983517555,22588.95929002956
20197,Wabaunsee,KS,8.5,10.1,14.7,5.8,14.8,8.9,21.6,11.1,6.1,16.0,10.2,31.0,24.0,11.2,35.3,2.9,34.7,12.8,3.7,7053.0,2737.0,90.0,0.0,0.0,0.0,0.0,0.0,0.0,0.0,0.0,5.666962934892837,72770.59378987664,1.2760527435133986,Kansas,Wabaunsee County,480.0,70536.0,71653.29689493832,-74402.00807779947,21730.598859890717
29069,Dunklin,MO,13.5,11.5,23.5,10.3,23.4,13.1,22.9,23.3,20.7,28.0,18.7,36.5,40.6,19.6,46.4,5.3,40.3,26.6,7.2,31953.0,12837.0,672.0,0.4387381466528964,0.0,0.325728413607486,0.4387381466528964,0.325728413607486,0.2412606015084655,0.325665821675586,0.9155947798328796,27.12864186659374,45680.44546677933,2.1030889118392637,Missouri,Dunklin County,5788.0,47368.0,46524.222733389666,-50884.643134187136,11770.686104118147
48215,Hidalgo,TX,37.5,8.7,19.4,6.0,13.8,17.7,23.8,15.7,12.8,34.1,12.8,34.0,38.0,19.7,45.0,6.7,40.7,16.6,11.3,774769.0,216471.0,6982.0,0.879735766402631,0.0038179121776942,0.595351646748902,0.752846332261616,0.5911749179432837,0.3604751867976132,0.3876910408134553,0.8753499430152729,31.26915481314338,44272.83187892133,0.9011718331528494,Texas,Hidalgo County,237121.0,52281.0,48276.91593946067,993329.8209232672,184289.12847173912
48291,Liberty,TX,24.1,10.5,19.2,7.9,17.8,13.8,23.8,15.7,12.8,27.9,12.8,34.0,34.8,17.3,40.0,5.2,39.6,22.8,7.6,75643.0,25073.0,5144.0,0.0402152215009981,0.0,0.2558068823288341,0.2558068823288341,0.0402152215009981,0.2957577039514562,0.4133098898774506,0.5745012757294131,14.40636598745134,59549.76428750843,6.8003648718321585,Texas,Liberty County,16281.0,64773.0,62161.382143754214,-12951.579707489087,4372.6129203815435
16037,Custer,ID,9.8,10.9,16.7,6.4,13.3,9.0,19.9,13.0,9.6,17.1,10.7,29.3,21.4,12.8,31.4,3.4,31.9,16.5,4.6,4368.0,1936.0,21.0,0.0,0.0,1.0,1.0,0.0,0.0,0.0,1.0,20.565991705294,56016.0,0.4807692307692308,Idaho,Custer County,503.0,56957.0,56486.5,-76410.76657874715,23245.706053499576
20207,Woodson,KS,9.4,10.4,16.5,7.0,17.2,9.8,21.4,13.4,8.2,18.3,11.6,31.3,26.7,12.8,39.5,3.5,36.4,16.3,4.4,3309.0,1524.0,39.0,0.0,0.0,0.5197944998488969,0.5197944998488969,0.0,0.0,0.0,1.0,21.948672981301872,50209.63523723179,1.1786038077969174,Kansas,Woodson County,379.0,48152.0,49180.817618615896,-77345.35265709301,23736.452305843723
48317,Martin,TX,22.2,9.6,16.4,5.7,13.8,11.5,23.8,15.7,12.8,22.5,12.8,34.0,29.3,13.7,35.6,3.8,39.0,13.3,5.8,4799.0,1649.0,48.0,0.0,0.0,0.2838091269014378,0.2838091269014378,0.0,0.0,0.0,0.2838091269014378,10.945765098031805,79954.312356741,1.0002083767451553,Texas,Martin County,419.0,77083.0,78518.6561783705,-75453.36500202339,24805.29895453795
28125,Sharkey,MS,16.5,11.5,22.6,10.5,23.5,19.6,35.4,41.5,32.4,34.3,30.6,40.0,44.3,24.2,50.5,8.5,46.1,29.6,11.4,4916.0,1834.0,108.0,0.0,0.0,0.0,0.0,0.0,0.589300244100895,0.589300244100895,1.0,26.11401838346467,40447.62835638731,2.196908055329536,Mississippi,Sharkey County,1194.0,35741.0,38094.31417819366,-77269.19942264992,24146.35071029444
16065,Madison,ID,11.5,11.5,18.8,7.9,15.4,10.7,19.9,17.5,14.7,20.4,13.5,28.9,25.0,15.9,34.0,4.6,36.7,21.6,6.1,37536.0,10611.0,1036.0,0.6899776214833759,0.0,0.4508738277919863,0.6899776214833759,0.4508738277919863,0.2881234015345268,0.2881234015345268,0.6899776214833759,31.442299605731705,42000.23215046888,2.76001705029838,Idaho,Madison County,11836.0,58259.0,50129.61607523445,-43156.16202624032,9065.161253911676
56013,Fremont,WY,12.3,11.1,16.5,6.8,16.9,10.1,23.8,15.7,12.8,19.4,12.8,34.0,25.9,12.9,34.1,3.6,32.5,14.9,5.1,40123.0,15455.0,864.0,0.292475637414949,0.0,0.0,0.0,0.0,0.0,0.1386985021060239,0.4553747227276126,13.69321054138515,67632.67734217281,2.15337836153827,Wyoming,Fremont County,4766.0,64646.0,66139.33867108641,-49383.96095577437,11097.778072999501
56033,Sheridan,WY,10.2,10.2,13.9,5.6,13.2,8.4,23.8,15.7,12.8,15.7,12.8,34.0,21.3,10.1,30.5,2.8,30.8,9.4,3.8,29116.0,12360.0,1009.0,0.6140266520126391,0.0,0.0,0.0,0.0,0.0,0.1231625223244951,0.0,6.241233270833597,79361.4372853414,3.465448550625086,Wyoming,Sheridan County,3012.0,70855.0,75108.21864267069,-55574.39398143652,10663.769710263216
39047,Fayette,OH,9.8,11.4,17.0,8.7,20.1,11.9,23.1,16.9,14.8,21.1,13.3,36.6,30.8,13.6,41.0,4.0,40.3,17.1,5.1,29030.0,11436.0,593.0,0.5915604547020323,0.0,0.1436789528074405,0.4299345504650361,0.1436789528074405,0.1643816741302101,0.1643816741302101,0.5788839131932484,16.9467748973124,55970.45480537375,2.0427144333448157,Ohio,Fayette County,4541.0,60047.0,58008.72740268688,-54309.05329305206,10671.933170051803
17155,Putnam,IL,8.0,10.1,13.5,5.9,13.6,8.9,24.5,12.1,10.8,16.2,10.7,33.8,20.7,10.6,36.1,2.9,35.4,7.0,3.8,6006.0,2509.0,2.0,0.0,0.0,0.0,0.0,0.0,0.0,0.0,0.0,8.817136946724208,77956.5974025974,0.0333000333000333,Illinois,Putnam County,555.0,77526.0,77741.2987012987,-75337.24310160454,22317.672462198676
41063,Wallowa,OR,7.2,12.1,15.1,5.8,12.3,8.7,23.8,15.7,12.8,16.7,12.8,34.0,18.0,10.8,34.1,2.9,31.9,7.9,3.8,7008.0,3133.0,105.0,0.0,0.0,0.2674086757990868,0.2674086757990868,0.0,0.0,0.0,0.2674086757990868,14.754130848130774,60938.09075342466,1.4982876712328768,Oregon,Wallowa County,581.0,65559.0,63248.545376712325,-74153.98836748349,21784.42401217694
19129,Mills,IA,6.3,9.9,13.0,5.3,13.9,8.8,22.5,9.8,7.9,14.6,8.6,31.9,21.4,9.9,38.8,2.7,31.8,10.3,3.4,15059.0,5605.0,608.0,0.4162294973105784,0.0,0.0,0.0,0.0,0.0,0.0,0.0,8.79075113063797,87745.46351019324,4.037452686101335,Iowa,Mills County,989.0,87810.0,87777.73175509661,-67517.33318386844,17450.345052657816
13119,Franklin,GA,14.7,10.7,18.0,8.3,18.6,12.4,24.2,19.7,16.8,23.4,15.3,38.7,29.7,15.1,39.4,4.6,37.7,23.7,6.1,22084.0,8540.0,610.0,0.0,0.0,0.0,0.0,0.0,0.2483698605325122,0.2483698605325122,1.0,24.880313268863485,51300.042927005976,2.7621807643542837,Georgia,Franklin County,4685.0,52264.0,51782.021463502984,-60309.78158715862,15439.994679064477
28163,Yazoo,MS,18.3,10.4,22.1,10.2,23.4,17.9,35.2,36.2,25.6,32.7,26.5,39.9,42.3,22.5,50.2,7.5,42.1,32.4,10.2,28065.0,8860.0,4020.0,0.44122572599323,0.0,0.8203812577944058,0.9346873329770176,0.3269196508106182,0.3269196508106182,0.3269196508106182,0.9346873329770176,31.022612499146,44202.73073222875,14.323890967397114,Mississippi,Yazoo County,6846.0,40974.0,42588.365366114376,-61747.39202162692,17745.426630893944
55077,Marquette,WI,9.4,11.2,15.4,6.8,17.4,10.1,21.6,14.3,15.8,19.3,11.7,33.4,29.8,13.0,43.0,3.6,35.3,12.2,4.7,15404.0,6571.0,153.0,0.0,0.0,0.0,0.0,0.0,0.0,0.0,0.3451051674889639,11.429176426821153,60119.75590755648,0.9932485068813296,Wisconsin,Marquette County,1843.0,63471.0,61795.37795377824,-66817.16288040814,17350.924126092727
31043,Dakota,NE,17.9,8.8,13.9,5.8,14.9,11.9,27.0,19.9,13.0,20.0,15.5,33.3,32.7,13.1,44.6,3.8,34.7,16.4,5.9,21006.0,7218.0,249.0,0.6280110444634867,0.0,0.6280110444634867,0.6280110444634867,0.6280110444634867,0.6280110444634867,0.6280110444634867,0.6280110444634867,16.19206372237066,61078.76102066077,1.1853756069694372,Nebraska,Dakota County,2355.0,71655.0,66366.88051033039,-60725.9716156833,23892.345826620476
48043,Brewster,TX,16.6,9.0,13.1,4.5,10.3,10.5,23.8,15.7,12.8,18.1,12.8,34.0,23.8,11.3,33.6,3.1,35.8,8.3,4.7,9232.0,4207.0,75.0,0.657603986135182,0.0,0.342396013864818,0.545602253032929,0.342396013864818,0.342396013864818,0.0,0.545602253032929,12.446156971440187,66372.13128249567,0.8123916811091855,Texas,Brewster County,767.0,52612.0,59492.065641247835,-70844.708863789,24057.264459295115
50027,Windsor,VT,6.2,11.0,13.1,5.0,11.5,6.9,23.8,15.7,12.8,12.8,12.8,34.0,17.7,8.3,28.7,2.6,31.8,12.3,3.5,56670.0,24753.0,898.0,0.1358037762484559,0.0,0.0626963119816481,0.0626963119816481,0.0626963119816481,0.1522498676548438,0.226133756837833,0.1575260278807129,10.070584457811716,76005.04709722957,1.5846126698429503,Vermont,Windsor County,4981.0,75247.0,75626.02354861479,-32049.24349263995,-4544.495516837349
48019,Bandera,TX,15.8,10.2,15.7,6.3,14.2,10.8,23.8,15.7,12.8,20.0,12.8,34.0,26.8,13.2,35.4,3.6,38.2,9.5,5.1,20485.0,8564.0,320.0,0.0,0.0,0.1330729802294361,0.1330729802294361,0.1330729802294361,0.1330729802294361,0.0,0.1330729802294361,14.7914240937109,64411.49773004637,1.5621186233829631,Texas,Bandera County,3423.0,69703.0,67057.24886502318,-61178.192855625086,17577.391645374504
49025,Kane,UT,8.8,11.0,15.5,5.3,9.7,8.9,19.5,11.8,6.6,16.0,9.5,31.5,17.9,10.9,33.4,3.0,35.1,15.5,4.1,7125.0,2900.0,100.0,0.6776140350877193,0.0,0.0,0.0,0.0,0.0,0.0,0.0,12.776730343656071,69314.45249122808,1.4035087719298245,Utah,Kane County,812.0,75000.0,72157.22624561403,-74085.78134348872,21811.845286923533
50019,Orleans,VT,7.6,11.7,15.7,6.5,14.3,8.1,23.8,15.7,12.8,16.7,12.8,34.0,21.7,10.6,33.0,3.3,35.9,13.4,4.3,27231.0,11320.0,818.0,0.0,0.0,0.3122176930703977,0.3122176930703977,0.0,0.0940839484411149,0.1987440784400132,0.7517167933605082,13.975909171151764,58346.27005985825,3.0039293452315374,Vermont,Orleans County,2891.0,66426.0,62386.13502992912,-56030.39478564532,11106.994456882225
27103,Nicollet,MN,7.6,10.1,13.7,5.0,14.7,8.8,20.9,11.5,8.3,14.9,9.9,29.5,22.7,10.0,34.3,2.9,30.9,11.7,3.8,32727.0,12201.0,2720.0,0.7272588382680967,0.0,0.3212332324991597,0.3212332324991597,0.3212332324991597,0.140190057139365,0.5090292419103493,0.3212332324991597,10.30670505184619,81251.28203012803,8.311180370947536,Minnesota,Nicollet County,3061.0,80362.0,80806.64101506401,-53323.83578831532,9132.63829467647
8097,Pitkin,CO,7.2,10.3,11.5,3.9,8.3,6.5,23.8,15.7,12.8,11.3,12.8,34.0,12.6,7.5,20.3,2.1,25.9,7.6,2.9,17148.0,8152.0,72.0,0.2607301142990436,0.0,0.0,0.0,0.0,0.0,0.0,0.0,7.224288649080455,101463.1801376254,0.4198740377886634,Colorado,Pitkin County,1221.0,100318.0,100890.5900688127,-66286.61761596425,17702.97556091413
16071,Oneida,ID,9.3,10.7,16.2,5.9,12.9,8.4,19.9,11.9,8.3,16.3,10.0,30.5,21.2,12.3,32.2,3.1,33.1,7.6,4.2,4286.0,1545.0,50.0,0.0,0.0,0.0,0.0,0.0,0.0,0.0,0.0,13.015133876600702,58438.0,1.1665888940737283,Idaho,Oneida County,549.0,72563.0,65500.5,-76457.99899366859,23212.98423203281
27171,Wright,MN,7.1,10.0,12.7,4.4,12.5,8.2,19.9,9.6,6.4,13.9,8.6,30.3,19.8,9.2,34.8,2.5,31.3,7.9,3.3,124700.0,44473.0,1104.0,0.5473857257417802,0.0,0.084458700882117,0.084458700882117,0.084458700882117,0.0,0.3109382518043304,0.084458700882117,4.532364565778751,93984.71182036887,0.8853247794707297,Minnesota,Wright County,7128.0,106666.0,100325.35591018444,22671.985552087237,-39202.34262542272
40019,Carter,OK,11.4,11.7,18.8,7.7,18.2,11.9,26.1,20.2,17.0,21.2,15.4,34.4,33.6,15.9,39.7,4.2,39.5,21.7,6.0,47557.0,18635.0,750.0,0.486763252518031,0.0,0.1037071303908993,0.2171078915827323,0.1037071303908993,0.1037071303908993,0.373362491326198,0.2171078915827323,17.064312372841187,59285.40147612339,1.577054902538007,Oklahoma,Carter County,7150.0,58856.0,59070.7007380617,-41902.516961566726,8645.047592696741
36089,St. Lawrence,NY,6.9,11.8,15.3,7.6,16.4,10.2,24.6,15.8,16.5,18.5,13.8,34.6,27.4,12.6,42.9,3.8,38.1,20.4,4.9,111944.0,41605.0,10751.0,0.3602694204244979,0.0514453655399128,0.3585721432144644,0.418289501893804,0.2196812692060316,0.264239262488387,0.3929643393125134,0.6366218823697563,19.30289793381743,62631.46358893733,9.603909097405843,New York,St. Lawrence County,16924.0,61900.0,62265.731794468666,16735.722622170433,-31144.183542774135
47183,Weakley,TN,13.0,11.3,20.4,9.3,21.1,12.8,23.8,15.7,12.8,24.3,12.8,34.0,28.8,16.3,41.1,4.4,40.1,21.1,6.0,35021.0,13898.0,2244.0,0.3987607435538677,0.0766682847434396,0.2358584849090545,0.3125267696524942,0.1934839096542074,0.2380857199965735,0.4063847405842209,0.6694840238713915,23.648352797244428,53630.17970646184,6.407584021015962,Tennessee,Weakley County,5945.0,49502.0,51566.08985323092,-50068.170091412525,8523.351752204951
48099,Coryell,TX,15.5,10.4,16.0,6.2,14.6,11.5,23.8,15.7,12.8,21.1,12.8,34.0,27.8,13.7,38.0,3.9,41.9,14.0,5.4,75388.0,22545.0,11444.0,0.6345837533825012,0.1382182840770414,0.3466732105905449,0.3466732105905449,0.3463283281158805,0.1800949753276383,0.1800949753276383,0.4469809518756301,13.792851299051168,57770.21913301851,15.18013476945933,Texas,Coryell County,6650.0,68904.0,63337.10956650926,-19181.537151654375,5159.52875906523
13075,Cook,GA,16.8,11.0,19.1,8.9,20.1,14.4,26.8,25.8,23.5,26.4,20.1,39.3,31.5,17.2,37.6,5.7,40.6,19.1,7.5,17212.0,6339.0,143.0,0.0,0.0,0.0,0.0,0.0,0.3694515454334185,0.3694515454334185,1.0,24.054752292361417,47272.4500929584,0.8308157099697884,Georgia,Cook County,3494.0,50133.0,48702.7250464792,-66263.22249085348,19345.705491124965
13295,Walker,GA,13.2,10.3,16.6,7.4,17.0,11.1,22.6,15.8,12.9,20.4,13.0,36.6,28.4,13.4,37.8,3.9,40.8,14.0,5.2,68756.0,26497.0,1323.0,0.5305718773634301,0.0,0.4142329396707196,0.4142329396707196,0.4142329396707196,0.3388358834138111,0.3388358834138111,0.4142329396707196,17.64754383807198,52960.09794054337,1.9241957065565187,Georgia,Walker County,9223.0,55887.0,54423.54897027169,-18125.282477153858,-8852.99429295788
22119,Webster,LA,10.7,11.3,22.8,10.3,23.4,15.7,31.0,31.5,30.3,30.0,22.6,37.8,37.0,20.4,44.7,6.4,42.2,25.3,8.5,41207.0,16537.0,1231.0,0.4911786832334312,0.0,0.692455165384522,0.758875919139952,0.4247579294780013,0.3724852573591865,0.3724852573591865,0.932026112068338,26.722421745270324,40448.025602446185,2.9873565170966097,Louisiana,Webster Parish,9462.0,37396.0,38922.01280122309,-47191.25788360346,9509.524028550495
37043,Clay,NC,9.6,10.9,16.0,6.8,14.9,9.3,20.9,12.8,10.5,17.3,10.5,32.6,22.2,12.1,35.5,3.4,33.1,17.6,4.5,10587.0,4660.0,91.0,0.0,0.0,0.0,0.0,0.0,1.0,1.0,1.0,15.719818182336065,46864.4272220648,0.8595447246623217,North Carolina,Clay County,1516.0,53645.0,50254.7136110324,-70481.75898394287,20003.236818428937
48253,Jones,TX,22.1,9.5,17.6,7.3,17.3,12.9,23.8,15.7,12.8,25.2,12.8,34.0,30.7,15.5,38.8,4.6,41.8,15.0,6.6,20202.0,6034.0,5007.0,0.1731016731016731,0.2175032175032175,0.1731016731016731,0.1731016731016731,0.1731016731016731,0.1731016731016731,0.1731016731016731,0.3042273042273042,11.115500293556778,62578.729878229875,24.784674784674788,Texas,Jones County,1761.0,63472.0,63025.36493911494,-64004.54081440372,21509.215720093936
29011,Barton,MO,11.5,11.3,22.0,9.9,22.2,12.0,20.9,19.1,17.1,25.3,15.4,32.2,33.8,17.6,40.8,4.9,39.8,23.0,6.4,12402.0,4929.0,90.0,0.4283180132236736,0.0,0.4283180132236736,0.4283180132236736,0.4283180132236736,0.4283180132236736,0.4283180132236736,0.4283180132236736,20.8810216027435,52702.59458151911,0.7256894049346879,Missouri,Barton County,2559.0,49503.0,51102.797290759554,-68932.83648015095,19173.90736673958
5041,Desha,AR,16.8,11.9,24.1,10.7,23.0,17.1,33.6,36.6,29.1,34.8,27.4,39.1,44.3,22.8,46.6,7.5,44.3,26.8,10.3,13008.0,5321.0,56.0,0.2924354243542435,0.0,0.4099015990159901,0.4099015990159901,0.2924354243542435,0.3697724477244772,0.724169741697417,0.6456027060270603,29.155567466034036,40164.36931119311,0.4305043050430504,Arkansas,Desha County,3164.0,36064.0,38114.18465559656,-71072.21533595277,21493.94810370562
36115,Washington,NY,6.7,11.2,14.1,6.4,14.9,8.6,24.5,13.9,12.9,16.9,12.5,33.3,24.8,11.7,31.2,3.3,35.4,18.9,4.3,63216.0,24142.0,3164.0,0.2159579853201721,0.0,0.1007814477347507,0.2159579853201721,0.1007814477347507,0.3611269298911668,0.4463901543912933,0.4002309541888129,11.877303684919616,65741.66082953682,5.005062009617818,New York,Washington County,6304.0,72342.0,69041.83041476841,-25808.05072695059,-7056.834810604392
44003,Kent,RI,6.6,11.8,13.9,5.7,12.8,9.6,20.9,11.8,10.5,15.4,10.7,35.5,22.3,9.8,32.7,2.8,35.9,11.4,3.7,166158.0,68645.0,1536.0,0.9236449644314448,0.0,0.0492844160377472,0.1430144801935507,0.0492844160377472,0.0963420358935471,0.2460910699454735,0.1430144801935507,7.999583106380331,92573.20136556771,0.9244213339110968,Rhode Island,Kent County,12500.0,91278.0,91925.60068278386,56196.10858152891,-57689.140998796196
13067,Cobb,GA,10.9,9.4,11.9,4.5,10.3,10.1,23.0,12.6,8.9,15.5,11.9,36.1,21.3,10.2,29.6,3.0,36.2,13.3,4.1,688078.0,260056.0,9068.0,1.0,0.0,0.1066812192803722,0.2136952496664622,0.1066812192803722,0.1096256529056298,0.1574167463572443,0.2151878130095716,10.039000745709476,93535.90008545545,1.317873845697726,Georgia,Cobb County,64760.0,98712.0,96123.95004272772,421500.89714944916,-162979.4290785874
49051,Wasatch,UT,8.7,10.0,13.0,4.1,7.3,7.4,16.7,8.9,4.5,12.9,8.1,27.3,16.5,9.0,24.1,2.4,28.3,12.2,3.4,23530.0,7287.0,250.0,1.0,0.0,0.0,0.0,0.0,0.0,0.0,0.0,7.064177849575396,90199.44300892478,1.062473438164046,Utah,Wasatch County,1829.0,115146.0,102672.7215044624,-59152.74600767693,16330.517255216919
39049,Franklin,OH,8.3,11.1,13.8,6.2,14.0,11.8,22.9,15.4,12.3,18.3,12.6,38.4,23.9,11.7,33.7,3.5,36.6,15.0,4.6,1163414.0,477235.0,25224.0,0.9692766289558146,0.006274636543827,0.1361974327281604,0.3881249495020689,0.1361974327281604,0.1883284883970796,0.2763934420593185,0.4374633621393588,17.33428419248448,77160.72849389813,2.1681018107053895,Ohio,Franklin County,187832.0,73795.0,75477.86424694906,811698.7224466812,-395701.4901236025
30075,Powder River,MT,10.1,11.1,15.1,5.9,14.1,8.0,22.5,11.7,7.9,16.6,9.8,31.5,19.7,10.6,30.6,3.0,34.7,14.1,4.0,1743.0,755.0,35.0,0.0,0.0,0.0,0.0,0.0,0.0,0.0,0.0,10.406091370558398,58438.0,2.0080321285140563,Montana,Powder River County,167.0,68009.0,63223.5,-78965.70917728162,24493.662260886897
29007,Audrain,MO,10.4,11.4,21.1,9.0,20.6,11.6,21.1,17.8,15.3,23.6,15.0,33.1,33.2,16.2,39.9,4.4,41.7,21.2,5.9,25529.0,9590.0,2100.0,0.417603509734028,0.0,0.417603509734028,0.417603509734028,0.417603509734028,0.1403110188413177,0.273492890438325,0.5328449998041443,15.403630041075434,54693.87335970857,8.225939128050452,Missouri,Audrain County,4231.0,56232.0,55462.93667985428,-57874.660675035295,13136.989028446682
16007,Bear Lake,ID,9.9,11.0,17.2,6.4,13.8,9.0,20.1,13.3,9.5,17.3,11.0,29.6,23.0,13.4,31.2,3.4,34.2,15.4,4.6,5986.0,2281.0,31.0,0.0,0.0,0.0,0.0,0.0,0.0,0.0,0.5745071834279987,16.89642983489656,62637.77981957902,0.5178750417641163,Idaho,Bear Lake County,660.0,67304.0,64970.889909789505,-75028.1537638598,22362.416331318604
39079,Jackson,OH,9.5,11.5,17.3,9.0,20.3,12.4,22.4,16.9,15.2,22.8,12.9,38.2,32.3,14.3,44.5,4.1,41.4,27.9,5.3,33225.0,13010.0,325.0,0.3257185854025583,0.0,0.1516027088036117,0.1516027088036117,0.1516027088036117,0.3004966139954853,0.4746124905944319,0.8258841234010534,19.48074181730422,51039.9714371708,0.9781790820165538,Ohio,Jackson County,5659.0,58409.0,54724.485718585405,-49351.167499830655,8051.364747440992
39005,Ashland,OH,8.6,11.2,15.9,7.9,18.4,11.2,21.3,14.6,12.5,19.8,11.7,35.0,29.0,12.8,38.5,3.6,35.2,13.0,4.6,53139.0,20196.0,2144.0,0.3079094450403658,0.0,0.0722068537232541,0.0722068537232541,0.0722068537232541,0.1571915165885696,0.2304898473813959,0.2874160221306385,13.32650405473779,63743.01836692448,4.034701443384332,Ohio,Ashland County,6988.0,64991.0,64367.00918346224,-33411.54918087036,-3014.6003792788397
51007,Amelia,VA,11.0,11.5,18.4,7.7,18.0,12.8,23.2,18.0,16.7,22.4,14.4,35.5,28.2,15.5,38.8,4.3,37.8,18.9,5.7,12690.0,4821.0,128.0,0.0,0.0,0.0,0.0,0.0,0.0,0.5447596532702915,0.0,13.378740330788618,73532.89700551615,1.0086682427107958,Virginia,Amelia County,1468.0,66339.0,69935.94850275808,-70736.925658435,19976.90595079724
16035,Clearwater,ID,11.0,10.7,17.4,6.7,14.7,9.2,21.3,14.5,10.4,18.3,11.8,28.8,22.6,13.8,31.8,3.6,36.3,20.8,4.9,8761.0,3660.0,607.0,0.0,0.0,0.0,0.0,0.0,0.0,0.0,0.0,13.30159073335104,55116.47916904463,6.928432827302819,Idaho,Clearwater County,1019.0,57961.0,56538.739584522315,-72785.17669796757,21072.680576993436
12063,Jackson,FL,17.0,10.4,18.2,8.6,19.5,13.1,23.8,15.7,12.8,24.3,12.8,34.0,30.1,16.5,38.9,5.0,41.7,22.4,7.0,49746.0,17417.0,7994.0,0.1769991557110119,0.0,0.2639408193623608,0.2639408193623608,0.1769991557110119,0.2696900253286696,0.3958107184497246,0.476902665540948,20.055122901487305,51459.274152695696,16.06963373939613,Florida,Jackson County,7647.0,47327.0,49393.13707634785,-42731.92322270329,5990.3118887564015
2220,Sitka,AK,9.0,10.1,13.0,5.2,13.9,8.4,25.2,12.1,7.8,15.9,10.7,32.2,18.4,10.0,29.7,2.9,31.8,10.2,4.1,8881.0,3545.0,255.0,1.0,0.0,0.0,0.0,0.0,0.0,0.3992793604323837,0.0,7.420011511807837,89101.01294899223,2.871298277221034,Alaska,Sitka City and Borough,688.0,101207.0,95154.00647449611,-74564.4081664854,22811.060429434317
54075,Pocahontas,WV,10.7,12.5,21.8,10.3,23.2,13.7,24.9,20.3,23.2,27.1,15.4,35.9,34.5,17.1,40.6,4.7,42.7,17.0,6.1,8719.0,3758.0,318.0,0.0,0.0,0.4287188897809382,0.4287188897809382,0.1424475283862828,0.1424475283862828,0.4275719692625301,0.4287188897809382,16.69532934034954,51719.68150017204,3.647207248537676,West Virginia,Pocahontas County,1558.0,41200.0,46459.84075008602,-72484.85391037691,20762.669458550186
48313,Madison,TX,21.0,10.1,17.9,7.4,17.1,12.9,23.8,15.7,12.8,25.4,12.8,34.0,31.5,15.9,38.0,4.7,40.6,21.6,6.7,13664.0,4187.0,2554.0,0.3609484777517564,0.2635392271662763,0.2635392271662763,0.2635392271662763,0.0,0.0,0.0,0.2635392271662763,14.980192634735529,60874.47950819672,18.691451990632316,Texas,Madison County,1505.0,67128.0,64001.23975409836,-69726.765562986,22199.32358536042
26115,Monroe,MI,7.0,11.8,15.1,7.1,15.4,9.8,22.4,13.5,12.7,17.8,11.2,33.1,23.4,12.1,40.3,3.2,36.8,12.4,4.2,152021.0,58230.0,1462.0,0.4492931897566783,0.0,0.0,0.0,0.0,0.0,0.2051492885851296,0.0944737898053558,10.69201322884666,75990.82166279659,0.9617092375395504,Michigan,Monroe County,16914.0,75272.0,75631.4108313983,49873.13038261575,-51283.545736976885
41045,Malheur,OR,15.8,11.8,18.6,7.7,16.4,12.5,23.8,15.7,12.8,25.0,12.8,34.0,27.7,15.4,41.6,4.6,36.0,27.5,6.7,31313.0,10411.0,3351.0,0.3038993389327116,0.0,0.1732826621530993,0.3038993389327116,0.1732826621530993,0.1732826621530993,0.1732826621530993,0.6475585220196085,22.277578317172875,52020.2837479641,10.70162552294574,Oregon,Malheur County,5025.0,49902.0,50961.14187398205,-50074.26292575958,20931.27308565768
28005,Amite,MS,13.5,10.5,20.8,9.2,21.5,15.1,31.9,28.1,18.7,27.2,21.2,37.6,38.4,19.5,45.4,5.9,42.2,19.5,7.9,13131.0,5351.0,116.0,0.0,0.0,0.3419389231589368,0.3419389231589368,0.0,0.2765973650140888,0.6580610768410632,0.6185362881730256,24.00172730164907,42941.903053842056,0.8834056812123982,Mississippi,Amite County,3379.0,35385.0,39163.451526921024,-70685.47450949329,20426.61242885585
56037,Sweetwater,WY,14.4,10.3,15.9,6.4,15.9,10.0,23.8,15.7,12.8,19.4,12.8,34.0,26.8,12.4,36.0,3.5,39.0,13.0,4.8,43806.0,16475.0,679.0,0.4206273113272154,0.0,0.0,0.0,0.0,0.1342053599963475,0.1342053599963475,0.2409259005615669,12.506304387700691,84848.60425512487,1.550015979546181,Wyoming,Sweetwater County,5537.0,76464.0,80656.30212756243,-41947.386862676765,9676.124675052683
29095,Jackson,MO,10.1,10.5,17.8,6.7,16.0,11.0,23.2,16.9,12.6,20.8,16.1,33.5,30.2,14.8,37.2,3.9,34.8,15.3,5.2,674158.0,274804.0,11219.0,0.9272855918048885,0.0,0.201605558340923,0.4207559652188359,0.201605558340923,0.2361226893398876,0.2745558162923232,0.4916992752440822,15.487483016873584,70289.63696344181,1.6641499470450547,Missouri,Jackson County,97685.0,67178.0,68733.8184817209,440071.54457698297,-197070.21892187
29055,Crawford,MO,10.8,11.0,20.8,8.8,20.8,11.0,21.4,16.4,13.6,22.9,13.9,34.0,31.7,15.8,41.7,4.2,40.7,21.0,5.5,24696.0,9831.0,332.0,0.1860220278587625,0.0,0.1860220278587625,0.1860220278587625,0.1860220278587625,0.0,0.0,0.8187965662455459,19.45128264237343,49474.717120181405,1.3443472627146096,Missouri,Crawford County,3053.0,56345.0,52909.8585600907,-57062.87386739056,12645.56602695897
29113,Lincoln,MO,8.9,10.6,18.4,7.1,17.5,9.9,19.9,12.4,9.5,19.1,11.7,32.1,28.1,13.6,39.4,3.3,39.1,17.0,4.4,52566.0,18906.0,632.0,0.1738386028992124,0.0,0.0,0.0,0.0,0.0,0.1104325990183769,0.0812121903892249,12.855034727947263,70708.36339078491,1.2022980633869804,Missouri,Lincoln County,6454.0,85276.0,77992.18169539246,-33320.49431185827,-1256.7551130161846
17201,Winnebago,IL,11.2,10.7,15.3,7.0,15.9,11.7,27.5,19.5,18.6,21.2,16.0,35.7,25.9,13.8,42.2,4.0,37.7,15.3,5.5,295266.0,115501.0,4685.0,0.8769313093955958,0.0,0.1024195132524571,0.4082725406921216,0.1024195132524571,0.1382549971889753,0.2200490405261696,0.4531981332086999,15.994915934952262,66471.7824876552,1.586704869507495,Illinois,Winnebago County,44717.0,64363.0,65417.3912438276,167351.1126919386,-77416.19379808284
48257,Kaufman,TX,16.8,10.4,15.5,5.9,13.7,11.5,23.8,15.7,12.8,21.6,12.8,34.0,27.6,13.6,37.6,3.8,40.9,13.6,5.4,103350.0,34964.0,1336.0,0.2652249637155297,0.0,0.203347847121432,0.203347847121432,0.203347847121432,0.1745041122399613,0.1745041122399613,0.3918142235123367,13.59406086398381,75753.70787614901,1.2926947266569908,Texas,Kaufman County,15419.0,88606.0,82179.8539380745,10618.76285693259,-6263.452217808503
12055,Highlands,FL,19.3,9.9,16.5,7.3,15.9,12.6,23.8,15.7,12.8,22.9,12.8,34.0,29.7,14.2,38.4,4.2,38.9,19.3,6.4,98786.0,42604.0,1733.0,0.6272447512805458,0.0,0.416243192355192,0.5268661551231956,0.416243192355192,0.2705140404510761,0.3425384163747899,0.6863928086975887,19.345204305913665,44956.454011702066,1.7542971676148442,Florida,Highlands County,15723.0,55581.0,50268.72700585103,12502.64666425917,-5987.233783565087
51011,Appomattox,VA,9.4,11.3,17.2,7.1,16.2,11.7,22.4,15.8,14.3,20.1,13.1,34.9,26.4,14.0,38.8,3.8,38.7,14.0,5.1,14973.0,6033.0,56.0,0.0,0.0,0.0,0.0,0.0,0.4307753957122821,0.4307753957122821,0.711413878314299,13.50516904533282,66304.7958324985,0.3740065451145394,Virginia,Appomattox County,2007.0,62337.0,64320.89791624925,-68724.09884118996,18561.7342253031
47131,Obion,TN,14.1,11.4,21.0,9.3,21.7,13.0,23.8,15.7,12.8,25.9,12.8,34.0,30.4,16.8,40.2,4.5,42.4,19.3,6.2,31807.0,13077.0,461.0,0.1489294809318703,0.0,0.1489294809318703,0.1489294809318703,0.1489294809318703,0.2645329644417895,0.2645329644417895,0.6793158738642437,22.44791980603799,51670.52158329928,1.4493664916527809,Tennessee,Obion County,5121.0,53102.0,52386.26079164964,-52355.80070006657,10807.531585470913
48109,Culberson,TX,32.0,9.3,19.7,6.8,16.9,16.2,23.8,15.7,12.8,32.0,12.8,34.0,38.9,18.8,40.8,5.9,41.0,17.0,9.8,2398.0,908.0,12.0,0.0,0.0,0.0,0.0,0.0,0.0,0.0,1.0,31.3927451858486,39531.0,0.5004170141784821,Texas,Culberson County,383.0,42672.0,41101.5,-77526.56957637898,25810.970627039307
51735,Poquoson,VA,6.7,10.1,13.2,5.0,11.3,8.8,19.0,8.6,6.6,14.0,7.9,33.3,19.1,9.9,32.9,2.4,33.2,5.2,3.3,12150.0,4525.0,51.0,1.0,0.0,0.0,0.0,0.0,0.0,0.0,0.0,4.501640801477159,111083.80979423868,0.419753086419753,Virginia,Poquoson city,724.0,120919.0,116001.40489711934,-70666.13560572061,18990.843617781058
26049,Genesee,MI,7.6,12.4,17.1,8.0,17.4,11.0,26.1,20.1,19.7,20.9,15.5,37.4,26.8,14.5,40.6,4.1,39.3,13.9,5.3,425790.0,169202.0,5973.0,0.8414100847835787,0.0,0.2078912139787219,0.4285469362831443,0.2078912139787219,0.2131332346931586,0.3011766363700415,0.4466309683177153,20.091408733851576,60168.40850184363,1.402804199253153,Michigan,Genesee County,63645.0,60673.0,60420.704250921815,261513.61826465925,-151947.35338239113
36037,Genesee,NY,6.2,11.0,13.5,6.0,13.9,8.5,24.1,13.4,12.1,16.0,12.3,33.3,23.3,11.1,30.1,3.1,39.0,16.5,4.0,60079.0,23728.0,1908.0,0.4496246608631968,0.0,0.0,0.0482198438722348,0.0,0.0482198438722348,0.2443116563191797,0.136986301369863,11.377492978093713,74054.24299672099,3.1758185056342483,New York,Genesee County,6018.0,72055.0,73054.6214983605,-29934.100376957023,-4697.023820980394
29065,Dent,MO,10.5,11.0,20.6,8.8,20.4,11.1,20.5,16.4,13.9,22.8,13.8,31.4,31.6,15.9,39.3,4.3,40.7,22.7,5.6,15657.0,6338.0,202.0,0.3500031934597943,0.0,0.526665389282749,0.6791211598645973,0.1975474228779459,0.1524557705818483,0.1524557705818483,0.6791211598645973,20.99208125121596,50744.14159800728,1.2901577569138405,Missouri,Dent County,2046.0,54306.0,52525.07079900364,-65844.64131141285,17246.2387807323
53053,Pierce,WA,8.7,10.8,15.9,4.9,11.6,9.9,23.8,15.7,12.8,16.9,12.8,34.0,18.7,11.2,36.8,3.1,37.2,14.5,4.2,795225.0,299918.0,17945.0,0.9086095130309032,0.0017504479864189,0.1956616052060737,0.404674148825804,0.1878399195196328,0.1123895752774372,0.161067622371027,0.4654896412964884,11.365126910247971,81455.12008299537,2.2565940457103335,Washington,Pierce County,80115.0,96632.0,89043.5600414977,545110.7480633131,-228350.33964370895
55047,Green Lake,WI,9.6,11.3,15.3,6.7,16.5,10.1,21.4,14.6,16.1,18.8,11.7,32.4,29.8,12.8,40.4,3.6,35.0,13.0,4.7,19051.0,7919.0,212.0,0.3256521967350795,0.0,0.0,0.0,0.0,0.0,0.1572620859797386,0.0,11.066218573862177,68702.34271166868,1.112802477560233,Wisconsin,Green Lake County,2492.0,66917.0,67809.67135583435,-63298.29559829038,15687.81020783811
28113,Pike,MS,14.0,10.9,20.6,9.1,21.0,16.3,32.2,31.6,22.0,28.5,24.2,39.6,37.7,20.0,46.5,6.5,43.8,23.6,8.7,40404.0,15370.0,865.0,0.3749381249381249,0.0,0.5288337788337788,0.6025641025641025,0.3012078012078012,0.7187159687159688,0.7187159687159688,0.8968913968913969,33.97448853399277,42604.606375606374,2.1408771408771408,Mississippi,Pike County,10619.0,41578.0,42091.30318780319,-51489.398070050636,12382.783771053739
51185,Tazewell,VA,10.6,11.6,19.3,8.7,18.8,12.4,21.9,17.3,16.8,23.3,13.3,37.0,28.9,16.1,40.5,4.4,40.9,14.8,5.7,45078.0,18449.0,1645.0,0.2826212343049825,0.0,0.2826212343049825,0.2826212343049825,0.2826212343049825,0.3373485957673366,0.3373485957673366,1.0,15.957419825203344,54357.147655175475,3.64923022316873,Virginia,Tazewell County,7374.0,45788.0,50072.57382758774,-40455.34464224976,1772.3722308266006
13131,Grady,GA,17.8,10.8,18.2,8.0,18.2,14.0,27.0,24.4,21.1,25.0,20.1,39.0,34.3,16.1,38.5,5.2,40.1,25.6,7.1,25011.0,9418.0,200.0,0.0,0.0,0.0,0.0,0.0,0.1744832273799528,0.1744832273799528,0.8148814521610491,23.474922543929196,51505.96457558674,0.7996481548118828,Georgia,Grady County,5318.0,54312.0,52908.98228779337,-60159.566606458684,17995.228428776616
20047,Edwards,KS,14.5,10.1,16.9,6.8,17.1,11.1,23.1,17.3,9.9,20.9,14.9,32.4,30.4,14.0,40.2,3.9,35.1,9.8,5.4,3037.0,1302.0,35.0,0.0,0.0,0.0,0.0,0.0,0.0,0.0,0.4978597299967073,8.399838824410152,59003.45143233454,1.1524530786960816,Kansas,Edwards County,453.0,53792.0,56397.725716167275,-77630.97581232572,24294.079223094057
27007,Beltrami,MN,8.5,11.3,16.0,6.3,18.8,10.2,22.7,16.6,12.7,18.9,12.5,30.5,25.9,12.4,39.8,3.8,32.7,13.8,5.1,44442.0,16846.0,2079.0,0.3329283110571081,0.0,0.4529274110076054,0.5694613203726205,0.216394401692093,0.3488141847801629,0.3488141847801629,0.614801314072274,18.743898227799857,59539.15714864318,4.678007290400972,Minnesota,Beltrami County,7084.0,67257.0,63398.07857432159,-45815.38196272598,8230.252460501037
27157,Wabasha,MN,7.6,10.1,13.5,4.9,14.4,8.5,20.9,10.7,7.6,15.0,9.1,30.2,21.7,9.8,37.5,2.8,31.3,8.7,3.6,21676.0,8822.0,246.0,0.3461431998523713,0.0,0.1870732607492157,0.1870732607492157,0.1870732607492157,0.0,0.0,0.3161561173648274,5.923488969812737,78061.4429784093,1.1348957372208894,Minnesota,Wabasha County,1797.0,80133.0,79097.22148920465,-62212.537506460874,13966.802348142908
37047,Columbus,NC,12.9,11.9,18.9,8.3,19.0,12.8,26.1,22.7,20.7,23.6,17.8,35.7,29.5,16.1,41.2,5.1,39.6,24.9,6.9,58098.0,22489.0,2925.0,0.0978863299941478,0.0,0.0978863299941478,0.0978863299941478,0.0978863299941478,0.5465592619367275,0.6133085476264243,0.861475438052945,23.695442608168587,47623.79799648869,5.0345967158938345,North Carolina,Columbus County,9006.0,48184.0,47903.898998244345,-36150.9940457272,5535.661273390619
1075,Lamar,AL,11.5,10.5,19.5,8.8,19.5,12.9,25.6,21.3,16.5,24.8,15.1,37.1,30.0,16.7,40.8,4.7,39.5,21.7,6.1,14564.0,6103.0,217.0,0.0,0.0,0.0,0.0,0.0,0.7142268607525405,0.7142268607525405,0.7142268607525405,21.10913077033032,49515.53089810492,1.489975281516067,Alabama,Lamar County,2061.0,47447.0,48481.26544905246,-67538.81187981131,18383.344172557536
20169,Saline,KS,10.6,10.0,15.3,6.4,15.6,10.1,22.2,13.9,8.1,18.4,12.2,32.0,27.5,12.7,41.5,3.4,33.7,12.2,4.5,55606.0,22416.0,1465.0,0.8618494407078373,0.0,0.153346761140884,0.413012984210337,0.153346761140884,0.2037909578103082,0.3313311513146063,0.413012984210337,12.605307158879857,65202.60826169838,2.6346077761392657,Kansas,Saline County,6457.0,63316.0,64259.30413084919,-31531.97213153841,3058.1481355881806
51199,York,VA,7.0,10.0,12.4,4.4,10.1,9.4,19.9,9.5,7.0,13.9,9.0,34.0,18.3,9.8,31.5,2.4,33.9,9.3,3.4,65464.0,24006.0,648.0,0.8665678846388855,0.0,0.0,0.0890718562874251,0.0,0.0,0.0,0.134287547354271,4.665754006820995,103002.56626542832,0.9898570206525724,Virginia,York County,3694.0,108326.0,105664.28313271416,-32868.67320960179,-1444.4909628198438
20187,Stanton,KS,20.2,9.8,17.9,6.9,16.8,12.5,24.5,22.1,12.3,24.4,18.3,33.1,34.1,15.4,40.2,4.5,36.7,14.7,6.7,2235.0,825.0,47.0,0.0,0.0,0.0,0.0,0.0,0.0,0.0,0.0,14.650934119960702,63958.0,2.102908277404922,Kansas,Stanton County,256.0,70361.0,67159.5,-78288.25088629764,25025.485779524737
36053,Madison,NY,5.7,11.1,13.3,5.9,13.4,8.3,23.2,12.4,11.2,15.2,11.6,33.0,21.6,10.7,37.2,3.0,38.3,14.0,3.9,73442.0,27754.0,4803.0,0.3514337844829934,0.0,0.1050216497372076,0.1050216497372076,0.1050216497372076,0.1050216497372076,0.1646469322730862,0.1396748454562784,9.938367257553386,75957.67677895482,6.587306711793449,New York,Madison County,6033.0,73141.0,74549.3383894774,-18605.186273386556,-12748.181105155603
38027,Eddy,ND,8.8,10.7,14.7,6.7,16.8,10.2,21.7,14.6,10.2,19.1,11.6,31.6,25.3,12.3,38.8,3.8,32.1,18.2,5.0,2385.0,1057.0,84.0,0.0,0.0,0.0,0.0,0.0,0.0,0.0,0.0,13.6912751677852,74236.0,3.5220125786163523,North Dakota,Eddy County,283.0,55389.0,64812.5,-78384.61384502896,24156.123772670406
39137,Putnam,OH,7.7,10.6,13.5,6.1,14.2,9.8,20.5,10.7,8.0,15.6,9.7,34.9,23.2,10.5,43.5,2.8,34.0,10.7,3.6,34499.0,12872.0,303.0,0.2273978955911765,0.0,0.0,0.0,0.0,0.0,0.2273978955911765,0.0,6.649006792572889,75039.30021160033,0.8782863271399171,Ohio,Putnam County,2427.0,82785.0,78912.15010580016,-50677.63077551489,8365.949928264137
1079,Lawrence,AL,11.1,10.6,18.9,8.2,18.8,12.5,26.0,20.6,15.1,23.7,15.0,37.1,29.4,16.0,39.2,4.4,39.9,22.4,6.0,34339.0,13654.0,229.0,0.1314540318588194,0.0,0.1880078045371152,0.1880078045371152,0.1314540318588194,0.2670141821252803,0.4014094761058854,0.5622178863682693,16.782662478119946,56217.12964850462,0.6668802236524068,Alabama,Lawrence County,4506.0,60040.0,58128.56482425231,-53152.24005338061,10952.388464629741
36015,Chemung,NY,6.7,11.3,14.3,6.8,15.3,9.3,24.9,15.8,15.2,17.6,13.6,34.4,25.1,12.0,30.8,3.6,35.5,13.9,4.6,88830.0,35462.0,4916.0,0.7037037037037037,0.020128335021952,0.1484971293481931,0.3615782956208488,0.1484971293481931,0.2298885511651469,0.2298885511651469,0.4639423618147022,14.950416468364718,65674.04113475178,5.534166385230215,New York,Chemung County,12500.0,63469.0,64571.52056737589,-5134.707009601261,-17060.5152304475
5115,Pope,AR,12.5,10.6,19.5,8.2,17.1,11.4,26.3,19.1,11.8,24.4,14.8,32.9,33.2,16.1,45.3,4.3,37.7,19.9,6.0,61754.0,23353.0,3330.0,0.4867053146354892,0.0,0.3907115328561713,0.3907115328561713,0.3201250121449622,0.2407293454675,0.4570230268484632,0.4608284483596204,18.662082727190892,53633.45563040451,5.392363247724844,Arkansas,Pope County,10633.0,54606.0,54119.727815202255,-23930.3429454906,-778.5762437164085
28145,Union,MS,13.2,9.8,19.2,8.2,18.8,12.3,28.4,20.9,11.7,23.5,15.8,36.9,32.4,16.3,41.5,4.6,32.4,22.7,6.3,27134.0,10317.0,283.0,0.147563941917889,0.0,0.1872189872484705,0.1872189872484705,0.0,0.0,0.3476081668755067,0.1872189872484705,15.538945916979788,51287.33360359696,1.0429719171519125,Mississippi,Union County,3947.0,56807.0,54047.16680179848,-56673.76601975311,13963.984603500814
18077,Jefferson,IN,8.8,11.6,16.6,7.8,17.8,11.1,23.6,14.6,8.7,20.2,11.5,33.9,24.2,13.0,36.8,3.4,35.5,15.3,4.6,32428.0,12635.0,1905.0,0.3562045146169976,0.0,0.0,0.1831441963735043,0.0,0.1775317626742321,0.3505920809177254,0.3606759590477365,15.320035905147945,62141.88583939805,5.874552855556926,Indiana,Jefferson County,3489.0,59987.0,61064.442919699024,-51975.56967915133,8887.66183706804
30029,Flathead,MT,9.3,10.8,14.2,5.7,12.9,7.4,21.7,10.7,7.4,16.4,9.4,30.4,18.1,10.0,30.8,2.9,32.0,12.1,3.8,90928.0,37504.0,992.0,0.4255234911138483,0.0,0.0994743093436565,0.1627661446419145,0.0636767552349111,0.0,0.1363056484251275,0.2127287524194967,11.818117869764125,68029.6038513989,1.0909730775998592,Montana,Flathead County,10268.0,71327.0,69678.30192569946,148.4309204810852,-20552.442058375997
51047,Culpeper,VA,11.0,10.7,15.8,5.9,13.8,10.9,22.6,14.1,11.2,18.6,12.4,34.4,24.9,12.5,38.2,3.3,38.6,11.6,4.6,46689.0,16231.0,1761.0,0.3964745443252158,0.0,0.3964745443252158,0.3964745443252158,0.3964745443252158,0.2645591038574396,0.2645591038574396,0.7102529503737497,8.150314312437775,84363.39970871083,3.771766368952002,Virginia,Culpeper County,4229.0,96098.0,90230.69985435542,-43584.9521164463,8501.261202894399
48451,Tom Green,TX,19.6,9.6,15.9,5.8,13.3,11.9,23.8,15.7,12.8,22.0,12.8,34.0,28.6,13.8,37.5,3.9,39.1,10.7,5.8,110224.0,42331.0,5165.0,0.806131151110466,0.0204039047757294,0.1833357526491508,0.2840760632893018,0.1833357526491508,0.1375290317898098,0.4063815502975758,0.312690521120627,13.329416883188925,64969.36721585136,4.685912323994774,Texas,Tom Green County,13394.0,66254.0,65611.68360792568,26564.45216008999,7025.515000068866
17075,Iroquois,IL,10.3,10.7,16.0,7.6,17.0,10.6,26.0,17.2,16.8,20.3,14.0,35.9,25.0,13.2,40.8,3.8,36.9,16.9,5.1,29718.0,11956.0,468.0,0.1269264418870718,0.0,0.3079615048118985,0.3079615048118985,0.1269264418870718,0.1269264418870718,0.1269264418870718,0.5678040244969379,13.942597491259768,64941.21256477556,1.5748031496062993,Illinois,Iroquois County,3495.0,62439.0,63690.10628238778,-53711.35353578093,11060.993658485764
49031,Piute,UT,14.0,11.8,19.7,7.6,13.4,11.0,21.7,19.1,12.3,22.4,14.0,34.9,23.7,14.9,34.0,4.4,37.4,19.0,6.1,1556.0,576.0,37.0,0.0,0.0,1.0,1.0,1.0,1.0,0.0,1.0,17.1306209850107,44167.0,2.377892030848329,Utah,Piute County,188.0,44650.0,44408.5,-78846.12314055717,24702.438840184594
37147,Pitt,NC,10.5,11.5,16.1,6.7,15.0,12.0,24.1,18.9,16.9,19.7,16.0,34.1,25.9,14.3,40.8,4.3,36.1,20.5,5.8,168148.0,67577.0,6526.0,0.733794038585056,0.039054880224564,0.2940861621904512,0.5129290862811333,0.2940861621904512,0.4292765896710041,0.4801900706520446,0.6287258843399862,23.89850353190084,62099.77035111925,3.8811047410614457,North Carolina,Pitt County,32225.0,58851.0,60475.385175559626,45162.88654196814,-28186.714763055457
28015,Carroll,MS,13.7,10.0,19.9,8.8,20.3,14.3,30.8,25.8,16.4,26.3,19.4,37.8,36.2,18.2,40.4,5.6,39.3,23.3,7.5,10597.0,4188.0,334.0,0.0,0.0,0.0,0.0,0.0,0.0,0.5340190619986789,0.0,14.787189428244009,55222.3681230537,3.151835425120317,Mississippi,Carroll County,2094.0,55275.0,55248.684061526845,-72826.12681180077,21007.765298747352
29031,Cape Girardeau,MO,8.5,10.6,17.4,7.0,16.1,10.2,18.8,13.4,10.8,19.4,12.2,31.7,28.0,13.8,35.9,3.5,39.3,17.0,4.6,75674.0,29848.0,3823.0,0.6725823928958427,0.0,0.0345957660491053,0.1545048497502444,0.0345957660491053,0.0345957660491053,0.4744958638369849,0.1910828025477707,17.71432286970885,65040.81755953168,5.051933292808626,Missouri,Cape Girardeau County,11024.0,68912.0,66976.40877976584,-15987.364915086466,-10900.225963106921
16053,Jerome,ID,20.9,10.7,19.8,7.4,15.7,11.7,24.4,22.4,15.5,24.4,17.6,32.1,29.9,17.1,35.8,4.8,34.6,23.4,7.2,22374.0,7540.0,106.0,0.3616697952981139,0.0,0.3656029319746134,0.5032627156520962,0.224010011620631,0.0,0.0,0.6902654867256637,18.137644534201083,57311.35943505855,0.4737641905783499,Idaho,Jerome County,3421.0,69338.0,63324.679717529274,-57899.531592080515,21941.606312543416
12013,Calhoun,FL,17.3,10.6,19.0,9.5,20.5,12.8,23.8,15.7,12.8,25.0,12.8,34.0,31.1,16.6,39.9,5.0,40.9,20.5,7.0,14625.0,5061.0,1891.0,0.5604102564102564,0.0,0.0,0.0,0.0,0.0,0.5604102564102564,0.1663589743589743,12.165840639508234,53051.23466666666,12.929914529914532,Florida,Calhoun County,2506.0,46901.0,49976.11733333333,-68522.04760782303,19161.10839478286
31093,Howard,NE,8.3,9.3,12.2,5.5,14.3,8.7,20.5,10.9,7.6,14.3,8.8,30.8,25.4,10.2,38.7,2.7,30.7,12.0,3.7,6274.0,2625.0,35.0,0.0,0.0,0.0,0.0,0.0,0.0,0.0,0.0,10.504072184276463,70552.88460312401,0.5578578259483583,Nebraska,Howard County,348.0,74508.0,72530.442301562,-74910.1182423434,22049.32600554693
20005,Atchison,KS,9.3,10.4,16.2,6.8,17.0,10.0,21.9,13.8,8.4,18.6,12.2,32.4,27.4,12.8,38.8,3.4,36.3,14.9,4.4,16924.0,6241.0,1375.0,0.7348144646655637,0.0,0.3783384542661309,0.5630465610966675,0.3783384542661309,0.1847081068305365,0.1847081068305365,0.5630465610966675,17.03575195365621,63300.308969510756,8.124556842354053,Kansas,Atchison County,1871.0,62164.0,62732.154484755374,-65960.78538805331,17061.00195094575
37015,Bertie,NC,13.8,12.1,19.0,8.3,19.2,14.9,29.9,28.7,26.7,26.2,22.2,37.1,31.8,18.0,43.4,6.0,43.8,33.2,8.0,21282.0,8359.0,1324.0,0.3751996992763838,0.0,0.8142561789305517,0.8142561789305517,0.3751996992763838,1.0,1.0,1.0,23.098365702331172,46389.969880650315,6.2212198101682175,North Carolina,Bertie County,3152.0,45931.0,46160.48494032516,-67670.04668567947,19215.758508748597
18163,Vanderburgh,IN,8.4,11.6,16.1,7.6,16.8,11.2,22.3,15.5,9.5,20.5,12.1,32.0,25.4,13.2,38.6,3.6,40.5,21.2,4.8,179703.0,74454.0,7531.0,0.9496446915187836,0.0,0.1469647140003227,0.4488350222311258,0.1469647140003227,0.2563284975765569,0.3547687016911237,0.4663695096909901,17.57527238112666,63590.8361435257,4.19080371501867,Indiana,Vanderburgh County,24967.0,60938.0,62264.41807176285,72152.57749133243,-58202.05958776116
5095,Monroe,AR,13.3,11.6,21.4,8.8,20.0,14.3,32.1,27.5,20.1,28.9,21.6,38.0,36.8,19.1,43.7,5.7,43.0,24.4,7.7,8149.0,3481.0,84.0,0.4647195974966253,0.0,0.4647195974966253,0.4647195974966253,0.4647195974966253,0.4647195974966253,0.4647195974966253,0.7273285065652227,27.944793250769727,48471.8030433182,1.0308013253159898,Arkansas,Monroe County,1452.0,43955.0,46213.4015216591,-74559.31461043346,22419.58778666518
46069,Hyde,SD,9.5,10.9,15.5,6.4,17.4,10.2,23.8,15.7,12.8,17.8,12.8,34.0,24.0,12.0,35.8,3.5,31.7,12.6,4.7,1420.0,600.0,38.0,0.0,0.0,0.0,0.0,0.0,0.0,0.0,0.0,14.4186046511628,59531.0,2.676056338028169,South Dakota,Hyde County,103.0,74279.0,66905.0,-79299.55069657101,24698.017056587232
31115,Loup,NE,7.6,9.1,12.0,5.4,13.6,8.9,19.8,10.6,7.8,14.1,8.8,29.1,23.9,10.1,36.7,2.8,32.1,13.7,3.7,632.0,275.0,0.0,0.0,0.0,0.0,0.0,0.0,0.0,0.0,0.0,8.205128205128212,64375.0,0.0,Nebraska,Loup County,46.0,60156.0,62265.5,-79896.37836557068,25053.414797272493
47087,Jackson,TN,14.4,11.4,21.9,10.2,23.6,12.8,23.8,15.7,12.8,26.2,12.8,34.0,30.6,17.1,39.0,4.7,39.8,23.7,6.4,11638.0,4789.0,177.0,0.0,0.0,0.0,0.0,0.0,0.0,0.0,0.369135590307613,19.435765791424995,48638.34043650112,1.5208798762673998,Tennessee,Jackson County,2412.0,41475.0,45056.67021825056,-69449.9666325368,19340.37272056396
1123,Tallapoosa,AL,10.7,10.5,17.6,7.3,16.9,12.7,26.7,21.0,15.4,23.4,15.9,37.6,27.8,15.3,39.6,4.3,42.5,17.6,5.7,41616.0,16985.0,576.0,0.0973423683198769,0.0,0.0973423683198769,0.0973423683198769,0.0973423683198769,0.613562091503268,0.7669165705497886,0.613562091503268,20.077902065113378,53695.41774798155,1.3840830449826989,Alabama,Tallapoosa County,6128.0,57185.0,55440.20887399078,-47492.48800240292,8531.692855387235
19117,Lucas,IA,8.6,10.4,16.3,7.5,18.9,10.6,24.7,14.9,13.8,19.9,11.5,33.1,26.9,12.8,39.8,3.7,34.8,16.8,4.8,8898.0,3689.0,78.0,0.5022476961114857,0.0,0.2820858619914587,0.5022476961114857,0.2820858619914587,0.2820858619914587,0.2820858619914587,0.5022476961114857,12.064714689032716,64157.81816138458,0.8766014834794336,Iowa,Lucas County,1415.0,67921.0,66039.40908069229,-72416.3823173968,20545.804276912688
41011,Coos,OR,9.2,12.7,17.8,7.3,15.9,10.2,23.8,15.7,12.8,21.2,12.8,34.0,21.7,13.9,34.2,3.8,32.8,13.1,5.1,63043.0,27133.0,1008.0,0.4579096806941294,0.0,0.3082975112224989,0.3548530368161414,0.2154243928747045,0.3078216455435179,0.4086099963516965,0.7181130339609473,17.15412968496947,56753.91264692353,1.5989086813762037,Oregon,Coos County,9935.0,60313.0,58533.45632346177,-23739.73931598835,-2317.3078851663813
54085,Ritchie,WV,10.4,12.6,21.8,10.4,23.7,13.3,24.6,19.8,22.8,26.9,15.2,35.9,35.5,17.1,42.4,4.6,44.8,22.1,6.0,10449.0,4367.0,106.0,0.0,0.0,0.0,0.0,0.0,0.0,0.0,0.0,17.041772370821885,55353.62809838262,1.01445114365011,West Virginia,Ritchie County,1785.0,50256.0,52804.81404919131,-70977.71319579742,19741.16825432113
22097,St. Landry,LA,11.2,11.2,22.5,9.7,22.4,15.7,31.9,31.2,29.5,30.5,23.0,39.3,35.2,20.3,40.5,6.4,40.9,22.7,8.5,83384.0,31857.0,1105.0,0.4935479228628993,0.0,0.3377386548978221,0.5542430202436919,0.2319749592247913,0.3825554063129617,0.3825554063129617,0.7548210687901755,28.95794731874047,45644.68233713902,1.325194281876619,Louisiana,St. Landry Parish,19321.0,45637.0,45640.84116856951,-17504.04106433032,-4117.751158663174
48237,Jack,TX,18.6,10.2,18.0,7.8,17.7,11.8,23.8,15.7,12.8,23.9,12.8,34.0,29.5,15.2,37.9,4.4,38.6,20.6,6.1,9044.0,3136.0,1140.0,0.3686421937195931,0.0,0.3686421937195931,0.3686421937195931,0.3686421937195931,0.0,0.0,0.3686421937195931,14.738215558405372,63884.099845201235,12.605042016806724,Texas,Jack County,1024.0,65693.0,64788.54992260062,-72450.20113504083,22058.68159218426
37179,Union,NC,9.9,10.2,13.7,5.2,11.8,9.3,21.6,12.3,8.7,15.6,10.5,31.6,21.1,10.5,33.0,2.9,31.7,14.2,4.1,201292.0,67864.0,2050.0,0.7306003219203943,0.0,0.1525147546847366,0.1855910816127814,0.1525147546847366,0.0255896905987321,0.0550444130914293,0.2310474335790791,9.375259437560612,89926.28293225761,1.0184210003378178,North Carolina,Union County,18530.0,99243.0,94584.6414661288,85368.80791614647,-48050.84298946794
31097,Johnson,NE,12.6,8.5,13.1,5.9,15.7,10.1,24.1,14.5,9.8,17.2,11.5,30.5,29.1,11.5,38.1,3.3,32.7,13.4,4.6,5217.0,1847.0,955.0,0.0,0.0,0.0,0.0,0.0,0.0,0.0,0.6145294230400613,9.595450182390744,64923.12746789343,18.305539582135328,Nebraska,Johnson County,293.0,59457.0,62190.063733946714,-76124.85253904382,23181.605267676674
23023,Sagadahoc,ME,7.9,12.5,15.5,6.2,14.3,8.0,21.7,10.2,13.2,15.4,9.8,32.1,20.2,10.4,29.5,2.8,30.8,8.2,3.7,35293.0,15088.0,265.0,0.3605247499504151,0.0,0.0893094948006686,0.0893094948006686,0.0893094948006686,0.0,0.4008160258408182,0.1859575553225852,9.79601848943624,77279.73116482022,0.750857110475165,Maine,Sagadahoc County,4086.0,82080.0,79679.8655824101,-50425.68037343422,6729.210446516921
1107,Pickens,AL,14.0,10.7,19.3,8.5,19.0,15.2,28.5,27.9,22.3,27.5,20.5,37.7,33.4,18.1,48.0,5.6,42.2,25.0,7.5,19746.0,8012.0,334.0,0.0,0.0,0.0,0.0,0.0,0.6522840068874709,0.8972450116479287,0.7550389952395422,23.678046718476185,53757.27413146966,1.691481819102603,Alabama,Pickens County,3878.0,47014.0,50385.63706573483,-66129.5033152738,18202.771242423787
8025,Crowley,CO,20.6,10.1,18.4,7.3,17.9,11.3,23.8,15.7,12.8,23.8,12.8,34.0,25.3,14.1,31.5,4.6,35.3,24.9,6.7,5823.0,1306.0,2682.0,0.0,0.0,0.0,0.0,0.0,0.0,0.0,1.0,28.3625730994152,53750.0,46.05873261205564,Colorado,Crowley County,762.0,47563.0,50656.5,-75221.3168287521,24240.025531768566
13237,Putnam,GA,14.0,10.6,16.4,7.1,16.0,12.7,24.7,20.0,17.1,21.9,16.7,38.0,28.4,14.2,39.6,4.4,38.8,15.5,5.9,21218.0,8601.0,172.0,0.3294844000377038,0.0,0.3294844000377038,0.3294844000377038,0.3294844000377038,0.3294844000377038,0.3294844000377038,0.5475539636157979,16.214480661694154,58473.04057875389,0.8106324818550288,Georgia,Putnam County,4121.0,64163.0,61318.020289376946,-63652.06616012342,17813.000398038406
18107,Montgomery,IN,9.6,11.2,16.5,8.1,18.1,11.2,23.7,15.5,9.2,20.8,12.0,33.3,27.2,13.4,39.5,3.6,40.6,15.3,4.8,38124.0,14979.0,1171.0,0.3711048158640226,0.0,0.1346658273003882,0.1346658273003882,0.1346658273003882,0.1346658273003882,0.1346658273003882,0.1346658273003882,10.365860434414992,65427.22676004616,3.071555975238695,Indiana,Montgomery County,4388.0,66571.0,65999.11338002307,-46510.70756043918,6663.836955981882
47085,Humphreys,TN,12.7,11.2,20.1,9.0,20.9,11.9,23.8,15.7,12.8,23.4,12.8,34.0,27.8,15.6,40.8,4.1,37.9,21.3,5.5,18538.0,7454.0,205.0,0.3020282662638904,0.0,0.1392814758873665,0.1392814758873665,0.0,0.2912396159240479,0.2912396159240479,0.5328514402848203,17.898650653438615,55251.12331427338,1.1058366598338547,Tennessee,Humphreys County,2548.0,59333.0,57292.06165713669,-63709.419190129236,15850.947184585182
39075,Holmes,OH,12.6,12.1,19.7,9.9,22.3,11.7,25.2,19.0,15.8,24.7,14.1,38.8,33.4,15.2,38.8,4.4,38.7,27.7,5.6,42366.0,12554.0,765.0,0.1025586555256573,0.0,0.0,0.0,0.0,0.0,0.894656092149365,0.0,11.103621053312663,70340.96551479961,1.8056932445829204,Ohio,Holmes County,3831.0,74774.0,72557.4827573998,-41538.69417770864,2245.857074628795
41019,Douglas,OR,9.1,13.1,17.9,7.4,15.2,10.5,23.8,15.7,12.8,21.2,12.8,34.0,23.5,13.4,37.8,3.8,35.4,15.0,5.0,107667.0,44581.0,1708.0,0.4819861238819694,0.0,0.4374970975322058,0.4374970975322058,0.3960080618945452,0.3171259531704236,0.4375435370169133,0.7069389878049913,16.196827931057477,56630.083303147665,1.5863727976074378,Oregon,Douglas County,17284.0,58983.0,57806.54165157383,17601.465578728283,-24606.724464594565
29195,Saline,MO,11.2,10.6,19.1,7.4,17.6,11.2,20.8,16.2,12.4,21.7,14.2,34.0,31.5,14.9,39.2,3.9,40.9,18.1,5.3,23370.0,8883.0,1484.0,0.5593495934959349,0.0,0.2572528883183568,0.3788617886178861,0.2572528883183568,0.1314933675652546,0.1314933675652546,0.4851091142490372,16.223458105457798,56223.84912280702,6.350021394950792,Missouri,Saline County,3169.0,56566.0,56394.92456140351,-59751.636572597985,15967.910957298509
56041,Uinta,WY,12.2,10.3,15.6,6.2,14.9,9.3,23.8,15.7,12.8,18.0,12.8,34.0,25.0,11.5,34.1,3.2,35.7,13.3,4.3,21118.0,7668.0,270.0,0.0,0.0,0.0,0.0,0.0,0.3244625438014963,0.3244625438014963,0.3244625438014963,12.590440931933683,69662.40605170945,1.278530163841273,Wyoming,Uinta County,1533.0,82672.0,76167.20302585472,-61357.98064951925,16293.427715471875
55009,Brown,WI,8.5,10.7,13.5,5.4,13.6,9.3,18.9,12.2,12.2,16.5,10.5,30.0,26.4,11.3,41.1,3.1,31.5,6.8,4.0,248007.0,98383.0,6629.0,0.7889172483034753,0.0044031015253601,0.0813243174587814,0.2534363949404654,0.0813243174587814,0.1007552206187728,0.2826613764934054,0.2760567242053651,10.479001636375632,75236.92594967078,2.6729084259718476,Wisconsin,Brown County,25754.0,77490.0,76363.46297483539,128145.35463868809,-76967.54361394202
29049,Clinton,MO,8.6,10.5,18.1,7.1,17.1,9.6,19.9,12.6,9.6,19.2,11.5,30.5,28.5,13.5,39.1,3.3,36.5,17.9,4.4,20743.0,7951.0,445.0,0.253193848527214,0.0,0.253193848527214,0.253193848527214,0.253193848527214,0.0,0.0,0.5755194523453695,10.926398987154917,67390.4079930579,2.145302029600347,Missouri,Clinton County,2650.0,70625.0,69007.70399652896,-62501.26354877846,14578.348982144678
27141,Sherburne,MN,7.4,9.8,13.3,4.6,13.9,8.3,21.2,10.7,7.2,14.3,9.2,30.6,22.9,9.5,38.4,2.7,29.3,11.2,3.4,88499.0,30212.0,2174.0,0.2766358941908948,0.0,0.0807692742290873,0.0807692742290873,0.0807692742290873,0.0807692742290873,0.3116532390196499,0.0807692742290873,7.330577879666434,92731.3969536379,2.4565249324851126,Minnesota,Sherburne County,4702.0,102965.0,97848.19847681894,-7588.667195846487,-19945.888919243847
48177,Gonzales,TX,26.9,9.9,18.6,7.0,16.1,13.7,23.8,15.7,12.8,27.7,12.8,34.0,34.7,16.7,39.8,5.0,38.8,17.3,7.7,19807.0,7120.0,311.0,0.5305195133033775,0.0,0.1777149492603625,0.1777149492603625,0.1777149492603625,0.1777149492603625,0.1777149492603625,0.1777149492603625,15.847336572438572,59424.53450800222,1.5701519664764982,Texas,Gonzales County,2828.0,59355.0,59389.76725400111,-60368.959454704134,25261.513950757184
36101,Steuben,NY,6.3,11.2,14.4,6.7,15.0,9.0,24.1,14.4,13.7,16.6,12.6,32.6,24.5,12.1,34.7,3.4,39.4,13.7,4.4,98990.0,40344.0,1583.0,0.3871704212546722,0.0,0.1583493282149712,0.3234771189008991,0.0789675724820689,0.1944337811900192,0.3099606020810183,0.5973128598848368,14.074201175231607,65321.5152641681,1.5991514294373168,New York,Steuben County,12537.0,64740.0,65030.757632084045,7752.417930998767,-25725.723316092302
18145,Shelby,IN,9.0,11.3,16.4,7.7,18.1,11.3,23.0,14.4,8.4,20.3,11.5,33.7,24.8,13.1,41.0,3.4,35.9,18.3,4.6,44436.0,17302.0,683.0,0.4632505175983437,0.0,0.0674903231614006,0.2192366549644432,0.0674903231614006,0.0782473669997299,0.0782473669997299,0.2192366549644432,11.141441399675188,71523.46752633,1.5370420379872176,Indiana,Shelby County,5091.0,71301.0,71412.233763165,-41564.07449647007,3120.832242668479
51770,Roanoke,VA,10.9,11.5,17.7,7.3,16.7,13.2,24.2,19.7,18.4,22.0,15.8,36.8,28.9,15.3,41.9,4.4,41.1,10.6,6.1,97032.0,42712.0,2126.0,1.0,0.0,0.487416522384368,0.8312309341248248,0.487416522384368,0.7000680187979224,0.7358088053425674,0.8312309341248248,20.69706873463131,56510.32157432599,2.1910297633770304,Virginia,Roanoke city,19062.0,52671.0,54590.660787163,-5102.406539240968,-7870.484152710287
35027,Lincoln,NM,13.7,9.8,15.6,5.7,13.3,9.9,24.1,17.9,14.7,20.8,15.4,34.9,22.9,12.4,30.6,3.8,33.3,13.1,5.6,20497.0,9219.0,116.0,0.4316729277455237,0.0,0.0890862077377177,0.0890862077377177,0.0890862077377177,0.0890862077377177,0.3303410255159291,0.0890862077377177,16.38049578201222,57507.70620090745,0.5659364785090502,New Mexico,Lincoln County,3205.0,51643.0,54575.35310045372,-60677.19101926302,20761.040662264582
51019,Bedford,VA,7.8,10.7,14.9,5.9,13.6,10.1,20.4,11.2,9.1,16.7,9.8,32.4,24.4,11.7,36.7,3.0,36.6,9.5,4.0,74898.0,30092.0,290.0,0.2111538358834681,0.0,0.0830729792517824,0.0830729792517824,0.0830729792517824,0.0830729792517824,0.0830729792517824,0.4785975593473791,9.19471898459877,74964.80461427542,0.3878004050342817,Virginia,Bedford County,6429.0,77644.0,76304.4023071377,-19117.129258816196,-12419.792532184056
24023,Garrett,MD,8.4,11.3,15.0,7.1,14.8,10.4,22.4,13.4,11.8,18.9,11.6,33.3,24.7,11.9,36.2,3.3,38.2,12.7,4.2,30097.0,12057.0,515.0,0.2055354354254576,0.0,0.2055354354254576,0.2055354354254576,0.2055354354254576,0.5287902448749044,0.5287902448749044,1.0,9.677099723719795,62247.01076519254,1.711134000066452,Maryland,Garrett County,3073.0,69031.0,65639.00538259627,-53541.53944539539,9122.307356881607
33019,Sullivan,NH,8.4,11.0,14.4,6.2,13.3,8.4,23.0,12.2,9.4,15.4,10.3,31.2,22.7,11.0,33.2,3.1,34.5,11.9,4.1,43742.0,18126.0,701.0,0.4807279045311142,0.0,0.4807279045311142,0.4807279045311142,0.4807279045311142,0.4540716016643043,0.4540716016643043,0.5709844085775685,10.866105849758815,71773.76050477802,1.6025787572584702,New Hampshire,Sullivan County,4621.0,75929.0,73851.380252389,-43205.387018853515,2009.4684586549229
29225,Webster,MO,10.0,10.8,19.8,8.4,19.5,10.6,20.9,15.2,12.3,22.0,13.1,32.7,30.1,15.1,41.5,4.0,37.8,20.5,5.2,36202.0,13062.0,879.0,0.1412352908679078,0.0,0.1412352908679078,0.1412352908679078,0.1412352908679078,0.2692668913319706,0.2692668913319706,0.8549251422573338,16.53545616446301,55711.514308601734,2.4280426495773715,Missouri,Webster County,6237.0,69731.0,62721.25715430087,-46349.61218276819,6939.301671675585
28085,Lincoln,MS,11.5,10.0,18.8,7.8,18.1,13.1,28.0,21.9,13.4,23.2,17.2,36.7,33.4,16.7,40.1,4.8,38.1,19.5,6.5,34869.0,13296.0,714.0,0.3158106054088158,0.0,0.3227508675327655,0.3227508675327655,0.1449138202988327,0.4401330694886575,0.6298718059020907,0.4401330694886575,22.32501829167848,56015.66876021681,2.047664114256216,Mississippi,Lincoln County,7326.0,48316.0,52165.834380108405,-53337.965335268775,10792.967851225345
51031,Campbell,VA,9.1,11.2,16.5,6.8,15.8,11.3,21.5,14.8,13.2,19.1,12.4,33.7,25.2,13.5,35.6,3.7,36.2,13.8,4.9,54842.0,22441.0,468.0,0.2831406586193064,0.0,0.1596586557747711,0.1596586557747711,0.1596586557747711,0.3901571788045658,0.3901571788045658,0.8051675722986033,11.876707492817973,64060.12842347106,0.8533605630720981,Virginia,Campbell County,5517.0,62608.0,63334.06421173553,-36282.22158673662,-9.890828111154406
40141,Tillman,OK,17.0,11.2,19.4,7.8,18.6,12.9,26.7,23.2,18.8,24.2,17.7,34.5,35.5,17.6,44.2,4.7,39.9,21.1,7.1,7992.0,3216.0,267.0,0.5188938938938938,0.0,0.3285785785785786,0.8474724724724725,0.0,0.0,0.0,0.8474724724724725,21.546695709301904,48753.15965965966,3.340840840840841,Oklahoma,Tillman County,1160.0,47445.0,48099.07982982983,-73167.70871188585,23730.09658851314
33009,Grafton,NH,7.1,10.5,12.8,5.3,11.4,7.5,21.5,10.2,7.4,13.2,9.0,32.1,18.7,9.2,26.5,2.7,32.7,7.6,3.6,89118.0,35986.0,7001.0,0.1753405597073543,0.0,0.1449314392154222,0.1449314392154222,0.0784353329293745,0.1449538813707668,0.4408424785116362,0.4592001615835185,10.144524674292304,89556.43430059023,7.855876478376984,New Hampshire,Grafton County,8640.0,84021.0,86788.71715029512,-7058.5314866759,-19636.474338372445
31101,Keith,NE,10.3,9.3,13.1,5.8,14.8,9.3,21.6,12.7,9.1,16.2,10.3,30.5,28.1,11.0,35.7,3.1,29.8,9.5,4.2,8368.0,3753.0,55.0,0.5727772466539197,0.0,0.0,0.0,0.0,0.0,0.3996175908221797,0.1731596558317399,11.667280215614664,62906.00310707457,0.6572657743785851,Nebraska,Keith County,871.0,58132.0,60519.00155353728,-72946.88486292597,21311.813467086366
37073,Gates,NC,10.9,11.6,17.5,7.3,17.1,11.7,25.7,19.1,16.6,20.9,15.6,35.6,26.7,14.6,38.5,4.3,37.3,22.7,5.8,12197.0,4665.0,61.0,0.0,0.0,0.3840288595556284,0.3840288595556284,0.0,0.2737558416003935,0.2737558416003935,0.657784701156022,10.814685567797245,64501.73919816349,0.5001229810609166,North Carolina,Gates County,1212.0,61612.0,63056.86959908174,-71964.56408254939,20490.216775918198
47157,Shelby,TN,12.4,11.7,18.0,7.3,17.3,14.6,23.8,15.7,12.8,23.0,12.8,34.0,27.1,16.3,39.6,4.7,42.0,20.6,6.5,927644.0,350971.0,18329.0,0.955382668351221,0.0052627947790316,0.249111728206079,0.497662896542208,0.249111728206079,0.2840173601079724,0.3478608172962903,0.5167585841120085,21.225086534520027,66415.33956075822,1.975865741599148,Tennessee,Shelby County,158883.0,62337.0,64376.16978037911,515897.00315948477,-211283.61791289123
31165,Sioux,NE,11.0,9.8,15.0,7.6,18.2,11.2,21.0,17.0,14.3,19.5,12.4,30.3,29.3,13.5,43.5,4.1,33.3,11.3,5.5,1311.0,577.0,0.0,0.0,0.0,1.0,1.0,1.0,1.0,0.0,1.0,10.6635071090047,53750.0,0.0,Nebraska,Sioux County,137.0,54076.0,53913.0,-79279.74376836127,24739.17955591399
33011,Hillsborough,NH,7.7,10.6,12.7,4.9,10.7,7.9,24.3,10.4,6.7,13.9,9.4,33.9,21.4,9.5,32.8,2.6,34.4,9.7,3.5,400721.0,155466.0,7759.0,0.7514604924623366,0.0,0.0539976692012647,0.1962787076294978,0.0539976692012647,0.0869757262534282,0.165152312955897,0.2480853261995253,8.155400448165102,96443.63308885731,1.9362598915454892,New Hampshire,Hillsborough County,27126.0,100436.0,98439.81654442866,247013.12091505184,-159394.7424978442
26101,Manistee,MI,7.7,11.6,16.1,7.6,16.6,9.9,24.1,15.5,14.5,18.9,12.5,33.5,26.0,12.5,37.0,3.5,33.9,11.4,4.6,24733.0,10308.0,1349.0,0.3848299842315934,0.0,0.0,0.0,0.0,0.0,0.0,0.2291270771843286,13.106237372901832,59656.80422916751,5.454251405005459,Michigan,Manistee County,2813.0,60879.0,60267.902114583754,-59137.10910273876,13125.46709310285
20147,Phillips,KS,9.6,10.4,16.3,7.0,17.2,9.9,21.7,13.9,8.6,18.3,11.9,31.0,27.3,12.9,40.9,3.5,36.8,13.6,4.5,5642.0,2432.0,68.0,0.5026586316908898,0.0,0.2217298830202056,0.2217298830202056,0.0,0.0,0.0,0.2217298830202056,9.647247828847211,59916.12389223679,1.2052463665366893,Kansas,Phillips County,661.0,61235.0,60575.5619461184,-75405.08262270849,22431.599473561175
54105,Wirt,WV,9.3,12.6,20.9,9.7,21.9,13.3,23.8,18.3,20.9,25.3,14.3,35.7,33.1,16.3,42.4,4.3,43.8,27.0,5.5,5717.0,2391.0,0.0,0.0,0.0,0.0,0.0,0.0,0.0,0.0,0.5892950848347035,19.208321330321876,49676.351582998075,0.0,West Virginia,Wirt County,930.0,54688.0,52182.17579149904,-74979.86063095328,22376.177666314725
31131,Otoe,NE,9.5,9.3,12.8,5.5,13.7,9.4,22.1,12.0,8.2,15.7,9.6,31.2,25.6,10.9,40.7,2.8,30.0,10.2,3.9,15740.0,6362.0,338.0,0.4832274459974587,0.0,0.0,0.0,0.0,0.0,0.4832274459974587,0.0,11.253616074037094,74184.42795425667,2.147395171537484,Nebraska,Otoe County,1514.0,81430.0,77807.21397712833,-66433.97372561939,17800.54249340648
13019,Berrien,GA,16.5,10.8,19.4,9.1,21.0,13.5,25.1,22.9,20.7,25.1,17.5,39.4,32.6,16.4,38.0,5.3,36.9,22.6,7.0,19286.0,7443.0,176.0,0.0,0.0,0.2994400082961734,0.2994400082961734,0.0,0.1950119257492481,0.1950119257492481,0.8505651768121953,25.99997599373699,46084.16037540184,0.9125790729026236,Georgia,Berrien County,3979.0,50414.0,48249.08018770092,-62705.03631393634,17099.137395357582
16063,Lincoln,ID,17.7,10.5,18.3,6.5,14.3,10.4,23.0,18.4,12.0,21.6,15.0,32.2,27.5,14.9,34.2,4.0,33.4,22.8,6.0,5208.0,1705.0,37.0,0.0,0.0,0.0,0.0,0.0,0.0,0.0,0.0,13.4447398404861,54250.0,0.7104454685099846,Idaho,Lincoln County,487.0,66038.0,60144.0,-75283.55009522682,24491.634752073038
20117,Marshall,KS,9.6,10.4,16.6,7.1,18.0,9.8,22.3,13.8,8.3,18.5,11.8,33.1,26.8,12.8,37.5,3.5,36.1,14.5,4.4,10117.0,4300.0,164.0,0.3539586834041712,0.0,0.0,0.0,0.0,0.0,0.3539586834041712,0.0,9.442854918085258,64065.19679746961,1.621033903331027,Kansas,Marshall County,913.0,70828.0,67446.5983987348,-71453.81329542548,20037.48486819397
18011,Boone,IN,6.1,10.4,12.1,5.2,11.4,9.3,20.6,9.1,4.5,14.4,7.9,29.1,18.3,9.5,32.4,2.3,33.4,7.0,3.1,56640.0,21149.0,574.0,0.5022598870056497,0.0,0.0,0.0,0.0,0.0,0.2144597457627118,0.0,5.645298499111527,102525.99694562147,1.0134180790960452,Indiana,Boone County,3689.0,104865.0,103695.49847281074,-33032.1777051605,-4004.9097291420258
13087,Decatur,GA,17.0,11.2,18.8,8.4,19.4,15.3,27.8,27.6,25.1,26.7,22.2,40.7,33.5,17.5,42.4,5.8,41.8,21.1,7.8,27842.0,10390.0,1069.0,0.3716327850010775,0.0,0.3698728539616407,0.3698728539616407,0.1741972559442569,0.4214136915451476,0.4214136915451476,0.8025644709431794,25.333407293741985,50710.209324042815,3.8395230227713526,Georgia,Decatur County,6976.0,50485.0,50597.60466202141,-60053.49957769529,16497.60670978418
8093,Park,CO,8.2,10.9,13.4,4.8,10.9,7.2,23.8,15.7,12.8,13.3,12.8,34.0,14.6,8.8,22.5,2.5,29.3,6.0,3.4,16206.0,7174.0,92.0,0.0,0.0,0.1344563741824015,0.1344563741824015,0.0,0.0,0.0,0.300691102060965,5.53815871044781,79323.20924349007,0.5676909786498827,Colorado,Park County,1266.0,95450.0,87386.60462174503,-66969.26901046626,17502.7839190583
5067,Jackson,AR,13.7,11.0,22.4,9.9,21.5,13.7,29.9,26.5,18.5,29.2,19.7,38.0,38.5,18.9,43.9,5.6,43.3,22.5,7.6,17997.0,6724.0,2000.0,0.4395176973940101,0.0,0.6989498249708285,0.6989498249708285,0.4395176973940101,0.2063677279546591,0.2063677279546591,0.6989498249708285,24.614544713113105,41866.24365171973,11.112963271656389,Arkansas,Jackson County,3044.0,41215.0,41540.62182585987,-65417.14433340844,17460.607127823707
39131,Pike,OH,10.7,11.9,19.1,10.5,23.3,13.2,23.1,20.3,19.8,24.2,15.0,37.1,34.9,16.2,43.0,4.9,38.6,24.0,6.3,28709.0,11012.0,496.0,0.1304120659026786,0.0,0.0,0.0,0.0,0.5474589849872862,0.8695879340973214,0.5474589849872862,19.535661791312393,55451.24657772824,1.7276812149500156,Ohio,Pike County,5309.0,49552.0,52501.62328886413,-53789.905087657244,10407.266067603743
51021,Bland,VA,9.4,10.5,16.7,6.9,16.4,10.5,22.1,12.8,10.8,18.7,10.8,34.5,24.3,12.9,36.2,3.4,36.4,19.2,4.4,6824.0,2566.0,686.0,0.0,0.0,0.5716588511137163,0.5716588511137163,0.0,0.0,0.0,1.0,8.42874619660315,66542.79410902696,10.052754982415006,Virginia,Bland County,668.0,61375.0,63958.89705451348,-74845.75213521127,21706.175176383218
26105,Mason,MI,7.5,11.6,16.1,7.6,16.3,10.1,22.6,15.3,14.9,18.6,12.0,32.7,23.2,12.5,40.5,3.5,34.2,11.3,4.6,28705.0,11940.0,442.0,0.4050862219125588,0.0,0.1093537711200139,0.1093537711200139,0.0,0.0,0.0,0.2824595018289496,15.149208259708342,62430.91795854381,1.5398014283225918,Michigan,Mason County,4214.0,62296.0,62363.458979271905,-54573.19924959466,11289.825627262218
29175,Randolph,MO,10.1,10.9,20.1,8.4,19.7,11.0,20.7,16.1,13.5,22.2,13.8,34.5,30.7,15.1,37.6,4.1,40.0,20.2,5.4,25414.0,9342.0,2455.0,0.4909498701503108,0.0,0.187849216967026,0.187849216967026,0.187849216967026,0.187849216967026,0.187849216967026,0.187849216967026,15.46865772545416,59920.68092390021,9.660029904776897,Missouri,Randolph County,3573.0,55310.0,57615.34046195011,-58407.52781707369,12819.02715897761
1005,Barbour,AL,14.8,10.9,20.3,9.3,20.8,16.5,31.7,32.1,26.2,29.9,23.2,39.8,34.5,20.0,47.1,6.4,44.6,27.7,8.4,27457.0,9820.0,3193.0,0.2417598426630731,0.0,0.4121717594784572,0.5790873001420402,0.0748443019994901,0.4329679134646902,0.4329679134646902,0.8737298321011036,29.34171591845522,45025.706996394365,11.629092763229778,Alabama,Barbour County,4746.0,44290.0,44657.85349819718,-61501.45534476018,17330.9005442083
16047,Gooding,ID,18.5,10.7,19.5,7.4,15.4,11.0,22.6,20.0,14.6,23.0,16.0,31.0,28.7,16.2,34.5,4.6,33.8,21.7,6.8,15464.0,5531.0,52.0,0.0,0.0,0.0,0.0,0.0,0.0,0.0,0.0,15.98856194733791,60445.737066735644,0.3362648732540093,Idaho,Gooding County,2391.0,62395.0,61420.36853336782,-65301.122928477555,22522.48842559552
47039,Decatur,TN,14.9,11.5,22.2,10.7,24.3,13.5,23.8,15.7,12.8,27.2,12.8,34.0,31.1,18.1,42.8,5.0,42.8,14.7,6.8,11757.0,4927.0,213.0,0.0,0.0,0.0,0.0,0.0,0.4273198945309177,0.4273198945309177,0.5828017351365145,19.688386263094444,49111.2760908395,1.811686654758867,Tennessee,Decatur County,2442.0,46190.0,47650.63804541975,-69437.61573688209,19500.701063859953
12037,Franklin,FL,14.9,10.0,16.8,8.0,17.2,11.2,23.8,15.7,12.8,20.8,12.8,34.0,26.8,13.7,32.4,4.1,37.2,13.5,5.8,11549.0,4254.0,1828.0,0.0,0.0,0.0,0.0,0.0,0.0,0.0,0.6108754004675729,22.15457642975247,51767.87271625249,15.828210234652351,Florida,Franklin County,1874.0,62734.0,57250.93635812624,-70846.6028075832,20321.930062427433
36007,Broome,NY,6.7,11.6,14.2,6.7,14.6,9.5,25.6,15.8,15.5,17.3,14.1,35.6,23.8,12.1,34.8,3.7,36.6,11.6,4.8,200600.0,82167.0,10141.0,0.6632153539381854,0.045333998005982,0.0832003988035892,0.3407377866400797,0.0832003988035892,0.2528813559322034,0.3425423728813559,0.4728464606181455,17.670781829160397,67844.01604187438,5.055333998005982,New York,Broome County,35448.0,61059.0,64451.50802093719,89082.0792745479,-66863.56772053272
36045,Jefferson,NY,7.1,11.3,13.7,6.6,14.8,9.7,23.8,14.8,14.4,17.0,13.5,31.8,25.5,11.8,38.8,3.5,43.2,16.3,4.6,116229.0,43451.0,6170.0,0.3965791669893056,0.0,0.2348295175902743,0.3243166507498128,0.1947964793640141,0.2038045582427793,0.4080306980185668,0.5437455368281582,13.999429757617788,61467.89386469814,5.308485834000121,New York,Jefferson County,14832.0,64978.0,63222.94693234907,20777.455483213897,-26637.3267351492
20071,Greeley,KS,10.9,9.6,14.2,5.4,13.5,9.3,21.2,12.0,6.3,16.4,11.2,31.0,25.0,11.2,36.9,3.0,31.5,9.2,4.0,1247.0,525.0,26.0,0.0,0.0,0.0,0.0,0.0,0.0,0.0,0.0,8.46877673224979,61842.0,2.0850040096230953,Kansas,Greeley County,127.0,78819.0,70330.5,-79331.05107509517,24899.438402423184
8039,Elbert,CO,8.7,11.1,13.6,4.7,11.0,6.9,23.8,15.7,12.8,13.2,12.8,34.0,15.2,8.7,24.1,2.4,31.0,5.6,3.3,23086.0,8380.0,73.0,0.0,0.0,0.0870657541367062,0.0870657541367062,0.0870657541367062,0.0870657541367062,0.0,0.0870657541367062,4.462112426870536,111488.40145542752,0.3162089578099281,Colorado,Elbert County,1444.0,129477.0,120482.70072771376,-61302.72569620593,14092.24077376655
12109,St. Johns,FL,9.6,9.4,11.9,4.8,10.1,8.2,23.8,15.7,12.8,13.3,12.8,34.0,17.1,9.3,28.7,2.4,31.3,7.4,3.5,190039.0,75338.0,2798.0,0.607570025100111,0.0,0.1010055830645288,0.1172548792616252,0.0722641142081362,0.1091407553186451,0.1414130783681244,0.1672551423655144,8.997819513209972,96402.03457711313,1.4723293639726582,Florida,St. Johns County,19379.0,106169.0,101285.51728855656,77727.0648171172,-63355.86638070826
40107,Okfuskee,OK,14.0,12.6,22.1,10.4,24.8,14.7,28.5,28.6,26.7,27.7,20.3,35.5,37.4,20.6,45.6,5.9,39.7,25.7,8.6,12191.0,4354.0,1228.0,0.2994832253301616,0.0,0.2688868837667131,0.5683701090968748,0.0,0.0,0.0,0.7586744319580018,24.64549190923529,46570.52825855139,10.073004675580348,Oklahoma,Okfuskee County,2802.0,45441.0,46005.764129275696,-71142.42153833302,21576.300355818163
29199,Scotland,MO,11.1,11.0,20.8,8.7,20.1,10.4,20.7,15.5,12.5,22.6,13.1,32.5,31.5,15.4,37.7,4.0,38.5,20.6,5.3,4843.0,1880.0,76.0,0.0,0.0,0.0,0.0,0.0,0.0,0.0,0.4020235391286392,15.846467162299474,62409.02415857939,1.569275242618212,Missouri,Scotland County,329.0,67568.0,64988.51207928969,-75804.61013341015,22805.374721355052
8051,Gunnison,CO,7.6,10.7,12.7,4.6,10.2,7.1,23.8,15.7,12.8,12.7,12.8,34.0,14.7,8.6,24.7,2.4,27.9,13.0,3.3,15324.0,6516.0,850.0,0.3996345601670582,0.0,0.0590576872879143,0.4586922474549726,0.0,0.0,0.0,0.4586922474549726,13.655064224081595,79178.13286348213,5.54685460715218,Colorado,Gunnison County,2115.0,77358.0,78268.06643174106,-66946.53816900932,18824.48147528111
17199,Williamson,IL,7.9,10.6,14.5,6.8,14.9,10.0,24.9,14.5,14.2,18.2,12.1,34.2,22.8,12.0,39.9,3.3,38.5,7.5,4.4,66357.0,27421.0,1870.0,0.5907590759075908,0.0,0.3144958331449583,0.3144958331449583,0.3144958331449583,0.2407281824072818,0.3749717437497174,0.3699232936992329,15.048178785516567,64389.29718040297,2.8180900281809005,Illinois,Williamson County,9213.0,65521.0,64955.14859020148,-22480.96051305569,-7925.12218114339
55135,Waupaca,WI,8.8,11.2,14.5,6.1,15.9,10.0,20.9,12.8,13.6,17.8,10.5,31.1,26.7,12.0,37.8,3.3,34.3,11.8,4.2,52410.0,21387.0,1635.0,0.330719328372448,0.0,0.0951726769700438,0.0951726769700438,0.0951726769700438,0.0,0.2355466514024041,0.0951726769700438,10.624802248673648,71836.6353367678,3.1196336576989125,Wisconsin,Waupaca County,5067.0,71189.0,71512.8176683839,-34770.01523473148,-2199.906971479464
6115,Yuba,CA,11.0,10.4,17.4,6.3,14.5,11.0,28.6,20.3,19.6,23.7,17.0,37.0,26.1,14.6,30.9,4.3,35.6,14.9,6.1,72155.0,24307.0,1171.0,0.5574804240870349,0.0,0.2653315778532326,0.4369343773820248,0.2653315778532326,0.3128126948929388,0.3128126948929388,0.5977548333448826,18.50179060828048,61491.98835839512,1.6228951562608271,California,Yuba County,12501.0,73313.0,67402.49417919756,-16432.13984207381,16109.947898752209
53007,Chelan,WA,12.2,10.6,15.6,5.1,11.7,8.7,23.8,15.7,12.8,17.8,12.8,34.0,19.5,10.8,29.4,3.3,28.9,17.3,4.6,72453.0,27827.0,928.0,0.5571197880004969,0.0,0.2212330752349799,0.4144893931238182,0.1885360164520447,0.1885360164520447,0.384138683008295,0.5027673112224477,11.630976730103129,67309.13985618264,1.2808303313872442,Washington,Chelan County,7085.0,78306.0,72807.56992809131,-13561.122740042134,11162.336737724248
13177,Lee,GA,10.8,10.0,13.7,5.4,12.9,10.7,23.5,14.0,10.6,17.0,12.7,37.2,23.0,11.4,38.6,3.3,36.4,14.2,4.3,28298.0,9706.0,828.0,0.4298183617216764,0.0,0.0,0.0,0.0,0.0,0.2365184818715103,0.0560817018870591,13.976422434191871,77988.90377411831,2.9260018375856953,Georgia,Lee County,2256.0,88024.0,83006.45188705916,-58740.57559771362,12929.460154511864
48321,Matagorda,TX,23.6,10.0,17.7,6.9,15.5,13.9,23.8,15.7,12.8,26.4,12.8,34.0,32.7,16.4,39.5,5.0,41.4,20.0,7.5,36702.0,13894.0,400.0,0.3882349735709225,0.0,0.3723775271102392,0.4781755762628739,0.2824369244182878,0.2635823660835922,0.2635823660835922,0.814751239714457,20.2329213965367,55302.005231322546,1.0898588632772055,Texas,Matagorda County,7816.0,55174.0,55238.00261566127,-45116.482486601344,22093.966355643774
39169,Wayne,OH,8.8,11.1,15.4,7.4,17.1,10.8,21.7,13.8,11.1,18.7,11.1,35.9,26.1,12.0,38.0,3.3,34.2,12.9,4.3,114520.0,42638.0,3231.0,0.4389888229130282,0.0109151239958085,0.0604610548375829,0.0952672022354173,0.0604610548375829,0.0790167656304575,0.3591250436604959,0.1518162766329025,12.433325944914456,66392.71003318198,2.821341250436605,Ohio,Wayne County,9807.0,71769.0,69080.855016591,20879.714206769597,-34077.65831037372
37013,Beaufort,NC,11.8,11.4,17.5,7.5,16.8,11.4,23.8,19.3,16.7,20.7,15.4,34.9,26.0,14.5,37.0,4.4,35.4,17.6,5.9,47759.0,19941.0,503.0,0.2953370045436462,0.0,0.2451265730019473,0.2451265730019473,0.1938901568290793,0.1938901568290793,0.3059318662451056,0.3718252057203878,19.495577002275116,59051.375175359615,1.0532046315877637,North Carolina,Beaufort County,7931.0,57997.0,58524.18758767981,-42141.49775528707,8397.94719074183
31157,Scotts Bluff,NE,12.6,9.3,13.9,6.1,14.6,10.5,21.3,16.5,11.2,18.4,12.3,32.2,27.8,12.7,39.6,3.5,33.9,11.8,5.1,36970.0,14928.0,847.0,0.6447660265079794,0.0,0.0,0.2007303218826075,0.0,0.0810386800108195,0.0810386800108195,0.2909115499053286,13.574711916328114,62393.068460914255,2.291046794698404,Nebraska,Scotts Bluff County,4881.0,60960.0,61676.53423045712,-45543.397439948785,14038.205463986336
51630,Fredericksburg,VA,9.0,11.1,15.0,5.7,12.8,11.6,21.6,14.4,12.3,18.3,12.7,33.4,24.2,13.0,41.5,3.5,40.5,14.0,4.8,24286.0,9505.0,2596.0,1.0,0.1089928353784073,0.3700897636498394,0.7667380383760191,0.3700897636498394,0.343901836448983,0.343901836448983,0.8757308737544264,17.608009320287042,87041.01494688298,10.6892860083999,Virginia,Fredericksburg city,4281.0,85368.0,86204.50747344148,-62833.02990303532,18437.723297295048
55095,Polk,WI,7.8,10.9,13.9,5.6,14.5,9.2,19.8,11.4,11.6,15.9,9.6,31.8,24.8,11.2,35.2,3.0,30.5,11.4,3.9,44205.0,18004.0,461.0,0.1078158579346227,0.0,0.0,0.0,0.0,0.0,0.24972288202692,0.0841986200656034,9.78644390120679,68996.15891867435,1.0428684537948196,Wisconsin,Polk County,3708.0,76208.0,72602.07945933717,-41725.20011689298,2050.823070091981
37155,Robeson,NC,16.7,13.3,21.8,10.3,23.1,16.4,26.4,31.2,30.9,30.6,23.0,33.9,34.9,20.7,48.1,6.9,40.1,31.1,10.5,134168.0,47997.0,4105.0,0.3173260389958857,0.0,0.2043557331107268,0.2807823027845686,0.2043557331107268,0.5639720350605212,0.5639720350605212,0.9231784031959932,28.843269718175005,42047.02891896726,3.05959692326039,North Carolina,Robeson County,32642.0,40318.0,41182.51445948363,311.31140320314444,12258.54516043759
37053,Currituck,NC,8.6,10.4,14.3,5.5,12.9,8.6,21.2,10.7,7.9,15.1,9.5,31.7,20.4,10.6,33.6,2.8,31.3,9.9,3.8,23547.0,8880.0,135.0,0.0,0.0,0.0,0.0,0.0,0.0,0.0,0.2110672272476323,10.03204243236306,76448.0238671593,0.5733214422219391,North Carolina,Currituck County,2248.0,91548.0,83998.01193357965,-60445.34171276829,14022.951680890053
8011,Bent,CO,22.3,10.8,20.8,8.9,20.5,13.1,23.8,15.7,12.8,27.8,12.8,34.0,28.9,17.0,34.0,6.0,35.8,23.1,8.8,6499.0,1832.0,2208.0,0.0,0.0,1.0,1.0,0.0,1.0,1.0,1.0,22.885821831869496,42883.0,33.9744576088629,Colorado,Bent County,1348.0,49194.0,46038.5,-74627.60057401437,24052.40685542779
13051,Chatham,GA,12.5,10.3,14.3,5.8,13.7,12.1,23.5,18.1,14.6,18.6,15.8,37.3,24.8,12.7,33.4,4.0,42.6,12.7,5.4,265128.0,103038.0,12891.0,0.8921539784556893,7.543526145861621e-06,0.1643055429830119,0.3867377266829607,0.1643055429830119,0.2307451495126882,0.2984105790410669,0.435891343049395,16.83664570482357,66756.05719124347,4.8621797773151085,Georgia,Chatham County,41100.0,69575.0,68165.52859562173,100627.06126035427,-56091.28365524318
13317,Wilkes,GA,16.2,11.0,18.1,7.8,18.6,14.4,27.7,25.1,22.0,25.3,20.3,39.9,32.9,16.4,40.9,5.3,41.2,22.0,7.1,10593.0,4263.0,344.0,0.0,0.0,0.1699235344095157,0.1699235344095157,0.0,0.4712546020957236,0.4712546020957236,0.6411781365052394,24.17321516665608,48485.17728688757,3.247427546492967,Georgia,Wilkes County,1603.0,52542.0,50513.588643443785,-72745.37826447893,21915.79093148169
26161,Washtenaw,MI,5.4,10.7,12.2,5.3,10.8,8.6,19.4,11.5,10.2,13.5,9.6,30.7,16.5,9.2,29.0,2.7,28.7,7.8,3.7,344791.0,137193.0,17812.0,0.7878279885495851,0.0336870741985724,0.1530376372933168,0.3470769248617278,0.1530376372933168,0.1780266886316638,0.2257396509769686,0.3600151976124667,15.706421357526512,99302.93183116728,5.166028115583063,Michigan,Washtenaw County,48323.0,87156.0,93229.46591558364,176174.75990935878,-107070.49013148327
18079,Jennings,IN,9.4,11.6,17.3,8.5,19.7,11.9,23.8,15.7,9.5,21.8,12.3,34.4,26.8,14.0,40.8,3.7,38.6,23.1,4.9,28525.0,10680.0,298.0,0.2572830850131463,0.0,0.2572830850131463,0.2572830850131463,0.2572830850131463,0.1641367221735319,0.4017528483786152,0.2572830850131463,14.772511123848249,59916.77398773006,1.044697633654689,Indiana,Jennings County,3339.0,68476.0,64196.38699386503,-54690.5032735788,10639.933278830686
9120,Greater Bridgeport,CT,15.0,10.5,13.0,4.9,11.1,9.2,28.3,20.9,16.5,17.7,17.6,36.3,27.3,10.5,28.4,3.9,37.6,10.7,5.7,25241.0,9775.0,583.0,0.3458284459307694,0.0,0.1345236931205181,0.213471534089182,0.0511226162291542,0.1011854426282319,0.2076341948310139,0.409791766014942,14.641471788424182,62500.0,1.8142722752318237,,,42096.0,87135.0,63238.92615563523,-59777.46225547743,14787.486097033085
38049,McHenry,ND,8.1,10.2,13.7,5.9,15.5,8.9,21.5,11.5,7.3,16.6,9.8,30.5,24.2,11.0,41.7,3.1,33.1,15.3,4.1,5395.0,2377.0,48.0,0.0,0.0,0.0,0.0,0.0,0.0,0.0,0.0,8.700681415544924,85924.92307692308,0.8897126969416128,North Dakota,McHenry County,511.0,80614.0,83269.46153846153,-75783.90536937266,22476.506210702886
20007,Barber,KS,9.3,10.4,16.3,7.0,17.1,10.0,20.9,13.8,8.7,18.5,12.1,29.9,27.1,13.1,38.6,3.5,34.6,15.6,4.6,4861.0,2139.0,40.0,0.0,0.0,0.0,0.0,0.0,0.0,0.0,0.0,15.588217983528784,61876.35342522115,0.8228759514503189,Kansas,Barber County,716.0,57615.0,59745.67671261057,-76029.92445403944,22915.390894518503
26037,Clinton,MI,6.1,11.3,13.8,6.1,13.0,8.6,22.5,11.8,10.2,15.3,9.9,32.9,20.6,10.5,35.0,2.8,30.0,9.4,3.7,75382.0,28766.0,680.0,0.4779124990050675,0.0,0.0656390119657212,0.0656390119657212,0.0656390119657212,0.0215834018731262,0.0215834018731262,0.0656390119657212,10.452783356347435,83185.85068053381,0.902072112705951,Michigan,Clinton County,7344.0,85928.0,84556.9253402669,-17189.34756635317,-11438.071322020336
29169,Pulaski,MO,10.3,10.2,17.8,7.0,16.8,10.9,21.0,15.1,11.5,20.6,13.8,31.6,29.1,14.2,38.4,3.7,42.6,17.4,5.0,52274.0,16004.0,9989.0,0.7361977273596817,0.1577265944829169,0.1858859088648276,0.1858859088648276,0.1858859088648276,0.08698396908597,0.4534759153690171,0.3396143398247694,13.288563247554585,61895.5446302177,19.10892604353981,Missouri,Pulaski County,5608.0,66435.0,64165.27231510885,-38820.604401914105,6655.361171694029
55005,Barron,WI,8.6,11.1,14.9,6.3,16.0,9.8,21.3,13.5,14.5,17.9,10.8,32.2,27.3,11.9,38.3,3.4,33.8,15.0,4.4,45870.0,19173.0,681.0,0.3487246566383257,0.0,0.0,0.0,0.0,0.0,0.227250926531502,0.119141050795727,12.010118759280273,62690.69808153477,1.4846304774362329,Wisconsin,Barron County,4566.0,64619.0,63654.84904076738,-39448.83598997475,1587.0868378669657
1031,Coffee,AL,11.7,10.2,17.7,7.5,16.7,12.7,26.0,20.3,14.6,22.8,14.9,36.9,28.8,15.5,40.8,4.3,41.3,16.7,5.9,49948.0,19849.0,600.0,0.526107151437495,0.0,0.1244694482261552,0.1244694482261552,0.0832866180828061,0.1745415231841114,0.4305677905021222,0.3299231200448466,15.492284133831498,64462.58174501482,1.201249299271242,Alabama,Coffee County,9409.0,64672.0,64567.29087250741,-40353.79722438484,6428.395139900804
46117,Stanley,SD,7.5,10.0,12.9,4.9,13.9,8.5,23.8,15.7,12.8,13.7,12.8,34.0,20.0,9.4,35.2,2.5,30.4,11.7,3.4,2966.0,1228.0,0.0,0.0,0.0,0.0,0.0,0.0,0.0,0.0,0.0,4.729956390473,80278.0,0.0,South Dakota,Stanley County,62.0,77000.0,78639.0,-78122.63288132846,23915.18844053096
18045,Fountain,IN,9.0,11.7,17.0,8.2,18.9,11.2,24.1,15.1,9.0,21.2,11.7,34.3,26.4,13.5,42.4,3.6,37.4,19.1,4.7,17240.0,6935.0,172.0,0.1312064965197215,0.0,0.0,0.1312064965197215,0.0,0.0,0.0,0.3354988399071926,11.757212942046896,61957.92418793504,0.9976798143851509,Indiana,Fountain County,2032.0,62526.0,62241.96209396752,-64917.60542304424,16349.811875351836
29111,Lewis,MO,10.3,11.1,20.5,8.7,20.6,10.9,20.9,16.6,13.8,22.8,13.9,32.8,31.8,15.6,38.2,4.1,41.1,18.4,5.5,10211.0,3874.0,782.0,0.0,0.0,0.0,0.0,0.0,0.0,0.0,0.0,15.579387799786788,58429.8748408579,7.658407599647439,Missouri,Lewis County,1400.0,52340.0,55384.93742042895,-71523.10639040417,20132.302038568825
49003,Box Elder,UT,10.4,11.1,16.2,5.4,9.9,8.9,20.4,12.7,7.0,16.5,10.1,32.0,19.4,11.2,32.7,3.1,37.9,9.8,4.3,49975.0,16058.0,339.0,0.5685842921460731,0.0,0.1638019009504752,0.3792296148074037,0.1638019009504752,0.1638019009504752,0.1638019009504752,0.3792296148074037,9.106761037297904,67511.01676838419,0.6783391695847923,Utah,Box Elder County,5111.0,77865.0,72688.0083841921,-34422.79686930105,3827.3695332262832
20183,Smith,KS,8.5,10.1,15.2,6.2,15.9,9.2,20.9,11.5,6.8,16.3,10.5,30.4,26.4,11.6,39.6,3.1,35.8,13.2,3.9,3853.0,1748.0,56.0,0.0,0.0,0.0,0.0,0.0,0.0,0.0,0.4676875162211264,12.802766364791646,55782.05502206073,1.4534129249935115,Kansas,Smith County,275.0,57024.0,56403.02751103036,-76985.90761332912,23362.399320963887
48453,Travis,TX,13.6,9.1,11.9,4.2,9.3,9.5,23.8,15.7,12.8,16.1,12.8,34.0,20.3,10.3,30.1,2.8,31.8,9.0,4.1,1024266.0,404467.0,23046.0,0.8999400546342454,0.0112617230289788,0.1318261076712494,0.3539041616142682,0.1318261076712494,0.1277207287950591,0.1957089271732147,0.42520692866892,14.162674920930936,96559.31172761763,2.250001464463333,Texas,Travis County,140926.0,97169.0,96864.15586380882,825336.4180616245,-76154.28274120897
48307,McCulloch,TX,20.0,10.1,17.3,6.9,15.7,11.9,23.8,15.7,12.8,23.5,12.8,34.0,30.1,14.8,36.7,4.2,39.6,15.4,6.1,8283.0,3338.0,109.0,0.6611131232645177,0.0,0.6611131232645177,0.6611131232645177,0.6611131232645177,0.6611131232645177,0.6611131232645177,0.6611131232645177,16.356902252948945,50545.45551128818,1.315948327900519,Texas,McCulloch County,1082.0,51919.0,51232.22775564409,-72238.19203353557,23623.975363821173
48091,Comal,TX,13.6,9.4,12.6,4.6,10.4,9.2,23.8,15.7,12.8,16.1,12.8,34.0,20.8,10.1,34.5,2.7,35.7,13.8,3.9,108472.0,41363.0,1060.0,0.3875562357105981,0.0,0.1246035843351279,0.1246035843351279,0.1246035843351279,0.0,0.1148130393096836,0.156187771959584,8.377628390990061,90481.4901449222,0.9772107087543328,Texas,Comal County,11144.0,99015.0,94748.2450724611,21453.367602501326,-7577.814466338201
12085,Martin,FL,13.5,9.4,13.9,5.8,12.3,9.4,23.8,15.7,12.8,16.7,12.8,34.0,20.7,11.0,27.9,3.1,33.9,7.7,4.4,146318.0,63899.0,3933.0,0.8619171940567805,0.0,0.1455254992550472,0.1599871512732541,0.1455254992550472,0.100910345958802,0.2622097076231222,0.1599871512732541,10.76589741188162,78057.1991415957,2.6879809729493296,Florida,Martin County,17817.0,80701.0,79379.09957079784,47101.742370633845,-33171.923986819646
38093,Stutsman,ND,8.3,10.4,13.9,6.1,16.1,9.0,21.1,12.2,8.1,17.3,10.2,30.1,23.5,11.5,40.3,3.3,31.1,13.2,4.3,21100.0,8931.0,1733.0,0.4615165876777251,0.0,0.0,0.1927014218009478,0.0,0.0,0.2688151658767772,0.1927014218009478,11.803782135532678,76530.63146919431,8.213270142180093,North Dakota,Stutsman County,2469.0,60172.0,68351.31573459716,-62525.50016970657,14373.08853773556
5141,Van Buren,AR,12.4,10.6,21.4,9.4,20.0,11.5,26.2,20.4,13.8,25.5,15.2,35.3,33.8,16.8,39.5,4.7,41.4,20.3,6.4,17295.0,7433.0,189.0,0.0,0.0,0.4294882914137033,0.4294882914137033,0.0,0.2241110147441457,0.2241110147441457,0.5342584562012143,18.895158221709075,46965.58751084128,1.0928013876843017,Arkansas,Van Buren County,3069.0,47266.0,47115.79375542064,-64119.08728860663,16740.97052443047
20191,Sumner,KS,9.4,10.2,16.0,6.8,17.2,9.9,21.3,13.5,8.4,18.0,11.8,31.2,25.7,12.8,39.8,3.5,38.4,15.7,4.5,24132.0,9454.0,409.0,0.3595226255594231,0.0,0.0,0.0,0.0,0.0,0.1812116691529919,0.0,12.519520991707378,71606.51989060169,1.6948450190618267,Kansas,Sumner County,2351.0,60348.0,65977.25994530084,-59207.435144414136,13641.89182592688
38081,Sargent,ND,7.9,9.9,13.2,5.4,14.4,9.0,22.8,10.9,6.5,16.0,9.5,30.3,22.6,10.1,41.3,2.9,35.4,10.3,3.8,3829.0,1675.0,37.0,0.0,0.0,0.0,0.0,0.0,0.0,0.0,0.0,3.8592222114221575,85400.61582658658,0.966309741446853,North Dakota,Sargent County,297.0,77697.0,81548.80791329329,-77279.38006282455,23287.49111632726
26163,Wayne,MI,8.3,12.4,16.0,8.1,17.2,12.5,27.3,24.2,23.8,23.3,19.3,33.7,28.8,14.9,37.3,4.7,42.1,10.0,6.2,1820584.0,702749.0,23849.0,0.991300593655662,0.0017060459720617,0.0848145430257543,0.4440646517820655,0.0848145430257543,0.2476661335044139,0.2917882393781336,0.5921984374244748,23.4949372708499,61373.84357711591,1.3099642751996063,Michigan,Wayne County,353134.0,59521.0,60447.42178855796,1213021.7980977925,-529384.4272139495
35047,San Miguel,NM,21.2,9.1,16.6,5.0,12.3,13.3,25.7,26.1,20.3,26.2,21.5,35.4,29.8,14.9,38.0,4.9,37.4,12.8,8.1,29393.0,11978.0,1310.0,0.5476133773347396,0.0,0.5407409927533766,0.7807301058075052,0.5407409927533766,0.5407409927533766,0.307624264280611,0.7807301058075052,28.37843992582197,42825.82679549552,4.456843466131392,New Mexico,San Miguel County,5689.0,47400.0,45112.91339774776,-47039.69993446647,33592.56378624048
31155,Saunders,NE,7.7,9.0,11.6,5.0,12.9,8.4,19.8,9.8,6.6,13.1,8.1,29.0,22.1,9.3,38.9,2.5,29.4,9.4,3.4,20780.0,8040.0,335.0,0.3784408084696823,0.0,0.0,0.0,0.0,0.0,0.0,0.0,8.457916088510713,81319.59489894129,1.6121270452358036,Nebraska,Saunders County,1442.0,89395.0,85357.29744947064,-62677.865482437745,14325.721012113516
26017,Bay,MI,7.7,11.6,16.0,7.5,16.2,9.9,22.8,15.3,14.4,18.3,12.0,33.0,24.6,12.1,37.9,3.4,33.2,14.0,4.5,107771.0,44603.0,1438.0,0.5463900307132716,0.0,0.1309350381828135,0.3605237030369951,0.1309350381828135,0.2124690315576546,0.4268588024607733,0.406315242504941,16.08411224891799,60745.81154484973,1.3343107143851314,Michigan,Bay County,14358.0,60523.0,60634.40577242486,15368.862500259725,-26822.289481727228
6001,Alameda,CA,7.2,8.8,12.3,3.8,9.2,10.1,28.3,14.2,11.6,17.5,11.9,38.5,20.1,10.4,22.5,2.8,35.1,5.8,4.2,1510271.0,545138.0,37442.0,0.9827885194114168,0.0008044913793617,0.0263853308445967,0.2354815791338111,0.0263853308445967,0.093729535957454,0.1314790524349603,0.4073871510477259,10.868045242352682,113207.71794863306,2.479157714079129,California,Alameda County,149752.0,126240.0,119723.85897431654,910701.0146419434,5650.4795925051185
17045,Edgar,IL,8.6,10.8,15.7,7.6,17.0,10.2,24.8,15.7,16.1,19.6,12.7,34.4,24.5,13.0,37.5,3.7,38.7,14.3,4.8,18576.0,7839.0,283.0,0.5293927648578811,0.0,0.5293927648578811,0.5293927648578811,0.5293927648578811,0.5293927648578811,0.5293927648578811,0.5293927648578811,12.367349297536451,60237.932332041346,1.5234711455641687,Illinois,Edgar County,1927.0,56909.0,58573.46616602068,-64073.57325173395,15262.672399919318
31035,Clay,NE,10.1,9.3,13.0,5.7,15.2,9.3,20.6,12.6,9.0,15.8,10.1,30.2,25.9,10.8,40.1,3.0,31.3,10.9,4.1,6542.0,2649.0,96.0,0.0,0.0,0.0,0.0,0.0,0.0,0.0,0.0,11.404569436368964,68998.80036686029,1.467441149495567,Nebraska,Clay County,486.0,75938.0,72468.40018343015,-74563.46738287322,22469.548501894566
26125,Oakland,MI,5.5,10.6,11.6,5.0,10.9,8.5,21.9,11.4,9.1,13.8,9.5,32.0,18.2,8.8,30.9,2.5,32.1,7.0,3.4,1202362.0,483698.0,12496.0,0.9392504087787206,0.0018297318112182,0.0253018641640371,0.1211556918798165,0.0253018641640371,0.0546798717857018,0.1277144487267561,0.1313215154836896,8.728667848630698,101487.42164090349,1.0392876687719672,Michigan,Oakland County,96989.0,95296.0,98391.71082045174,812498.1129233872,-482099.27794739517
39157,Tuscarawas,OH,9.5,11.3,15.7,8.0,18.0,11.0,22.5,15.2,12.8,19.0,12.3,36.4,28.3,12.4,43.4,3.6,41.6,17.6,4.7,92582.0,36965.0,1250.0,0.3379706638439437,0.0,0.0391004730941219,0.1355123026074182,0.0391004730941219,0.1355123026074182,0.4256334924715387,0.303503920848545,13.267075288518685,62988.15951264825,1.3501544576699571,Ohio,Tuscarawas County,11848.0,64494.0,63741.07975632412,2711.9136720708484,-22751.41793799154
45063,Lexington,SC,11.1,9.3,14.0,5.9,13.0,10.5,22.2,15.3,8.6,17.8,12.5,30.4,24.9,12.0,35.9,3.4,35.0,10.5,4.6,262391.0,102733.0,2320.0,0.6969065249951408,0.0,0.1010400509163805,0.1634278614739072,0.1010400509163805,0.1296538372124044,0.1721629171732262,0.3263679013380794,13.133934751815191,72398.14149494456,0.8841766676448506,South Carolina,Lexington County,34010.0,75014.0,73706.07074747229,133216.0377495697,-82323.66629756379
17035,Cumberland,IL,7.5,10.5,14.2,6.5,14.8,9.2,24.5,12.7,12.0,16.9,10.9,34.6,21.6,11.3,38.5,3.0,36.3,11.3,4.0,11048.0,4377.0,117.0,0.0,0.0,0.0,0.0,0.0,0.0,0.0,0.2887400434467776,14.004066841069603,67592.40314989138,1.059015206372194,Illinois,Cumberland County,1013.0,69826.0,68709.20157494569,-70715.72749345528,19378.79920772591
30067,Park,MT,8.7,10.9,14.4,5.9,13.7,7.9,20.4,10.9,8.0,16.3,9.2,29.3,20.4,10.7,30.0,3.1,30.2,12.4,4.0,15636.0,7310.0,108.0,0.528140189306728,0.0,0.2052954719877206,0.2052954719877206,0.2052954719877206,0.0,0.3228447173190074,0.2052954719877206,12.52415338380256,71182.14018930672,0.6907137375287797,Montana,Park County,2266.0,66607.0,68894.57009465336,-66911.25975304582,17276.88289769572
29205,Shelby,MO,10.6,11.0,21.4,9.4,21.4,11.5,20.7,17.7,15.9,23.8,14.5,32.8,32.7,16.5,40.6,4.5,38.8,22.9,6.0,6373.0,2581.0,198.0,0.0,0.0,0.0,0.0,0.0,0.0,0.0,0.0,15.193710285664432,58273.469794445315,3.1068570531931585,Missouri,Shelby County,902.0,52127.0,55200.23489722266,-74546.7142761024,21989.53137359978
13025,Brantley,GA,15.1,10.7,18.9,8.7,19.9,11.9,24.0,19.3,16.5,23.5,14.9,38.7,31.1,15.3,38.7,4.6,37.6,20.8,6.1,18411.0,6885.0,66.0,0.0,0.0,0.2908587257617728,0.2908587257617728,0.0,0.3710825050241703,0.3710825050241703,1.0,24.03209525487389,47581.61723969366,0.3584813426755744,Georgia,Brantley County,3054.0,47801.0,47691.30861984683,-62434.21433609282,16392.3933920056
20209,Wyandotte,KS,17.6,10.0,17.2,7.0,17.7,13.9,27.2,22.9,14.3,24.9,19.1,34.0,34.6,15.4,40.7,4.9,37.4,18.3,6.9,157505.0,58399.0,1335.0,0.8981683121170756,0.0004063363067839,0.3678549887305165,0.6672105647439763,0.3678549887305165,0.1777848322275483,0.1777848322275483,0.7707564839211454,20.296450472969493,54807.8853052284,0.8475921399320656,Kansas,Wyandotte County,28943.0,60582.0,57694.942652614205,54159.85097025585,11293.27773839807
20089,Jewell,KS,9.9,10.5,17.2,7.7,18.7,10.7,21.6,15.1,9.9,20.2,12.6,31.6,28.9,13.9,39.8,3.9,36.1,16.4,4.9,3077.0,1450.0,27.0,0.0,0.0,0.3561910952226194,0.3561910952226194,0.0,0.0,0.0,1.0,15.94340672600812,52451.30874228144,0.8774780630484238,Kansas,Jewell County,369.0,52344.0,52397.65437114072,-77614.90372285324,23783.05072566561
12099,Palm Beach,FL,15.4,9.4,13.7,5.4,11.8,10.6,23.8,15.7,12.8,17.8,12.8,34.0,23.6,11.5,27.3,3.4,37.6,12.7,5.1,1320134.0,544227.0,19972.0,0.9740995989801036,0.0021937166984563,0.04276005314612,0.2217358237875852,0.04276005314612,0.1026645779898101,0.1788825982816896,0.2610947070524659,12.77867890581342,80210.35446780402,1.5128767231205318,Florida,Palm Beach County,164211.0,81115.0,80662.67723390201,1044143.3110107637,-352045.77125770866
47035,Cumberland,TN,12.5,11.2,20.0,8.9,20.7,11.7,23.8,15.7,12.8,23.5,12.8,34.0,26.3,15.0,39.8,4.0,37.7,16.9,5.5,56053.0,23791.0,636.0,0.3724867536081922,0.0,0.3405348509446417,0.3405348509446417,0.18041853246035,0.1873762332078568,0.3580361443633704,0.4451144452571673,15.582261516742928,50695.190694521254,1.1346404295934205,Tennessee,Cumberland County,8307.0,58475.0,54585.09534726063,-28193.352024683554,-3514.1135321032198
44009,Washington,RI,5.3,10.9,12.1,5.1,10.4,7.1,18.7,9.3,8.5,12.2,8.7,29.8,16.8,8.1,28.0,2.4,32.3,12.2,3.2,126979.0,49177.0,6524.0,0.6103528929980548,0.0447081800927712,0.1559785476338607,0.1559785476338607,0.1559785476338607,0.0434638798541491,0.2034194630608211,0.1559785476338607,10.888467361125196,102210.9600918262,5.13785744099418,Rhode Island,Washington County,9901.0,102478.0,102344.48004591312,21956.47647296729,-39325.640935445044
16081,Teton,ID,10.0,9.9,13.9,4.8,10.1,8.0,18.5,10.5,6.7,14.4,9.3,27.4,18.5,10.8,30.8,2.8,30.2,6.8,3.9,10170.0,3651.0,7.0,0.0,0.0,0.0,0.0,0.0,0.0,0.0,0.0,6.13646633529146,76013.0,0.0688298918387413,Idaho,Teton County,1136.0,90740.0,83376.5,-71355.01729338,22238.31958373325
37131,Northampton,NC,12.8,12.3,18.7,8.0,18.4,14.2,28.4,26.7,24.9,24.9,21.2,36.5,30.2,17.3,43.1,5.6,40.1,23.3,7.5,22099.0,9193.0,752.0,0.0,0.0,0.0,0.0,0.0,0.9321236255034164,0.9321236255034164,0.9321236255034164,21.95038745835215,43022.741300511334,3.402868908095389,North Carolina,Northampton County,3311.0,47935.0,45478.87065025567,-66722.80576932352,18616.87867655034
18055,Greene,IN,9.2,11.6,17.6,8.6,19.8,11.6,24.0,15.9,9.8,22.2,11.9,33.7,26.6,14.0,40.4,3.8,35.9,22.3,5.0,33165.0,13487.0,281.0,0.2624151967435549,0.0,0.091180461329715,0.1580280416101311,0.091180461329715,0.0,0.0,0.2496306347052615,14.093237436343228,59490.20895522388,0.847278757726519,Indiana,Greene County,4057.0,59753.0,59621.60447761194,-50571.19638026958,7609.210811944278
19071,Fremont,IA,7.1,10.2,14.4,6.1,15.9,9.3,23.6,11.7,9.9,16.9,9.7,33.2,23.4,10.8,40.0,3.0,32.7,12.8,3.8,7441.0,3064.0,135.0,0.0,0.0,0.0,0.0,0.0,0.0,0.0,0.0,9.515533606448312,68806.80688079559,1.8142722752318237,Iowa,Fremont County,489.0,73750.0,71278.40344039779,-73861.64339475878,21506.093480105712
31153,Sarpy,NE,8.0,8.6,10.7,4.4,11.0,8.9,18.2,9.5,6.0,13.1,8.0,28.6,21.2,9.1,35.6,2.4,33.7,7.8,3.3,158840.0,58102.0,1277.0,0.9244711659531604,0.0,0.1438113825232938,0.1612629060690002,0.1438113825232938,0.0583039536640644,0.0583039536640644,0.178210778141526,5.627998446688918,92447.8502895996,0.8039536640644674,Nebraska,Sarpy County,9958.0,101402.0,96924.9251447998,50072.079175780615,-42603.34594817752
17181,Union,IL,9.9,10.8,16.3,8.0,17.6,10.9,25.8,17.9,18.2,21.2,14.1,35.1,26.0,13.8,39.8,4.0,37.0,20.4,5.3,17808.0,7167.0,566.0,0.4035826594788859,0.0,0.2869496855345912,0.4035826594788859,0.2869496855345912,0.2391621743036837,0.2391621743036837,0.6427448337825696,18.74169535124571,59391.16492587601,3.178346810422282,Illinois,Union County,3204.0,56420.0,57905.58246293801,-64210.75600267176,16816.947454543537
46003,Aurora,SD,10.3,10.1,14.6,6.0,15.9,9.8,23.8,15.7,12.8,16.6,12.8,34.0,23.7,11.2,36.7,3.2,30.1,9.9,4.3,2710.0,1102.0,96.0,0.0,0.0,0.0,0.0,0.0,0.0,0.0,0.0,7.3394495412844,69135.0,3.5424354243542435,South Dakota,Aurora County,209.0,74130.0,71632.5,-78102.30742134931,24020.51128546792
5049,Fulton,AR,12.2,10.8,21.9,10.0,21.4,12.4,27.0,21.9,15.5,26.9,15.8,35.1,34.5,18.0,39.7,5.1,41.2,18.4,6.8,12245.0,5196.0,165.0,0.0,0.0,0.5134340547162107,0.5134340547162107,0.0,0.5134340547162107,0.5134340547162107,1.0,23.96305883539963,42392.41102490813,1.347488770926909,Arkansas,Fulton County,1782.0,38941.0,40666.705512454064,-68765.09670711718,19047.09327607782
48147,Fannin,TX,15.9,10.4,17.2,7.3,16.7,11.4,23.8,15.7,12.8,22.1,12.8,34.0,28.0,14.3,39.1,4.1,39.5,12.5,5.6,33915.0,12149.0,3145.0,0.3229249594574672,0.0,0.2170131210378888,0.2170131210378888,0.1329795075925106,0.0,0.0,0.2170131210378888,12.828165858340478,63204.67854931446,9.273182957393484,Texas,Fannin County,4753.0,68377.0,65790.83927465724,-51092.841348777096,11608.7436404826
17063,Grundy,IL,8.6,10.1,13.3,5.7,13.2,9.1,24.6,12.8,11.0,16.4,11.5,33.4,21.7,10.6,36.1,2.9,34.6,10.0,3.9,50063.0,18546.0,254.0,0.5634500529333041,0.0,0.0666759882547989,0.0666759882547989,0.0666759882547989,0.0,0.1093222539600103,0.0666759882547989,8.71835955887338,87071.2790284242,0.5073607254858877,Illinois,Grundy County,3307.0,93060.0,90065.63951421209,-37436.93904836952,2244.613846268454
12027,DeSoto,FL,27.0,10.0,20.6,9.8,20.4,14.7,23.8,15.7,12.8,29.7,12.8,34.0,36.9,19.0,41.8,5.9,41.2,21.8,8.9,34862.0,11445.0,3798.0,0.3987149331650507,0.0,0.3325110435431128,0.3987149331650507,0.3325110435431128,0.1802535712236819,0.1802535712236819,0.8799265676094314,28.69476904844765,41826.89251907521,10.89438356950261,Florida,DeSoto County,7626.0,50868.0,46347.44625953761,-46931.348429164034,22129.670007140456
47023,Chester,TN,12.7,11.5,20.2,8.9,20.6,12.5,23.8,15.7,12.8,23.6,12.8,34.0,28.1,16.0,40.0,4.3,42.6,18.6,5.7,17131.0,6208.0,1262.0,0.3200046698966785,0.0,0.3200046698966785,0.3200046698966785,0.3200046698966785,0.0,0.0,0.3200046698966785,18.833907352135636,52765.75605627226,7.36676201039052,Tennessee,Chester County,2517.0,60543.0,56654.378028136125,-65891.76027237946,17151.148878075648
47057,Grainger,TN,13.6,11.2,20.7,9.3,21.6,12.1,23.8,15.7,12.8,24.5,12.8,34.0,28.8,16.1,40.7,4.2,40.5,22.0,5.7,22657.0,9029.0,151.0,0.0,0.0,0.0,0.0,0.0,0.2796928101690427,0.2796928101690427,0.7929116829235998,18.521992782514264,52332.9607626782,0.666460696473496,Tennessee,Grainger County,3884.0,51351.0,51841.980381339104,-59356.376509995345,13832.542611619734
25021,Norfolk,MA,4.0,10.8,12.5,4.2,9.3,7.7,23.4,9.8,10.9,12.6,9.0,33.9,16.4,8.5,23.4,2.3,33.7,8.9,3.1,670850.0,257914.0,17611.0,0.9874502496832376,0.0,0.0439278527241559,0.0842513229484981,0.0439278527241559,0.0616814489081016,0.3022449131698591,0.1070462845643586,6.421475417319046,132433.47435492286,2.625177014235671,Massachusetts,Norfolk County,46980.0,126497.0,129465.23717746144,417797.262869514,-268968.5555746309
34033,Salem,NJ,11.6,10.1,14.6,5.9,14.8,9.7,25.0,16.6,11.2,18.5,14.4,35.4,26.5,11.5,33.8,3.6,42.0,9.3,4.9,66083.0,25290.0,1257.0,0.5033669778914396,0.0,0.1581193347759635,0.1910476219299971,0.1581193347759635,0.1018870208676966,0.2971717385711908,0.3276031657158422,12.964257240859151,84883.66896176021,1.902153352602031,New Jersey,Salem County,8131.0,78412.0,81647.8344808801,-27588.488343597368,-1808.98292462869
51045,Craig,VA,9.1,10.9,17.1,7.0,16.1,10.2,21.2,12.6,10.6,18.8,10.4,34.2,24.0,12.9,36.2,3.3,37.9,20.6,4.4,5190.0,2183.0,9.0,0.0,0.0,0.0,0.0,0.0,0.0,1.0,0.0,8.53610675039247,82531.0,0.1734104046242774,Virginia,Craig County,652.0,67778.0,75154.5,-75970.15432776435,22537.249989486238
18023,Clinton,IN,12.2,11.0,16.7,7.7,17.8,11.7,24.0,16.9,9.3,21.9,13.4,32.0,27.3,13.5,40.4,3.6,38.3,17.6,5.1,33224.0,12105.0,830.0,0.4589152419937394,0.0,0.0,0.3571213580544184,0.0,0.0,0.1017938839393209,0.3571213580544184,12.644310626073764,63548.225830724776,2.498194076571153,Indiana,Clinton County,2744.0,63690.0,63619.11291536239,-49762.64435955246,12525.324575125425
22089,St. Charles,LA,8.2,9.9,16.9,6.2,14.9,11.3,26.8,17.2,13.2,19.7,14.4,34.2,26.8,13.3,37.2,3.7,39.7,13.6,5.0,52780.0,18557.0,592.0,0.7333649109511179,0.0,0.249545282303903,0.249545282303903,0.249545282303903,0.0,0.210723758999621,0.2789124668435013,11.393278186752024,80684.77197802198,1.121636983705949,Louisiana,St. Charles Parish,5047.0,82172.0,81428.38598901099,-41832.80073662644,4652.276003390914
37079,Greene,NC,17.2,11.2,19.5,8.6,19.7,14.3,28.5,26.7,23.5,26.4,20.6,36.3,31.6,17.4,42.7,5.8,40.9,29.2,7.9,21362.0,7313.0,2320.0,0.0,0.0,0.0,0.0,0.0,0.7537683737477764,0.7537683737477764,1.0,25.993022362576134,50641.33217863496,10.860406328995412,North Carolina,Greene County,3968.0,50904.0,50772.666089317485,-64550.66423640334,21038.847650389554
37017,Bladen,NC,12.8,11.8,18.2,7.8,17.5,12.7,25.2,22.5,20.4,23.2,17.8,35.7,29.1,15.8,41.3,5.0,38.2,20.8,6.8,35190.0,14430.0,511.0,0.1776641091219096,0.0,0.52281898266553,0.52281898266553,0.1776641091219096,1.0,1.0,1.0,26.163679405677904,42504.864222790566,1.4521170787155442,North Carolina,Bladen County,6207.0,44528.0,43516.43211139528,-53355.80426078876,15095.743261712802
47165,Sumner,TN,10.7,10.7,16.6,6.5,15.3,10.5,23.8,15.7,12.8,18.8,12.8,34.0,22.7,12.4,40.2,3.1,37.5,13.1,4.3,160645.0,60975.0,1252.0,0.6320333654953468,0.0,0.1473497463350866,0.159930281054499,0.1473497463350866,0.0,0.0386130909769989,0.2114787263842634,9.794175303952962,78241.44351831678,0.7793582122070404,Tennessee,Sumner County,17768.0,86005.0,82123.22175915839,55122.63644569382,-50103.01465042625
31051,Dixon,NE,12.7,9.2,13.8,6.2,16.0,10.1,22.0,15.2,10.8,17.7,11.6,31.5,29.2,12.0,43.6,3.5,32.8,16.8,4.8,6000.0,2370.0,81.0,0.0,0.0,0.0,0.0,0.0,0.0,0.0,0.0,12.517846552106471,68869.1595,1.35,Nebraska,Dixon County,387.0,69156.0,69012.57975,-75107.49949422578,22823.240782197616
51171,Shenandoah,VA,11.1,11.0,17.6,7.2,16.4,11.0,21.5,15.0,13.0,20.3,12.4,34.0,26.9,13.7,36.3,3.7,38.1,11.7,5.1,41993.0,17076.0,427.0,0.2159407520301002,0.0,0.2159407520301002,0.2159407520301002,0.2159407520301002,0.4170933250779892,0.5295168242326102,0.607625080370538,10.834674155234676,68130.14754840093,1.0168361393565597,Virginia,Shenandoah County,5440.0,64437.0,66283.57377420046,-42926.76463937476,5872.227270364794
48285,Lavaca,TX,16.4,10.3,16.6,6.6,15.1,11.1,23.8,15.7,12.8,21.4,12.8,34.0,27.4,13.7,36.8,3.8,38.1,10.0,5.3,19263.0,7808.0,409.0,0.1455640346778798,0.0,0.1455640346778798,0.1455640346778798,0.1455640346778798,0.0,0.1839796501064216,0.1455640346778798,11.629020498261136,68640.96168821056,2.1232414473342676,Texas,Lavaca County,1892.0,61768.0,65204.48084410528,-63094.07867554183,18416.15637366157
25027,Worcester,MA,5.7,12.1,14.9,5.5,12.5,9.0,24.9,13.7,15.6,16.6,12.0,35.3,23.1,10.6,32.5,3.0,35.3,12.3,4.0,798552.0,303080.0,27045.0,0.8097293601418568,0.0044705917711057,0.100299041264689,0.2730667508189823,0.100299041264689,0.1722217213155812,0.3610034161832917,0.3232726234484416,10.668636341018454,93214.20653382622,3.3867550265981428,Massachusetts,Worcester County,86428.0,93561.0,93387.60326691312,578377.0097102597,-294306.0456530883
13155,Irwin,GA,15.8,10.8,18.2,8.2,18.8,13.5,25.7,22.5,19.7,24.7,17.9,39.5,31.9,16.0,40.4,5.0,39.2,19.1,6.7,9538.0,3495.0,663.0,0.0,0.0,0.0,0.0,0.0,0.7499475781086181,0.7499475781086181,1.0,26.60212884722132,47831.89400293562,6.951142797232124,Georgia,Irwin County,1657.0,53915.0,50873.44700146781,-72569.80592099606,21504.999958242744
31049,Deuel,NE,10.2,9.6,13.4,6.0,15.0,9.7,20.8,13.5,9.8,16.2,10.5,30.8,26.3,11.4,39.8,3.2,31.9,10.8,4.3,1941.0,867.0,22.0,0.0,0.0,1.0,1.0,0.0,0.0,0.0,1.0,10.1621621621622,58850.0,1.1334363730036066,Nebraska,Deuel County,169.0,61438.0,60144.0,-78737.99986997136,24393.465586643077
27055,Houston,MN,7.3,10.2,13.4,4.9,14.2,8.4,20.1,10.4,7.3,15.0,8.9,31.1,23.5,9.8,34.0,2.7,30.6,6.2,3.5,19027.0,7849.0,257.0,0.4728018079571136,0.0,0.1722814947180322,0.1722814947180322,0.1722814947180322,0.0,0.0,0.1722814947180322,7.688063478690328,72847.43832448625,1.3507121458979343,Minnesota,Houston County,1213.0,77087.0,74967.21916224313,-64439.09477389334,14966.174467934272
38011,Bowman,ND,8.3,10.1,13.4,5.6,14.5,8.5,21.7,11.1,6.7,15.9,9.4,30.0,22.2,10.2,36.7,3.0,35.4,12.4,3.9,3151.0,1385.0,82.0,0.0,0.0,0.0,0.0,0.0,0.0,0.0,0.0,7.909405293690218,89949.75626785148,2.602348460806094,North Dakota,Bowman County,272.0,83773.0,86861.37813392574,-77835.4397098315,23680.097673864435
55121,Trempealeau,WI,9.6,10.7,14.5,6.1,16.0,9.8,20.9,13.4,13.9,17.3,11.0,30.0,27.4,12.0,41.1,3.3,35.4,12.9,4.4,28816.0,11524.0,512.0,0.1413103831204886,0.0,0.0,0.0,0.0,0.0,0.1357579122709605,0.0,8.594890198714857,70529.75766935037,1.7767906718489728,Wisconsin,Trempealeau County,2564.0,71295.0,70912.37883467518,-54974.72917139498,11711.013134159764
47135,Perry,TN,14.9,11.5,22.3,10.4,24.0,13.0,23.8,15.7,12.8,27.0,12.8,34.0,31.5,17.8,39.8,4.8,40.0,20.4,6.5,7915.0,3160.0,123.0,0.0,0.0,0.3944409349336703,0.3944409349336703,0.0,0.0,0.0,1.0,30.33214886561321,47456.659886291854,1.554011370814908,Tennessee,Perry County,1483.0,50489.0,48972.82994314593,-72825.50355557438,21402.20292267513
30057,Madison,MT,9.3,10.8,13.9,5.2,12.7,7.3,22.0,10.2,6.8,15.4,9.1,31.1,17.3,9.6,28.6,2.8,30.0,7.8,3.6,7691.0,3560.0,163.0,0.0,0.0,0.0,0.0,0.0,0.0,0.0,0.0,10.85632004097981,62242.631387335845,2.1193602912495124,Montana,Madison County,603.0,67420.0,64831.31569366792,-73640.50002109347,21430.361560982874
25011,Franklin,MA,5.0,12.0,15.4,6.0,13.1,8.1,23.6,12.0,15.2,15.7,11.1,35.6,20.4,10.6,26.1,3.0,34.2,14.1,3.9,71372.0,30462.0,1481.0,0.4359272543854733,0.0,0.1913495488426834,0.2953959535952474,0.1913495488426834,0.0987502101664518,0.2802219357731323,0.5704618057501541,10.513171750756449,75854.96614919016,2.075043434400045,Massachusetts,Franklin County,8508.0,72584.0,74219.48307459507,-19673.33109310887,-10112.641426726816
38079,Rolette,ND,11.2,13.8,19.5,9.0,26.2,16.5,28.7,31.1,22.1,29.4,22.5,33.5,34.3,19.0,50.2,5.8,40.6,26.5,9.4,13937.0,4783.0,122.0,0.0,0.0,0.1311616560235344,0.1311616560235344,0.0,0.7605654014493793,0.7605654014493793,1.0,29.19176246274877,48226.19401592882,0.8753677261964555,North Dakota,Rolette County,2920.0,57355.0,52790.59700796441,-73569.90443504711,24449.0267672324
12035,Flagler,FL,12.7,9.9,14.3,6.0,13.0,9.3,23.8,15.7,12.8,16.5,12.8,34.0,21.7,11.3,30.9,3.1,38.1,7.3,4.5,95696.0,39186.0,684.0,0.7576596722956027,0.0,0.11253343922421,0.11253343922421,0.11253343922421,0.0577140110349439,0.1148010366159505,0.2252340745694699,11.935334747876745,61131.07216602575,0.7147634174887143,Florida,Flagler County,11360.0,72923.0,67027.03608301288,2247.8903338498058,-13277.917614697337
39149,Shelby,OH,8.4,11.0,15.3,7.5,17.4,10.9,21.7,13.8,11.5,18.6,11.4,36.2,28.0,12.2,39.5,3.4,39.6,15.8,4.4,49423.0,18467.0,589.0,0.3877749226068834,0.0,0.0825324241749792,0.0825324241749792,0.0825324241749792,0.0825324241749792,0.1964874653501406,0.0825324241749792,9.359122869633254,73245.91896485443,1.1917528276308602,Ohio,Shelby County,5268.0,72822.0,73033.95948242722,-37966.37296841605,-211.73095102098887
51173,Smyth,VA,10.5,11.5,19.1,8.7,18.8,11.8,21.4,16.8,16.0,22.7,12.8,35.5,28.4,15.5,38.0,4.3,39.6,19.9,5.6,32208.0,13319.0,774.0,0.1214915548931942,0.0,0.1214915548931942,0.1214915548931942,0.1214915548931942,0.8488884749130651,0.8488884749130651,1.0,19.238003772755818,51365.960351465474,2.403129657228018,Virginia,Smyth County,4772.0,46859.0,49112.48017573274,-50922.535842492405,8821.192655788927
48273,Kleberg,TX,28.2,9.1,17.3,5.8,13.9,15.4,23.8,15.7,12.8,28.2,12.8,34.0,35.4,17.0,40.0,5.3,39.5,20.5,8.7,32061.0,11097.0,1974.0,0.8252705779607623,0.0,0.6210660927606749,0.6210660927606749,0.6210660927606749,0.412931599139141,0.6171360843392284,0.6210660927606749,26.89259782839551,52813.973176133,6.157013193599701,Texas,Kleberg County,8329.0,57612.0,55212.9865880665,-43576.462534508515,28557.729012053387
51790,Staunton,VA,8.3,11.2,15.7,6.3,13.9,10.7,20.6,13.1,11.4,17.9,11.2,34.4,23.8,12.7,36.6,3.3,37.2,9.5,4.5,23746.0,10480.0,1185.0,0.7003705887307335,0.0,0.0,0.6559841657542322,0.0,0.0,0.2996294112692664,0.6559841657542322,13.523504982155526,63364.29305988377,4.990314158174009,Virginia,Staunton city,3042.0,62586.0,62975.146529941885,-60941.83598418122,14395.422996909107
31113,Logan,NE,7.8,9.2,11.9,5.1,13.2,8.4,19.9,10.0,6.8,13.5,8.5,29.5,23.7,9.7,36.2,2.6,31.8,4.7,3.5,763.0,325.0,0.0,0.0,0.0,0.0,0.0,0.0,0.0,0.0,0.0,7.858769931662871,74375.0,0.0,Nebraska,Logan County,66.0,71650.0,73012.5,-79740.5046077735,24992.23076604699
36113,Warren,NY,5.7,11.1,12.9,5.7,12.6,8.3,22.6,11.9,10.8,15.5,11.0,31.9,21.5,10.5,30.9,3.0,35.8,14.2,3.8,65707.0,27990.0,738.0,0.6793035749615718,0.0,0.0,0.0680901578218454,0.0,0.1303970657616388,0.5720699468854156,0.2480101054682149,10.308790623772795,77326.14963398116,1.1231680034090736,New York,Warren County,5910.0,78239.0,77782.57481699059,-24269.326726532207,-9333.884608617878
31169,Thayer,NE,9.2,9.5,13.6,6.4,15.8,9.7,20.5,13.3,10.2,16.4,10.2,31.5,26.6,11.4,40.2,3.3,30.9,17.5,4.4,5228.0,2296.0,156.0,0.0,0.0,0.0,0.0,0.0,0.0,0.0,0.0,8.42441459623316,65796.82708492731,2.983932670237184,Nebraska,Thayer County,433.0,63095.0,64445.913542463655,-75879.603088292,22545.502245830165
48289,Leon,TX,16.8,10.5,17.4,7.2,16.5,11.4,23.8,15.7,12.8,22.5,12.8,34.0,28.3,14.5,36.4,4.1,38.9,12.2,5.7,16801.0,6896.0,104.0,0.0,0.0,0.6777572763525981,0.6777572763525981,0.0,0.0,0.3222427236474019,0.6777572763525981,16.59705477612522,60115.48913755134,0.6190107731682638,Texas,Leon County,2301.0,59975.0,60045.24456877567,-65136.328293678605,19258.079056870283
19051,Davis,IA,9.3,10.5,16.4,7.1,18.1,9.7,26.0,14.1,11.8,19.5,11.0,34.8,26.8,12.3,37.8,3.5,33.0,10.7,4.4,8753.0,3201.0,124.0,0.0,0.0,0.0,0.0,0.0,0.0,0.542899577287787,0.0,12.386259802982789,72515.57237518566,1.4166571461213298,Iowa,Davis County,647.0,79505.0,76010.28618759284,-72444.84342388879,20646.021035179852
23017,Oxford,ME,9.6,13.6,18.4,8.2,18.0,10.1,25.5,15.1,20.3,20.1,13.9,34.6,23.3,12.5,34.6,3.7,34.3,16.2,4.8,57833.0,24300.0,849.0,0.1279200456486781,0.0,0.1279200456486781,0.1279200456486781,0.1279200456486781,0.2525028962702955,0.3392008023100997,0.5456573236733353,15.683626877401773,58581.701260525995,1.4680199885878304,Maine,Oxford County,8187.0,57933.0,58257.350630263,-27885.544156150863,-4803.398142040864
8057,Jackson,CO,14.3,11.7,18.4,7.7,16.8,9.8,23.8,15.7,12.8,21.0,12.8,34.0,23.0,13.4,29.5,4.3,32.4,12.8,5.9,1394.0,649.0,2.0,0.0,0.0,0.0,0.0,0.0,0.0,0.0,1.0,15.6589147286822,54922.0,0.1434720229555237,Colorado,Jackson County,258.0,41809.0,48365.5,-79205.34919198824,24811.805566680006
46061,Hanson,SD,8.9,10.4,14.9,6.3,16.6,9.9,23.8,15.7,12.8,16.7,12.8,34.0,23.5,11.4,35.8,3.4,31.1,13.1,4.3,3331.0,1045.0,520.0,0.0,0.0,0.0,0.0,0.0,0.0,0.0,0.0,6.706056129985231,76174.0,15.610927649354547,South Dakota,Hanson County,215.0,86375.0,81274.5,-77525.8113238505,23553.666127486977
19149,Plymouth,IA,7.4,9.8,13.5,5.5,14.9,9.0,24.2,11.1,8.7,15.5,9.5,32.9,23.1,10.0,39.4,2.8,32.8,12.1,3.6,24986.0,9875.0,349.0,0.4023853357880413,0.0,0.0,0.1452013127351316,0.0,0.0,0.2571840230529096,0.1452013127351316,8.931578862827951,78811.04930761227,1.3967821980308972,Iowa,Plymouth County,1712.0,81600.0,80205.52465380613,-58913.603803567414,12424.607964193761
4009,Graham,AZ,16.0,11.2,17.4,7.1,15.5,10.9,28.0,21.2,15.4,22.9,16.4,32.4,25.5,14.5,36.3,4.3,37.6,16.9,6.6,37220.0,11120.0,3751.0,0.438205265986029,0.0849274583557227,0.2133530360021494,0.3049435787211176,0.1284255776464266,0.1284255776464266,0.2613379903277807,0.4244760881246641,21.290575423066898,60299.617195056424,10.07791509940892,Arizona,Graham County,6319.0,67326.0,63812.808597528216,-46953.01942498142,19938.99151907169
30043,Jefferson,MT,8.8,11.0,14.1,5.3,12.7,7.6,21.8,10.1,6.5,15.5,8.6,29.0,19.6,9.9,32.1,2.8,30.9,8.8,3.6,11406.0,4512.0,230.0,0.0,0.0,0.0,0.0,0.0,0.0,0.0,0.0,8.944650631783672,79145.690689111,2.0164825530422585,Montana,Jefferson County,771.0,76576.0,77860.8453445555,-70857.55750153729,19508.94378899946
41049,Morrow,OR,18.3,12.1,19.6,7.7,16.3,12.7,23.8,15.7,12.8,26.7,12.8,34.0,27.3,16.0,39.4,4.9,35.8,27.9,7.2,11173.0,3916.0,23.0,0.0,0.0,0.0,0.0,0.0,0.0,0.0,0.0,15.274012433023252,60230.84587845699,0.2058533965810436,Oregon,Morrow County,1730.0,70217.0,65223.92293922849,-69583.42535259872,23844.01930084656
5119,Pulaski,AR,10.5,10.3,17.0,6.4,13.6,11.5,28.6,19.1,12.3,21.8,16.4,35.5,28.4,15.0,40.6,4.1,39.2,16.6,5.7,382748.0,158772.0,7938.0,0.8414361407505722,0.0,0.2919283706250588,0.3444355032554057,0.2919283706250588,0.2441501980415312,0.4611807246543417,0.3771201939657425,17.590607460457036,68901.3183034268,2.073949439317776,Arkansas,Pulaski County,63472.0,60385.0,64643.1591517134,195519.35538193356,-95968.4191464347
4019,Pima,AZ,13.0,11.0,15.5,5.7,11.3,9.5,26.4,15.7,11.6,19.2,12.8,32.9,21.6,12.2,32.2,3.5,38.8,14.2,5.4,980263.0,388660.0,22266.0,0.8842932967989203,0.0136749015315277,0.1382720759632874,0.4213461081362858,0.1252827047435229,0.2454198516112512,0.2806165284214542,0.4583494429556149,18.239593499611285,65327.514527223815,2.270990429258742,Arizona,Pima County,146560.0,67929.0,66628.25726361191,847111.4114596087,-86791.25010415105
37039,Cherokee,NC,10.2,11.0,17.1,7.5,16.6,10.1,21.7,14.9,12.7,19.0,11.7,32.9,23.9,13.3,34.8,3.8,32.2,13.9,5.1,27444.0,11753.0,436.0,0.0,0.0,0.1432371374435213,0.1432371374435213,0.0,0.0,0.2229995627459554,0.4864815624544527,16.737508930973846,52547.37749599184,1.5886896953796823,North Carolina,Cherokee County,4218.0,51496.0,52021.68874799592,-55469.81419467806,11898.219819750218
30083,Richland,MT,9.6,10.8,14.5,5.5,13.8,7.7,21.6,10.5,7.0,16.2,9.2,29.7,22.3,10.1,37.6,2.9,32.8,12.2,3.8,9746.0,4167.0,34.0,0.6871537040837267,0.0,0.0,0.0,0.0,0.0,0.4031397496408783,0.0,5.302305800446736,79688.33121280525,0.348861071208701,Montana,Richland County,808.0,69578.0,74633.16560640262,-72143.99388074831,20480.89844438234
56021,Laramie,WY,12.2,10.1,14.1,5.9,13.5,9.3,23.8,15.7,12.8,17.5,12.8,34.0,26.8,11.6,33.9,3.1,34.4,12.9,4.2,91738.0,37576.0,1644.0,0.8233774444614009,0.0,0.2063812160718568,0.2063812160718568,0.2063812160718568,0.0472868386055941,0.0472868386055941,0.2063812160718568,9.993414704935498,78608.32103381369,1.7920599969478297,Wyoming,Laramie County,9755.0,77884.0,78246.16051690685,-512.6361772754608,-9954.64026861553
40061,Haskell,OK,12.1,12.4,20.4,8.9,21.3,12.4,27.0,22.7,20.0,24.1,16.7,33.9,34.4,17.9,42.3,4.8,42.2,26.7,6.9,12769.0,5044.0,78.0,0.0,0.0,0.1650873208551961,0.1650873208551961,0.0,0.0,0.0,0.5012921920275668,19.746222927641444,51513.61171587438,0.6108544130315609,Oklahoma,Haskell County,2306.0,49930.0,50721.80585793719,-69814.3350898753,20878.186236964186
38015,Burleigh,ND,6.5,9.9,11.8,4.9,12.1,8.1,19.8,8.9,5.5,13.7,8.0,28.9,17.7,9.5,35.5,2.6,30.9,7.6,3.5,81308.0,33976.0,2763.0,0.7665543365966448,0.0,0.0615683573572096,0.1493456978403109,0.0615683573572096,0.1011831554090618,0.3230309440645447,0.1493456978403109,8.796593899082488,89745.71999065283,3.3981896000393563,North Dakota,Burleigh County,7801.0,84948.0,87346.8599953264,-14539.778086584585,-16324.463291662145
35037,Quay,NM,18.7,10.2,18.6,7.3,16.6,12.7,25.5,26.4,23.7,26.4,20.4,34.3,29.2,15.8,38.2,5.4,36.0,18.3,8.1,9041.0,4072.0,22.0,0.6661873686539099,0.0,0.6661873686539099,0.6661873686539099,0.6661873686539099,0.0,0.0,0.6661873686539099,21.61012904846385,40104.48512332707,0.2433359141687866,New Mexico,Quay County,2138.0,43698.0,41901.24256166353,-70414.36518743227,24216.417015707477
38029,Emmons,ND,8.2,10.5,14.3,6.3,16.0,9.2,22.3,12.4,8.2,17.7,10.1,30.4,23.0,11.2,38.8,3.3,32.5,10.2,4.3,3550.0,1594.0,53.0,0.0,0.0,1.0,1.0,0.0,0.0,0.0,1.0,10.2183141297756,62200.0,1.4929577464788732,North Dakota,Emmons County,268.0,67368.0,64784.0,-77333.58502944889,23432.630910574724
46073,Jerauld,SD,9.6,9.9,14.0,5.7,15.5,9.4,23.8,15.7,12.8,15.9,12.8,34.0,23.0,10.6,35.9,3.0,31.6,11.3,4.1,2071.0,870.0,176.0,0.0,0.0,0.0,0.0,0.0,0.0,0.0,0.0,8.30815709969789,66406.0,8.498309995171414,South Dakota,Jerauld County,188.0,75417.0,70911.5,-78658.35368048064,24321.134980070474
47119,Maury,TN,11.2,10.7,17.0,6.8,16.4,10.8,23.8,15.7,12.8,19.2,12.8,34.0,23.8,13.1,34.8,3.3,40.0,14.4,4.6,80956.0,31663.0,1009.0,0.5164533820840951,0.0,0.273864815455309,0.3301052423538712,0.273864815455309,0.1369015267552744,0.1369015267552744,0.4517392163644448,12.854736855151646,63360.166151983794,1.2463560452591531,Tennessee,Maury County,10294.0,74162.0,68761.08307599189,-12778.755166578441,-9467.985636082867
40035,Craig,OK,12.6,12.5,21.2,9.4,22.8,13.2,27.5,25.0,22.3,25.2,18.2,35.6,34.4,18.8,41.9,5.2,39.9,28.7,7.6,15029.0,5691.0,1050.0,0.4592454587796926,0.0,0.4716880697318517,0.6629183578415064,0.2680151706700379,0.2680151706700379,0.2680151706700379,0.6629183578415064,18.66418430888729,49060.9864262426,6.986492780624126,Oklahoma,Craig County,2599.0,50182.0,49621.4932131213,-69107.53609255354,20645.597679388928
8099,Prowers,CO,19.0,11.2,18.4,6.9,15.6,10.8,23.8,15.7,12.8,22.4,12.8,34.0,25.6,13.9,29.8,4.4,34.4,17.0,6.6,12551.0,4935.0,315.0,0.5931798263086606,0.0,0.6867181897856744,0.6867181897856744,0.5098398533981356,0.113457095052187,0.0,1.0,18.84390888936891,48008.037526890286,2.509760178471835,Colorado,Prowers County,1994.0,57601.0,52804.51876344514,-67713.1766072268,23656.609914194247
18027,Daviess,IN,11.1,11.8,18.5,9.0,20.3,12.0,25.5,18.4,10.9,23.6,13.3,36.6,29.4,15.0,41.7,4.1,36.2,19.5,5.4,31648.0,11329.0,581.0,0.3604651162790697,0.0,0.2317366026289181,0.2317366026289181,0.2317366026289181,0.2317366026289181,0.6420626895854399,0.2317366026289181,12.71806707747854,64079.6524582912,1.8358190091001012,Indiana,Daviess County,3419.0,68561.0,66320.3262291456,-50629.289892842295,10122.432001381949
2063,Chugach,AK,9.2,10.0,13.2,5.4,14.7,8.0,24.1,12.0,7.8,16.5,10.6,32.1,20.2,10.2,30.7,2.9,34.7,9.8,4.1,25241.0,9775.0,583.0,0.3458284459307694,0.0,0.1345236931205181,0.213471534089182,0.0511226162291542,0.1011854426282319,0.2076341948310139,0.409791766014942,14.641471788424182,62500.0,1.8142722752318237,,,326.0,88565.0,63238.92615563523,-59777.46225547743,14787.486097033085
38009,Bottineau,ND,7.3,10.3,12.8,5.5,14.2,8.7,21.2,10.9,6.6,15.4,9.3,29.1,22.2,10.0,38.1,2.9,34.9,6.5,3.8,6429.0,2832.0,270.0,0.0,0.0,0.0,0.0,0.0,0.0,0.0,0.0,10.176626487507257,74835.62202519832,4.199720018665422,North Dakota,Bottineau County,460.0,83460.0,79147.81101259915,-75075.01682240404,22020.81546049929
46121,Todd,SD,17.6,15.1,26.1,14.3,37.9,22.9,23.8,15.7,12.8,39.1,12.8,34.0,42.3,27.2,50.2,10.2,40.2,44.5,16.3,9612.0,2780.0,28.0,0.0,0.0,1.0,1.0,0.0,1.0,1.0,1.0,55.3283899222537,24115.62494798169,0.2913025384935497,South Dakota,Todd County,4478.0,39148.0,31631.812473990845,-75303.39683441569,25610.058900306176
51157,Rappahannock,VA,8.6,10.6,15.5,6.3,14.2,10.1,20.2,12.0,10.1,17.4,10.1,33.8,22.5,12.1,35.2,3.2,37.7,10.4,4.3,7373.0,3072.0,35.0,0.0,0.0,0.0,0.0,0.0,0.0,0.0,0.3651159636511596,8.952478525139451,90088.96812694968,0.4747050047470501,Virginia,Rappahannock County,700.0,98125.0,94106.98406347484,-74385.62872446782,21662.526364565372
54071,Pendleton,WV,9.3,12.2,20.0,8.8,20.5,12.6,24.2,16.9,18.6,23.9,13.7,36.0,30.9,15.2,36.8,3.9,41.8,18.6,5.1,7695.0,3285.0,196.0,0.0,0.0,0.0,0.0,0.0,0.0,0.0,0.0,16.1695626694541,48984.17842755036,2.5471085120207926,West Virginia,Pendleton County,982.0,61738.0,55361.08921377518,-73501.02525866234,21342.19515136352
13187,Lumpkin,GA,12.1,10.0,15.5,6.7,15.4,10.8,21.4,14.1,11.1,19.0,11.8,35.7,25.2,12.4,31.0,3.6,36.7,13.5,4.8,29966.0,10989.0,1782.0,0.0,0.0,0.0,0.0,0.0,0.2273910431822732,0.2273910431822732,0.4765734499098978,17.303482854022633,56064.054228125206,5.94673963825669,Georgia,Lumpkin County,4893.0,72388.0,64226.0271140626,-53162.99454922584,11177.938256172334
48239,Jackson,TX,20.4,10.0,17.2,6.7,15.5,12.1,23.8,15.7,12.8,23.7,12.8,34.0,30.2,14.8,38.1,4.2,40.0,17.2,6.2,14075.0,5284.0,217.0,0.0,0.0,0.2773712255772647,0.2773712255772647,0.0,0.2773712255772647,0.2773712255772647,0.2773712255772647,13.866866003878462,68696.59872113676,1.541740674955595,Texas,Jackson County,2104.0,61752.0,65224.29936056838,-67139.48570101267,22210.002067973877
30101,Toole,MT,13.4,11.0,17.6,7.9,19.4,10.3,25.0,17.3,13.5,22.2,13.0,32.6,25.9,14.1,35.4,4.3,32.1,18.6,5.8,5324.0,2015.0,766.0,0.1162659654395191,0.1162659654395191,0.0,0.0,0.0,0.0,0.6491359879789632,0.0,13.095508736180072,63928.69459053344,14.387678437265214,Montana,Toole County,541.0,53693.0,58810.84729526672,-75920.446894608,22809.233796774446
51169,Scott,VA,10.8,11.5,19.7,8.9,19.4,12.1,21.3,16.8,16.2,22.8,12.8,34.9,28.7,15.8,38.3,4.4,38.3,13.3,5.7,23177.0,9775.0,652.0,0.1741813004271476,0.0,0.3434007852612504,0.3434007852612504,0.1741813004271476,0.5272036933166502,0.5272036933166502,1.0,18.63436953069854,51254.29684601113,2.813133710143677,Virginia,Scott County,3729.0,45136.0,48195.148423005565,-59389.23384247343,13003.583139030223
30069,Petroleum,MT,9.6,10.9,14.9,5.9,14.6,8.2,22.0,11.6,8.2,16.7,9.7,31.4,20.6,10.6,32.9,3.0,32.9,15.5,4.0,494.0,225.0,0.0,0.0,0.0,0.0,0.0,0.0,0.0,0.0,0.0,8.35322195704057,62500.0,0.0,Montana,Petroleum County,26.0,59318.0,60909.0,-80024.9608599868,25124.881343190762
55109,St. Croix,WI,6.4,10.4,12.2,4.7,12.4,8.1,19.1,9.1,9.1,13.9,7.9,29.6,23.1,9.6,35.5,2.5,31.3,8.4,3.2,84345.0,31799.0,850.0,0.2686703420475428,0.0,0.0,0.0,0.0,0.0,0.0645562866797083,0.1530618293911909,4.514974420463577,95934.41965735966,1.007765724109313,Wisconsin,St. Croix County,6188.0,102482.0,99208.20982867984,-11109.439097331051,-18972.81270344424
30021,Dawson,MT,9.5,11.0,14.8,5.8,14.1,8.2,22.0,10.9,7.4,16.5,9.4,31.8,21.1,10.6,33.0,3.0,34.5,11.9,3.9,8966.0,3749.0,498.0,0.8376087441445461,0.0,0.0,0.0,0.0,0.0,0.0,0.0,9.53619259653426,72286.99776935088,5.5543163060450595,Montana,Dawson County,746.0,70953.0,71619.99888467544,-72801.12494153068,20734.862968255682
26117,Montcalm,MI,8.6,11.5,17.1,8.2,18.5,10.6,24.9,17.3,16.3,20.4,13.5,33.5,25.8,13.4,42.2,3.8,37.3,17.7,5.0,63342.0,23432.0,3163.0,0.0878721859114016,0.0,0.0878721859114016,0.0878721859114016,0.0878721859114016,0.5142875185500931,0.5142875185500931,0.7561807331628303,16.488968419607186,55441.84572637428,4.993527201540842,Michigan,Montcalm County,7720.0,64892.0,60166.92286318714,-23287.1342381753,-6012.763492076061
48151,Fisher,TX,16.7,9.9,15.6,5.8,13.8,10.8,23.8,15.7,12.8,20.2,12.8,34.0,26.5,12.9,36.1,3.5,38.4,13.3,5.1,3974.0,1668.0,22.0,0.0,0.0,0.0,0.0,0.0,0.0,0.0,0.550830397584298,16.81570354607118,59643.956970306994,0.5535983895319577,Texas,Fisher County,374.0,64700.0,62171.97848515349,-76674.03681651634,24257.814371350094
48333,Mills,TX,14.6,9.9,15.2,6.0,13.7,9.9,23.8,15.7,12.8,18.9,12.8,34.0,24.3,12.2,33.6,3.3,36.9,19.2,4.6,4936.0,1975.0,151.0,0.0,0.0,0.0,0.0,0.0,0.0,0.0,0.5863047001620746,16.620254143812687,54598.19854132901,3.0591572123176665,Texas,Mills County,332.0,64494.0,59546.099270664505,-75693.89495111692,23644.240008257468
40033,Cotton,OK,12.0,11.9,19.5,8.5,19.6,12.1,25.3,20.8,18.2,22.6,15.4,34.3,33.0,17.0,42.9,4.6,39.6,24.2,6.4,6193.0,2483.0,48.0,0.6126271596964314,0.0,0.0,0.0,0.0,0.0,0.0,0.0,17.360034337267624,58577.08122073309,0.7750686258679154,Oklahoma,Cotton County,1230.0,60313.0,59445.040610366545,-75210.55793561386,22990.29630270035
46005,Beadle,SD,12.7,10.0,15.6,6.8,17.2,11.3,23.8,15.7,12.8,19.8,12.8,34.0,28.5,12.8,35.4,3.9,32.3,20.2,5.5,17398.0,7276.0,620.0,0.7746292677319232,0.0,0.0,0.4511438096332912,0.0,0.0,0.0,0.4511438096332912,17.69490549104384,65618.40056328314,3.5636280032187604,South Dakota,Beadle County,2609.0,63082.0,64350.20028164157,-64991.077586082654,17954.254882301524
39105,Meigs,OH,10.3,11.8,18.9,10.4,22.8,13.5,22.7,19.8,19.2,25.1,14.7,36.4,36.9,16.1,44.0,4.8,41.6,21.5,6.1,23770.0,9557.0,212.0,0.2782078249894825,0.0,0.6575515355490114,0.6575515355490114,0.2782078249894825,0.4183845183003786,0.4183845183003786,0.7977282288599075,22.55861820422399,52994.68687421119,0.8918805216659655,Ohio,Meigs County,4775.0,46701.0,49847.84343710559,-58418.77478107282,12795.633788724464
13033,Burke,GA,15.7,11.4,18.7,8.3,19.2,15.2,28.4,27.0,24.7,26.3,21.7,39.7,33.4,17.7,39.8,5.8,42.4,25.7,7.6,23316.0,8533.0,283.0,0.2227654829301767,0.0,0.5144107050952136,0.5144107050952136,0.2227654829301767,0.4390547263681592,0.4390547263681592,1.0,24.97875201911162,45878.723494595986,1.2137587922456683,Georgia,Burke County,4611.0,50739.0,48308.861747298,-64213.99449939486,17999.77635453356
18117,Orange,IN,9.5,11.6,17.6,8.5,19.6,11.5,23.9,16.2,9.8,21.7,12.4,34.3,26.9,13.9,39.5,3.8,40.4,19.5,5.0,19840.0,7872.0,258.0,0.1606350806451613,0.0,0.0,0.1606350806451613,0.0,0.1503528225806451,0.3280241935483871,0.3109879032258064,16.331285138030005,57033.426814516126,1.3004032258064515,Indiana,Orange County,2575.0,64758.0,60895.71340725807,-62132.66740239524,14988.546182023716
38017,Cass,ND,6.2,9.8,11.6,4.7,12.0,8.5,19.4,9.5,6.0,14.2,8.3,29.2,18.3,9.0,35.1,2.7,31.6,9.7,3.5,149778.0,63899.0,5010.0,0.9070090400459346,0.0,0.0534190602091094,0.3624564355245763,0.0534190602091094,0.0401060235815673,0.2385397054307041,0.3624564355245763,12.001079668044268,83228.01105636342,3.3449505267796336,North Dakota,Cass County,18980.0,75023.0,79125.5055281817,45068.90365168131,-47649.97553287295
45037,Edgefield,SC,15.5,9.8,16.7,7.4,16.4,13.6,26.6,22.8,14.3,22.4,17.3,34.8,27.7,14.8,39.7,4.7,39.1,16.7,6.3,26985.0,9348.0,3045.0,0.2756716694459885,0.0,0.0,0.0,0.0,0.1726885306651843,0.4483602001111729,0.1726885306651843,15.704249963277007,63786.1508986474,11.284046692607005,South Carolina,Edgefield County,4003.0,67092.0,65439.075449323704,-61602.1682280317,16116.597193641886
55119,Taylor,WI,9.1,10.8,15.1,6.5,16.7,9.5,20.6,13.1,14.8,18.6,10.7,32.8,29.7,12.9,44.1,3.5,34.4,13.8,4.5,20689.0,8388.0,231.0,0.1348059355212915,0.0,0.1348059355212915,0.1348059355212915,0.1348059355212915,0.1348059355212915,0.1348059355212915,0.1348059355212915,10.005015867516276,61339.77326115327,1.11653535695297,Wisconsin,Taylor County,1835.0,63142.0,62240.886630576635,-61946.97641848143,14369.70949931548
4001,Apache,AZ,14.6,14.4,21.9,10.4,23.1,15.3,36.3,35.0,29.5,30.9,25.3,35.5,27.8,19.5,36.0,6.7,42.7,29.6,11.3,71518.0,22771.0,941.0,0.0710450515954025,0.0,0.6311837579350653,0.6311837579350653,0.4221594563606365,0.7501328336922174,0.6970133392991974,0.7993931597639755,35.12744081693394,40668.80908302805,1.3157526776475852,Arizona,Apache County,20070.0,40338.0,40503.40454151403,-40802.87627377395,22292.451664278196
28101,Newton,MS,12.2,10.3,19.4,8.3,19.4,13.7,29.6,24.8,15.1,24.9,18.7,36.6,33.4,17.7,41.5,5.2,39.4,24.1,7.1,21720.0,8214.0,600.0,0.1705340699815838,0.0,0.3964548802946593,0.3964548802946593,0.1705340699815838,0.4610036832412523,0.4610036832412523,0.8489410681399632,26.224745119635365,46452.88692449355,2.762430939226519,Mississippi,Newton County,4462.0,50426.0,48439.443462246774,-63694.28151046053,17130.180428894604
48027,Bell,TX,16.1,10.7,16.4,6.0,13.6,13.0,23.8,15.7,12.8,22.5,12.8,34.0,29.8,14.8,43.5,4.2,42.6,14.8,5.9,310235.0,114035.0,8079.0,0.7876351797830676,0.0010282527761213,0.2658952084709978,0.4094122197688848,0.2658952084709978,0.2535142714393927,0.3455026028655696,0.4767901751897755,14.404262286403895,62719.25048108692,2.6041549148226344,Texas,Bell County,53935.0,66051.0,64385.125240543464,174876.68519798084,-28908.51314086532
18089,Lake,IN,11.1,11.5,15.6,7.2,17.2,12.9,27.0,20.4,12.1,22.4,15.3,33.0,26.9,13.8,39.9,4.0,43.4,17.0,5.7,496005.0,188157.0,6349.0,0.931075291579722,0.0,0.2324653985342889,0.4847632584348948,0.2324653985342889,0.2085180592937571,0.2874204897128053,0.523635850445056,16.75081996011853,67290.81059465127,1.2800274190784366,Indiana,Lake County,72010.0,68985.0,68137.90529732563,312953.2579038728,-103657.18503573979
19031,Cedar,IA,6.9,10.1,14.2,5.9,15.4,9.2,24.1,11.2,9.4,16.0,9.4,34.1,23.6,10.5,40.5,2.9,34.6,14.0,3.7,18499.0,7511.0,324.0,0.1869830801664954,0.0,0.0,0.0,0.0,0.0,0.0,0.0,6.436888561269492,82096.18590194064,1.7514460241094114,Iowa,Cedar County,1308.0,79080.0,80588.09295097031,-64834.74032037421,15345.913789667296
51197,Wythe,VA,9.2,11.3,17.8,7.6,17.0,11.0,20.9,14.2,13.1,20.3,11.5,35.7,26.1,14.1,38.4,3.7,34.5,22.7,4.9,29235.0,12472.0,260.0,0.2316743629211561,0.0,0.2316743629211561,0.2316743629211561,0.2316743629211561,0.368838720711476,0.368838720711476,1.0,15.691078190991943,59976.6484693005,0.8893449632290064,Virginia,Wythe County,4354.0,55359.0,57667.82423465025,-54491.3817073513,10155.145646742107
47067,Hancock,TN,17.0,12.3,26.1,14.1,29.9,15.6,23.8,15.7,12.8,33.2,12.8,34.0,36.5,22.3,42.6,6.8,42.7,34.3,9.0,6819.0,2825.0,149.0,0.0,0.0,0.0,0.0,0.0,0.5880627658014371,0.5880627658014371,1.0,25.6990845340124,41645.35445079924,2.1850711247983576,Tennessee,Hancock County,2078.0,31995.0,36820.17722539962,-73917.80114875983,21781.837917373552
48243,Jeff Davis,TX,19.8,10.1,17.1,7.0,14.9,13.1,23.8,15.7,12.8,24.5,12.8,34.0,30.0,15.6,38.0,4.7,39.3,23.2,6.9,2342.0,1034.0,88.0,0.0,0.0,0.0,0.0,0.0,0.0,0.0,0.0,6.5377532228361,66442.0,3.757472245943637,Texas,Jeff Davis County,534.0,32625.0,49533.5,-78174.53620471605,24808.162004868344
30111,Yellowstone,MT,9.2,10.8,15.3,5.6,14.2,8.2,22.6,11.9,7.9,17.4,9.8,32.4,20.0,10.8,34.0,3.0,35.6,11.8,4.0,147972.0,60672.0,3695.0,0.7512029302841078,0.0,0.1293217635768929,0.2166220636336604,0.1293217635768929,0.0635255318573784,0.2577649825642689,0.2166220636336604,10.111288789044508,74200.71406752629,2.49709404481929,Montana,Yellowstone County,16737.0,74400.0,74300.35703376314,46435.611951224666,-42722.3276953805
47017,Carroll,TN,12.6,11.3,20.0,8.8,20.7,12.4,23.8,15.7,12.8,23.7,12.8,34.0,28.8,15.8,43.1,4.2,40.6,18.1,5.7,28522.0,11507.0,974.0,0.1566860668957296,0.0,0.0,0.0,0.0,0.5067316457471426,0.6634177126428722,0.5067316457471426,19.861399581011447,54320.97843769722,3.414907790477526,Tennessee,Carroll County,4508.0,50391.0,52355.98921884861,-55544.5932745703,11869.658530991555
51025,Brunswick,VA,12.7,11.8,18.9,7.9,18.6,15.1,28.4,25.3,24.1,25.8,20.6,38.5,32.3,17.8,43.7,5.4,46.2,23.6,7.2,17434.0,6366.0,2184.0,0.3494895032694734,0.0983709991969714,0.251118504072502,0.251118504072502,0.251118504072502,0.5583916485029253,0.768498336583687,0.6915223127222668,18.77388840200066,57276.229838247105,12.527245612022485,Virginia,Brunswick County,2090.0,52978.0,55127.11491912355,-70034.20124853175,19979.803566645962
5073,Lafayette,AR,15.1,11.6,23.4,10.3,22.6,15.3,32.2,31.5,24.0,32.2,23.5,38.3,40.4,20.8,46.3,6.5,43.6,35.8,8.9,7645.0,3150.0,111.0,0.0,0.0,0.3815565729234794,0.3815565729234794,0.0,1.0,1.0,1.0,22.20268324540515,44538.83727926749,1.4519293655984304,Arkansas,Lafayette County,1658.0,37237.0,40887.918639633746,-74679.41918094471,22470.881682036215
49011,Davis,UT,8.7,10.9,14.4,4.3,7.4,8.4,18.8,9.5,4.9,14.5,8.5,32.3,17.2,9.4,32.7,2.6,33.6,9.2,3.6,306479.0,93545.0,3293.0,0.9696488177003972,0.0039709082840912,0.0209900188919958,0.1549894119988645,0.0209900188919958,0.0,0.0507049422635808,0.1549894119988645,5.711272947720841,88797.75789205785,1.0744618717758805,Utah,Davis County,21737.0,108058.0,98427.87894602893,183649.828649376,-106476.057818689
39111,Monroe,OH,9.4,11.4,17.4,9.0,20.7,12.0,22.7,16.9,15.5,21.3,13.3,36.5,31.4,13.9,40.4,4.1,38.7,23.6,5.2,14642.0,6065.0,165.0,0.0,0.0,0.0,0.0,0.0,0.2684742521513454,0.4951509356645267,0.7733233164868187,16.593790770232292,54261.32420434367,1.1268952328916817,Ohio,Monroe County,1995.0,58962.0,56611.66210217183,-67159.37216294862,17484.390631349746
38045,LaMoure,ND,7.9,10.2,13.5,5.8,15.0,8.8,21.8,11.2,7.1,16.4,9.5,29.3,23.1,10.6,35.2,3.1,31.6,16.0,4.0,4139.0,1825.0,65.0,0.0,0.0,0.0,0.0,0.0,0.0,0.0,0.0,11.549357308605796,76054.20729644841,1.5704276395264556,North Dakota,LaMoure County,430.0,70263.0,73158.6036482242,-76867.38613313924,23103.447011609438
53045,Mason,WA,9.7,11.2,16.1,5.7,13.3,9.2,23.8,15.7,12.8,19.1,12.8,34.0,19.8,11.9,35.8,3.4,34.1,7.3,4.5,60699.0,23832.0,2332.0,0.2634475032537604,0.0,0.2516515922832336,0.2805482792138256,0.1451094746206692,0.1451094746206692,0.1451094746206692,0.4892008105570108,14.945217336766207,66323.8104581624,3.841908433417354,Washington,Mason County,8232.0,78359.0,72341.4052290812,-27728.46283951625,1281.118167444918
17191,Wayne,IL,9.0,10.9,16.1,7.9,17.6,10.5,25.5,16.3,16.5,20.3,13.1,34.5,25.3,13.4,40.0,3.8,37.3,24.7,4.9,16760.0,7102.0,76.0,0.3554892601431981,0.0,0.4455847255369928,0.801073985680191,0.0,0.0,0.0,0.801073985680191,13.9813680952002,59251.375178997616,0.4534606205250597,Illinois,Wayne County,2202.0,53107.0,56179.1875894988,-65214.16635244589,16399.374099529312
19055,Delaware,IA,7.5,10.1,15.1,6.5,16.9,9.5,24.3,12.7,10.8,17.4,10.0,33.6,25.8,11.3,39.8,3.2,31.5,13.0,4.0,17764.0,7062.0,218.0,0.2955978383247016,0.0,0.0,0.0,0.0,0.0,0.0,0.0,8.579437510113506,75276.60752082865,1.2272010808376492,Iowa,Delaware County,1368.0,76205.0,75740.80376041433,-64999.30593717522,15628.652565651933
29043,Christian,MO,7.7,10.4,16.6,6.3,14.8,9.1,19.0,10.8,7.9,17.3,10.3,31.5,25.3,12.6,35.9,2.9,39.7,15.4,3.9,77422.0,29077.0,582.0,0.3733951589987342,0.0,0.054054403141226,0.054054403141226,0.054054403141226,0.0,0.0985249670636253,0.054054403141226,10.001650258322965,67253.24282503681,0.7517243160858671,Missouri,Christian County,7831.0,81245.0,74249.1214125184,-10859.122712110038,-13797.584703033524
47001,Anderson,TN,11.4,10.8,18.7,7.9,18.9,11.5,23.8,15.7,12.8,21.6,12.8,34.0,25.9,14.4,41.9,3.7,37.1,14.3,5.0,75129.0,31253.0,1183.0,0.4163638541708261,0.0,0.0600034607142381,0.2243474557095129,0.0600034607142381,0.1363920723023067,0.274075257224241,0.311437660557175,16.41497973187581,64303.47912257584,1.574624978370536,Tennessee,Anderson County,11370.0,63171.0,63737.23956128792,-14296.423058956672,-11493.521325346246
39125,Paulding,OH,9.3,11.0,15.5,7.5,17.5,11.2,21.9,14.3,11.5,18.9,11.7,36.4,29.1,12.3,41.1,3.4,39.7,17.6,4.5,19614.0,7769.0,85.0,0.209034363209952,0.0,0.0,0.0,0.0,0.0,0.0,0.0,10.295003886863045,64704.82277964719,0.4333639237279494,Ohio,Paulding County,1783.0,68167.0,66435.9113898236,-63186.18292967541,15581.92037250992
31127,Nemaha,NE,9.5,9.7,13.6,6.5,15.8,9.9,20.7,13.6,10.6,16.9,10.5,31.6,28.6,11.9,41.8,3.4,32.8,17.7,4.5,7248.0,2952.0,486.0,0.5040011037527594,0.0,0.0,0.0,0.0,0.0,0.0,0.0,12.33942645506536,66892.51986754966,6.7052980132450335,Nebraska,Nemaha County,851.0,60132.0,63512.25993377483,-74133.10926892886,21566.135650111475
47161,Stewart,TN,11.6,10.8,18.7,7.9,19.0,11.0,23.8,15.7,12.8,21.3,12.8,34.0,25.8,14.0,37.7,3.5,39.4,16.7,4.8,13324.0,5386.0,92.0,0.0,0.0,0.0,0.0,0.0,0.0,0.0,0.1911588111678174,16.536737440719953,55805.32970579406,0.6904833383368358,Tennessee,Stewart County,1648.0,62052.0,58928.664852897025,-68433.4801448369,18687.58154908689
48161,Freestone,TX,16.9,10.3,16.9,7.0,16.2,11.9,23.8,15.7,12.8,22.5,12.8,34.0,28.4,14.5,38.2,4.2,40.1,17.2,5.8,19816.0,7259.0,1581.0,0.2816915623738393,0.0,0.3571861122325394,0.4183488090431974,0.1584073475979006,0.0,0.0,0.4183488090431974,16.644469563053168,63041.98778764634,7.978401291885345,Texas,Freestone County,2631.0,58460.0,60750.99389382317,-63927.61574911082,19321.76154977063
18005,Bartholomew,IN,8.6,10.6,14.4,6.7,15.1,11.0,23.2,13.6,7.5,19.0,10.4,32.3,23.3,11.9,38.9,3.1,36.5,22.3,4.3,76794.0,29860.0,1147.0,0.7112144177930567,0.0,0.2904523790921166,0.2904523790921166,0.2904523790921166,0.2374404250332057,0.2374404250332057,0.2904523790921166,13.249910822447518,74854.67079459333,1.4936062713232805,Indiana,Bartholomew County,9813.0,80365.0,77609.83539729667,-13781.701289621982,-8384.347706385259
37067,Forsyth,NC,11.3,11.1,15.5,6.2,13.8,11.0,23.5,16.7,13.8,19.1,14.0,33.6,24.5,13.0,41.5,3.8,34.2,16.6,5.3,350670.0,141163.0,9851.0,0.9154104999001912,0.0216642427353352,0.2513274588644594,0.3762568796874554,0.2513274588644594,0.2524709841161205,0.303661562152451,0.3906949553711467,18.273830649253927,68025.7234436935,2.809193828955998,North Carolina,Forsyth County,55308.0,65541.0,66783.36172184674,193399.21235307504,-69489.11646203964
49047,Uintah,UT,11.4,11.5,17.9,6.3,12.5,10.2,22.2,15.9,9.1,19.2,12.0,33.4,21.4,13.4,35.4,3.6,37.3,17.2,5.1,32588.0,10563.0,192.0,0.4546765680618632,0.0,0.1773352154167178,0.1773352154167178,0.1773352154167178,0.0,0.0,0.1773352154167178,12.131767879673038,73718.54701116975,0.5891739290536394,Utah,Uintah County,3991.0,69861.0,71789.77350558488,-51912.42473142651,11916.12708944217
20063,Gove,KS,8.8,10.1,15.2,6.2,16.0,9.2,21.5,11.4,6.5,16.6,10.5,31.2,25.9,11.6,37.7,3.0,33.2,9.7,3.9,2695.0,1154.0,56.0,0.0,0.0,0.6311688311688312,0.6311688311688312,0.0,0.0,0.0,0.6311688311688312,11.818229093960872,60878.181818181816,2.0779220779220777,Kansas,Gove County,112.0,63203.0,62040.59090909091,-78019.71644199673,23945.232771931787
29119,McDonald,MO,14.7,11.3,23.3,10.3,23.3,13.5,22.6,23.7,20.2,28.2,18.9,35.5,37.4,19.0,42.7,5.4,41.5,23.5,7.5,23083.0,8404.0,157.0,0.0,0.0,0.2683360048520556,0.2683360048520556,0.0,0.5235021444352987,0.8021487674912273,0.7213533769440714,19.497693782625056,47651.32617077503,0.6801542260538058,Missouri,McDonald County,3998.0,48145.0,47898.16308538751,-58565.485914796634,17419.077834742402
20031,Coffey,KS,9.2,10.4,16.1,6.7,16.8,9.7,21.5,12.7,7.6,17.3,11.3,31.0,25.4,12.3,36.9,3.3,35.8,15.6,4.2,8601.0,3497.0,130.0,0.3430996395767934,0.0,0.0,0.0,0.0,0.0,0.0,0.0,11.933694448684273,74867.09417509592,1.511452156725962,Kansas,Coffey County,782.0,67377.0,71122.04708754795,-72948.21609011973,20887.578309817898
13133,Greene,GA,12.2,10.1,13.8,5.4,12.8,10.9,24.3,15.8,12.1,17.8,14.4,36.7,24.3,11.6,34.5,3.4,37.9,17.1,4.7,15994.0,6519.0,168.0,0.314680505189446,0.0,0.314680505189446,0.314680505189446,0.314680505189446,0.314680505189446,0.314680505189446,0.6682505939727398,24.243302458779752,61657.60072527198,1.0503938977116418,Georgia,Greene County,1705.0,84530.0,73093.80036263599,-68524.80802487518,20208.930729435488
55125,Vilas,WI,7.3,11.3,13.7,5.6,15.0,8.9,20.3,12.4,12.8,16.1,10.3,31.4,25.3,10.9,38.3,3.1,30.9,9.7,4.1,21430.0,9658.0,190.0,0.0,0.0,0.0,0.0,0.0,0.0,0.0,0.6323378441437237,13.660873993344078,56193.069108726086,0.8866075594960336,Wisconsin,Vilas County,2527.0,67132.0,61662.53455436304,-62443.490899213095,15266.420109975243
47047,Fayette,TN,11.1,11.1,17.2,6.9,16.8,12.0,23.8,15.7,12.8,20.6,12.8,34.0,24.8,13.9,38.7,3.7,37.5,15.0,5.0,38413.0,14505.0,421.0,0.1353708379975529,0.0,0.0,0.0,0.0,0.1926951813188243,0.1926951813188243,0.1926951813188243,14.563197633681265,70054.44635930544,1.095983130710957,Tennessee,Fayette County,4564.0,84764.0,77409.22317965272,-51833.38674461039,9459.760260237148
35049,Santa Fe,NM,14.0,9.2,13.2,4.5,10.4,9.3,23.1,15.9,11.9,18.4,14.0,33.4,19.8,10.6,25.9,3.3,30.6,9.6,5.1,144170.0,61963.0,2613.0,0.7068044669487411,0.0064437816466671,0.1436221127835194,0.2215995005895817,0.1436221127835194,0.0,0.0,0.3144551571061941,12.724709057107548,74783.47960393979,1.812443642921551,New Mexico,Santa Fe County,19103.0,74689.0,74736.2398019699,63402.673962239525,24860.328579675912
5111,Poinsett,AR,13.1,10.9,22.0,9.6,20.8,12.1,28.9,22.6,15.8,27.1,16.8,36.6,37.1,17.7,41.3,5.0,42.0,26.1,6.9,24583.0,9754.0,341.0,0.3150144408737745,0.0,0.1441646666395476,0.1441646666395476,0.1441646666395476,0.5088475775942725,0.5088475775942725,0.6886466257169589,22.25219927499375,42803.220762315425,1.3871374527112232,Arkansas,Poinsett County,4466.0,47188.0,44995.61038115771,-57880.521656706056,13617.865816422345
18063,Hendricks,IN,7.1,10.7,12.8,5.5,12.6,9.9,20.8,10.6,5.6,15.7,9.4,30.4,19.3,9.8,36.0,2.6,38.7,11.3,3.5,145448.0,52368.0,3360.0,0.7808288872999285,0.0,0.0293506957813101,0.0533248996204829,0.0293506957813101,0.0,0.1268975853913426,0.0533248996204829,5.256871460317874,92044.0719844893,2.3101039546779605,Indiana,Hendricks County,8738.0,99988.0,96016.03599224464,35692.6002651341,-45976.29001788632
41067,Washington,OR,7.8,11.2,13.1,4.7,9.6,9.2,23.8,15.7,12.8,17.0,12.8,34.0,17.4,9.6,32.0,2.6,29.3,11.6,3.7,529710.0,200934.0,6788.0,0.9245983651431916,0.0,0.0116554341054539,0.1797474089596194,0.0116554341054539,0.0702686375563987,0.1743935360857827,0.1921938419134998,9.72915153408931,93872.99387023089,1.2814558909592042,Oregon,Washington County,47458.0,104434.0,99153.49693511544,353461.68166601815,-117877.76396182217
28055,Issaquena,MS,20.0,9.9,22.1,10.0,24.0,17.8,37.2,36.9,24.6,33.1,27.2,39.9,42.1,22.2,47.3,7.5,43.7,29.6,10.1,1406.0,472.0,251.0,0.0,0.0,0.0,0.0,0.0,0.0,0.0,1.0,41.690408357075,37222.0,17.852062588904694,Mississippi,Issaquena County,127.0,29271.0,33246.5,-79608.66659158733,24984.13147161439
1053,Escambia,AL,13.5,11.0,21.0,9.7,21.6,15.6,29.0,29.9,25.0,29.9,20.8,37.9,34.1,19.6,43.9,6.1,46.1,28.6,8.2,38319.0,14157.0,3199.0,0.1371904277251494,0.0,0.2925963621180093,0.2925963621180093,0.1371904277251494,0.1257600668075889,0.1257600668075889,0.7322477100133093,23.753308579135467,46319.64083091939,8.348338944126933,Alabama,Escambia County,7238.0,44447.0,45383.32041545969,-51681.49396067191,11167.052802643397
37173,Swain,NC,11.9,12.3,19.5,8.6,20.4,12.5,24.7,21.9,18.2,23.7,16.3,35.4,26.5,16.3,40.8,4.7,36.2,19.7,6.9,13981.0,5672.0,244.0,0.0,0.0,0.0,0.0,0.0,0.0,0.3455403762248766,0.6544596237751233,17.472665248393547,46843.49030827552,1.745225663400329,North Carolina,Swain County,2890.0,55429.0,51136.24515413776,-69658.20980403284,21075.32895082931
33013,Merrimack,NH,7.1,11.0,13.0,5.3,10.9,7.4,22.0,9.9,7.3,13.5,9.1,30.3,18.8,9.9,33.2,2.6,33.0,10.0,3.5,146445.0,57069.0,6335.0,0.3076718221858035,0.0,0.0826317047355662,0.0826317047355662,0.0826317047355662,0.0869336611014374,0.172522107275769,0.1880228071972413,7.267709635778077,91827.56809040938,4.325856123459319,New Hampshire,Merrimack County,10586.0,93944.0,92885.7840452047,39575.78181176528,-51470.54534869926
31173,Thurston,NE,11.1,11.3,16.1,7.5,21.9,13.1,25.7,23.8,17.7,22.7,16.9,33.5,30.2,15.1,46.3,4.3,36.4,14.7,6.9,6940.0,2158.0,58.0,0.0,0.0,0.0,0.0,0.0,0.6340057636887608,0.6340057636887608,1.0,28.36037355162692,54759.610951008646,0.8357348703170029,Nebraska,Thurston County,1178.0,64838.0,59798.80547550433,-76009.39318872192,24197.75785778236
16069,Nez Perce,ID,9.9,11.6,17.3,6.5,14.1,8.8,19.4,14.0,10.0,17.2,11.3,31.6,23.7,14.0,38.1,3.5,35.7,15.7,4.8,39265.0,16241.0,966.0,0.8740354004838915,0.0,0.1247676047370431,0.1247676047370431,0.1247676047370431,0.0,0.0,0.3243855851267032,14.631175738402671,69845.96976951484,2.4602062905895834,Idaho,Nez Perce County,5382.0,71466.0,70655.98488475742,-46896.52349164962,6845.707186377189
39025,Clermont,OH,7.5,10.7,13.8,6.4,15.7,10.4,20.3,11.7,9.1,16.4,10.2,34.9,24.1,10.9,34.4,2.9,38.4,12.0,3.8,197363.0,74828.0,1717.0,0.7540623115781581,0.0,0.1266042773974858,0.1453109245400607,0.1266042773974858,0.109194732548654,0.3186108845122946,0.2442301748554693,9.488999418107742,82269.19993615824,0.8699705618580991,Ohio,Clermont County,18343.0,83178.0,82723.59996807913,88416.04050839035,-78061.16585671558
22005,Ascension,LA,8.2,9.7,17.0,6.1,15.1,11.2,27.3,17.3,13.0,19.6,14.1,35.1,25.7,13.0,35.0,3.6,39.8,14.5,4.9,107215.0,37790.0,790.0,0.8241757216807349,0.0,0.1018980553094249,0.1018980553094249,0.1018980553094249,0.0866296693559669,0.2326446859114862,0.1496805484307233,11.861187572648468,86592.57066641795,0.7368371962878328,Louisiana,Ascension Parish,13182.0,92266.0,89429.28533320897,1503.258042515561,-18215.736809221842
26127,Oceana,MI,10.1,11.3,16.6,7.8,17.1,10.6,23.6,17.9,16.6,20.6,13.8,33.4,26.5,13.3,40.7,3.8,33.3,12.0,5.2,26570.0,10174.0,303.0,0.1497553631915694,0.0,0.2687617613850207,0.2687617613850207,0.1497553631915694,0.2651486639066616,0.2651486639066616,0.81411366202484,17.01567706994239,53538.781671057586,1.1403838916070757,Michigan,Oceana County,3499.0,63624.0,58581.39083552879,-54816.30701147873,15532.581308301862
22091,St. Helena,LA,11.0,11.5,22.3,9.4,22.4,16.2,33.8,33.4,31.1,30.5,24.7,39.9,37.3,20.3,42.9,6.4,43.2,27.6,8.6,11203.0,4333.0,121.0,0.0,0.0,0.0,0.0,0.0,0.6375078104079265,1.0,0.6375078104079265,20.711974639056848,51668.85923413371,1.080067838971704,Louisiana,St. Helena Parish,3218.0,50193.0,50930.92961706685,-73096.79525920004,21695.73445755321
1067,Henry,AL,10.9,10.5,18.0,7.6,17.1,12.8,26.7,21.3,16.1,23.1,15.7,37.0,29.1,15.6,41.2,4.5,42.6,11.4,5.9,17302.0,6994.0,199.0,0.3439486764535892,0.0,0.0,0.0,0.0,0.0,0.1711940816090625,0.0,13.909708752981064,56203.26673216969,1.1501560513235465,Alabama,Henry County,2695.0,60135.0,58169.13336608485,-67109.99221164905,18342.086330214446
36059,Nassau,NY,6.4,9.6,10.0,3.9,8.7,8.3,26.0,11.9,8.2,13.6,11.6,32.7,22.0,8.9,28.3,2.5,41.8,10.2,3.5,1339532.0,448528.0,21666.0,1.0,0.0048472152960884,0.0,0.0317386967985833,0.0,0.0086328658068638,0.0751210124132906,0.0611519545632355,5.727118728736432,132926.56009785508,1.6174305653019114,New York,Nassau County,72719.0,143408.0,138167.28004892753,921378.1023369334,-380446.5607060142
47175,Van Buren,TN,13.2,11.2,20.6,9.2,21.6,11.8,23.8,15.7,12.8,23.9,12.8,34.0,28.6,15.9,38.7,4.1,40.5,17.4,5.6,5548.0,2246.0,94.0,0.0,0.0,0.0,0.0,0.0,0.0,0.0,0.4266402307137707,18.69862412536214,48494.75739005047,1.6943042537851478,Tennessee,Van Buren County,843.0,60281.0,54387.87869502524,-75154.44855397672,22490.910143662994
29029,Camden,MO,8.9,10.6,18.0,7.2,17.2,9.9,19.9,12.7,9.9,19.3,11.5,31.3,28.5,13.5,35.5,3.4,37.6,16.6,4.5,44002.0,19068.0,774.0,0.1905822462615335,0.0,0.0846779691832189,0.0846779691832189,0.0846779691832189,0.0846779691832189,0.2396027453297577,0.1583564383437116,15.594671639147874,63139.57206490614,1.7590109540475434,Missouri,Camden County,5642.0,62927.0,63033.28603245307,-41343.6668089342,2628.4952678036425
1083,Limestone,AL,9.6,9.7,15.5,6.1,14.0,10.9,23.8,15.4,9.9,19.3,12.1,35.8,24.5,13.1,39.0,3.4,39.8,14.6,4.5,82782.0,31446.0,2907.0,0.2353651760044454,0.0,0.1134304558962093,0.1383392524945036,0.1134304558962093,0.1421202676910439,0.3209755744002319,0.3771351259935734,14.184806065155248,70951.33997728975,3.511632963687758,Alabama,Limestone County,10561.0,83534.0,77242.66998864488,-12214.105156379883,-8484.357678301236
36027,Dutchess,NY,6.9,10.4,12.2,4.9,11.3,8.3,24.4,13.0,10.7,14.3,12.6,33.7,20.7,9.9,28.5,2.9,36.5,15.8,3.9,297488.0,107965.0,19965.0,0.6950734147259722,0.0133753294250524,0.0367745925886086,0.1198871887269402,0.0367745925886086,0.0889447641585542,0.2470990426504598,0.1560634378529554,9.473895191427856,96451.08531436564,6.711195073414726,New York,Dutchess County,23328.0,97273.0,96862.0426571828,153795.35410404118,-86215.2664540917
45045,Greenville,SC,11.7,9.5,13.7,5.7,11.5,10.7,21.7,15.3,8.2,16.8,12.3,31.2,22.5,11.8,32.5,3.2,32.6,12.5,4.5,451225.0,176531.0,11854.0,0.8534921602304837,0.0073067759986702,0.1291351321402847,0.2028987755554324,0.1291351321402847,0.133257244168652,0.2582104271704803,0.2372497091251592,12.445855338095232,73784.10924483351,2.6270707518422074,South Carolina,Greenville County,57760.0,74624.0,74204.05462241676,281686.4710405848,-138339.94131707094
50017,Orange,VT,6.6,11.4,13.3,5.5,12.4,7.2,23.8,15.7,12.8,14.6,12.8,34.0,20.5,9.3,32.3,2.8,28.7,11.7,3.6,28936.0,11887.0,715.0,0.0,0.0,0.0877799281172242,0.0877799281172242,0.0,0.0,0.1651230301354714,0.1643627315454796,10.791830616265296,74152.33090268177,2.470970417473044,Vermont,Orange County,2727.0,77328.0,75740.16545134089,-55435.04864108615,10030.946353852507
49029,Morgan,UT,6.8,10.5,13.2,4.1,7.7,7.5,18.7,7.9,4.0,12.4,7.3,31.5,14.9,8.7,25.1,2.2,35.8,7.1,3.0,9469.0,2820.0,0.0,0.0,0.0,0.0,0.0,0.0,0.0,0.0,0.0,2.948668483670408,96095.78498257473,0.0,Utah,Morgan County,214.0,126092.0,111093.89249128736,-72141.63626328093,20369.522695137523
36061,New York,NY,6.7,9.6,10.7,4.1,8.5,8.4,26.6,15.0,11.9,15.0,13.0,38.1,20.0,10.5,19.5,3.0,36.4,11.5,4.3,1585873.0,763846.0,67373.0,1.0,0.001163397068996,0.0,0.0,0.0,0.0,0.0,0.4082489581448199,16.494536794480073,133031.9237933933,4.248322532762712,New York,New York County,250056.0,104553.0,118792.46189669664,1141247.6021767114,-151530.86966573092
17025,Clay,IL,9.5,11.0,16.7,8.3,18.3,10.9,25.6,17.7,18.3,21.3,13.7,35.6,25.8,14.0,41.5,4.1,36.7,16.8,5.3,13815.0,5697.0,305.0,0.3912414042707202,0.0,0.0,0.3912414042707202,0.0,0.3912414042707202,0.3912414042707202,0.8178067318132465,16.093841648984643,60003.008034744846,2.2077452044878756,Illinois,Clay County,2160.0,57266.0,58634.50401737243,-68044.84233928526,18010.33473737111
26039,Crawford,MI,7.5,11.9,17.0,8.5,18.2,10.4,23.0,16.2,16.5,20.1,12.5,33.7,26.0,13.3,37.1,3.8,34.2,16.7,5.0,14074.0,6016.0,197.0,0.0,0.0,0.0,0.0,0.0,0.2812277959357681,0.2812277959357681,0.43974705130027,15.54902937903871,57682.32840699162,1.3997442091800485,Michigan,Crawford County,1930.0,58614.0,58148.164203495806,-67837.14155866792,17888.255915029094
1057,Fayette,AL,11.5,10.5,19.5,8.8,19.4,13.1,24.8,21.3,16.6,24.5,15.2,36.7,30.6,16.5,40.6,4.8,40.5,26.7,6.2,17241.0,7100.0,291.0,0.0,0.0,0.0,0.0,0.0,0.0,0.2609477408502987,0.5262455774027028,19.792124532275555,48942.99373586219,1.6878371324169132,Alabama,Fayette County,2967.0,50733.0,49837.9968679311,-65290.389556272814,17086.15053468357
13107,Emanuel,GA,17.1,11.2,19.1,8.9,20.6,14.7,27.6,26.3,23.9,27.3,20.8,39.3,35.1,17.5,42.8,5.7,41.5,25.2,7.6,22598.0,8430.0,916.0,0.2106381095672183,0.0,0.593725108416674,0.593725108416674,0.2106381095672183,0.857775024338437,0.857775024338437,1.0,26.945349185821,42764.62071864767,4.053456058058235,Georgia,Emanuel County,5410.0,50053.0,46408.810359323834,-62346.21848435301,17580.07450589843
37195,Wilson,NC,14.5,12.0,18.9,8.3,18.4,14.0,26.5,26.2,24.1,25.4,20.2,34.6,30.6,17.5,38.5,5.6,38.1,17.7,7.6,81234.0,31962.0,1593.0,0.5644311495186745,0.0,0.1348450156338479,0.3247285619321959,0.1348450156338479,0.3504320850875249,0.5274515596917547,0.6315705246571632,22.311082857866015,55293.43707068469,1.9610015510746732,North Carolina,Wilson County,16226.0,51381.0,53337.21853534234,-20602.246795828665,4385.144513296618
46011,Brookings,SD,7.6,9.7,13.1,5.5,12.9,9.7,23.8,15.7,12.8,14.7,12.8,34.0,19.9,9.7,39.5,3.0,31.4,11.3,3.9,31965.0,12029.0,3588.0,0.7274831847333021,0.0,0.4350070389488503,0.4350070389488503,0.4350070389488503,0.2038479587048334,0.3597997810104802,0.4350070389488503,17.173733003374597,82691.87398717347,11.224777099953071,South Dakota,Brookings County,4078.0,67341.0,75016.43699358674,-53603.09750482014,9695.915360390658
13213,Murray,GA,17.1,10.2,17.3,7.4,17.0,11.6,24.0,17.6,13.3,22.0,14.4,38.1,28.4,13.8,41.2,4.1,36.1,17.9,5.6,39628.0,14080.0,254.0,0.2858332492177248,0.0,0.0,0.0,0.0,0.0,0.1574644190976077,0.7141667507822752,15.449908701895389,51303.163066518624,0.6409609367114162,Georgia,Murray County,5198.0,67880.0,59591.58153325931,-42881.214852092504,11015.640445375386
27125,Red Lake,MN,8.1,10.3,14.5,5.3,16.1,9.1,21.9,12.3,8.9,16.2,10.3,31.6,24.5,10.6,38.8,3.0,30.9,9.0,3.9,4089.0,1737.0,34.0,0.0,0.0,0.0,0.0,0.0,0.0,0.0,0.0,9.8511249414689,76490.76571288824,0.8314991440449988,Minnesota,Red Lake County,305.0,77500.0,76995.38285644412,-76906.96747350304,23268.659219004538
28037,Franklin,MS,12.8,10.4,20.2,9.1,20.7,14.6,29.7,26.8,17.8,26.6,20.2,38.1,36.1,18.9,40.6,5.8,38.5,21.4,7.7,8118.0,3211.0,67.0,0.0,0.0,0.3356738112835674,0.3356738112835674,0.0,0.0,0.0,0.3356738112835674,16.578212167566704,51147.625646711014,0.8253264350825327,Mississippi,Franklin County,1753.0,45618.0,48382.8128233555,-74272.65328152681,22066.135557170735
50009,Essex,VT,8.9,11.9,17.0,7.5,17.0,8.6,23.8,15.7,12.8,19.0,12.8,34.0,24.2,12.2,34.1,3.9,32.3,20.2,5.1,6306.0,2818.0,16.0,0.0,0.0,0.1937836980653346,0.1937836980653346,0.0,0.0,0.0,1.0,14.581640067472144,49507.73675864256,0.2537266095781795,Vermont,Essex County,850.0,58985.0,54246.36837932128,-74752.4217916942,22060.709701657674
29035,Carter,MO,11.5,11.4,22.5,10.2,23.1,12.2,21.4,19.9,17.8,26.2,15.8,33.4,34.8,18.1,39.8,4.9,38.4,26.7,6.5,6265.0,2559.0,40.0,0.0,0.0,0.5950518754988029,0.5950518754988029,0.0,0.5950518754988029,0.5950518754988029,0.5950518754988029,17.2587280655009,56541.63607342378,0.6384676775738228,Missouri,Carter County,988.0,45083.0,50812.31803671189,-74610.26843679379,22177.63849493172
28043,Grenada,MS,12.7,10.4,19.3,8.4,19.0,14.7,30.4,26.6,17.2,25.9,20.4,38.4,35.4,18.2,46.1,5.5,42.7,24.8,7.4,21906.0,8779.0,256.0,0.4858029763535104,0.0,0.2245960010955902,0.4858029763535104,0.2245960010955902,0.2245960010955902,0.4753035697982288,0.4858029763535104,24.408613024352764,49006.32872272437,1.1686295991965672,Mississippi,Grenada County,4664.0,47998.0,48502.164361362185,-64548.11473199762,17204.035517409495
6099,Stanislaus,CA,14.2,10.0,17.2,5.7,13.6,11.2,28.4,21.4,19.8,25.2,18.4,35.3,30.1,15.4,36.6,4.4,35.6,15.5,6.6,514453.0,165180.0,6305.0,0.8873949612501045,0.0,0.0923271902389528,0.4017568174352176,0.0923271902389528,0.0810433606179767,0.1829963087006976,0.5279316089127676,16.162512465826367,65896.31012356814,1.2255735703747477,California,Stanislaus County,71943.0,79661.0,72778.65506178407,412473.49462867266,38359.822183374046
15007,Kauai,HI,6.7,10.4,14.0,4.8,12.4,9.3,28.2,17.9,13.8,16.6,12.0,31.7,19.5,10.3,24.1,3.1,43.9,9.7,4.8,67091.0,23240.0,1161.0,0.5730127736954286,0.0,0.0,0.0,0.0,0.0,0.2268411560417939,0.0200324931809035,8.809733618344302,88948.71022938994,1.7304854600468025,Hawaii,Kauai County,6414.0,93612.0,91280.35511469498,-43967.92224948059,26114.3626863018
13267,Tattnall,GA,18.9,10.4,18.9,8.9,20.5,15.0,27.5,26.4,23.6,27.2,20.7,38.7,34.4,17.3,40.8,5.8,42.6,25.7,7.8,25520.0,8210.0,4859.0,0.2300156739811912,0.0,0.2300156739811912,0.2300156739811912,0.2300156739811912,0.3711206896551724,0.5737852664576802,0.5722570532915361,22.95271566995866,50726.35744514107,19.03996865203762,Georgia,Tattnall County,4463.0,52351.0,51538.678722570534,-61431.699733750705,17621.625127715277
46007,Bennett,SD,14.2,13.3,21.4,10.5,29.0,17.3,23.8,15.7,12.8,29.9,12.8,34.0,34.8,20.3,43.1,6.8,32.2,31.6,10.5,3431.0,1090.0,37.0,0.0,0.0,0.528125910813174,0.528125910813174,0.0,0.0,0.0,1.0,34.496852249361005,53007.20227338968,1.0784027980180706,South Dakota,Bennett County,1058.0,44569.0,48788.10113669484,-78426.88696439394,24946.62434677303
27073,Lac qui Parle,MN,7.9,10.0,13.8,5.1,15.2,8.7,21.3,11.1,7.9,15.6,9.5,30.6,23.0,10.1,34.8,2.9,30.7,10.6,3.7,7259.0,3155.0,154.0,0.0,0.0,0.2616062818570051,0.2616062818570051,0.0,0.0,0.0,0.5818983331037333,8.554453440607078,66072.1268769803,2.1215043394406945,Minnesota,Lac qui Parle County,520.0,71639.0,68855.56343849015,-74107.41785799341,21479.55627611732
26051,Gladwin,MI,7.9,12.0,17.5,8.7,18.8,10.4,24.3,17.2,17.3,20.6,13.0,34.3,26.3,13.5,40.3,3.9,34.7,16.0,5.1,25692.0,10753.0,289.0,0.1790829830297368,0.0,0.3782500389226218,0.3782500389226218,0.1790829830297368,0.2994706523431418,0.4439125019461311,0.7817219367896622,18.188327800645112,51884.37622606259,1.124863770823603,Michigan,Gladwin County,3335.0,55576.0,53730.1881130313,-56463.351237943025,11783.755795996467
18043,Floyd,IN,7.6,11.4,14.9,6.8,15.1,10.6,23.6,12.9,7.0,18.5,10.5,35.6,23.9,12.0,37.4,3.0,38.2,10.9,4.0,74578.0,29479.0,1329.0,0.6973236074981898,0.0,0.0254364557912521,0.2031832443884255,0.0254364557912521,0.1081284024779425,0.1521896537852986,0.2031832443884255,10.196012773679088,77063.8292525946,1.7820268711952587,Indiana,Floyd County,7877.0,78179.0,77621.41462629731,-18669.195799783658,-11010.691873878404
18073,Jasper,IN,8.9,11.0,15.4,6.9,16.0,10.3,23.1,12.7,7.0,19.1,10.7,33.0,24.0,12.0,40.0,3.1,39.8,14.4,4.1,33478.0,12232.0,926.0,0.3024075512276719,0.0,0.3024075512276719,0.3024075512276719,0.3024075512276719,0.0,0.0,0.610161897365434,8.870826391130182,67951.22731345959,2.7659955791863315,Indiana,Jasper County,2259.0,79634.0,73792.6136567298,-51059.21424150155,8922.324233753658
49041,Sevier,UT,9.9,11.2,16.5,5.8,10.6,9.1,21.9,12.8,7.3,17.5,10.1,33.5,20.4,11.7,36.6,3.2,36.7,20.1,4.3,20802.0,7094.0,301.0,0.2383905393712143,0.0,0.0,0.2383905393712143,0.0,0.0,0.0,0.6318142486299394,13.576917461475016,60641.211085472554,1.4469762522834342,Utah,Sevier County,2258.0,73765.0,67203.10554273627,-60891.83128832941,15373.90729991615
1117,Shelby,AL,7.4,9.4,12.9,4.8,10.6,9.6,21.2,11.6,7.0,15.3,9.5,31.5,19.9,10.6,31.6,2.7,35.1,11.3,3.6,195085.0,74072.0,2574.0,0.6253120434682318,0.0,0.0100161468078017,0.0329856216521003,0.0100161468078017,0.0198580106107594,0.1412717533382884,0.1060409565061383,8.83901475529833,93348.45379706282,1.3194248660840149,Alabama,Shelby County,15442.0,93543.0,93445.7268985314,74670.15584887966,-58439.88933524219
17069,Hardin,IL,9.2,10.9,16.2,7.8,17.7,10.5,26.0,16.5,16.5,20.3,13.4,35.5,24.8,13.2,39.6,3.8,38.5,18.1,4.9,4320.0,1915.0,17.0,0.0,0.0,0.0,0.0,0.0,0.0,0.0,0.5393518518518519,16.359937687361008,59295.618055555555,0.3935185185185185,Illinois,Hardin County,373.0,57155.0,58225.30902777778,-76567.32919695221,23102.983583132012
26137,Otsego,MI,6.6,11.6,15.4,7.2,15.5,9.4,22.0,13.4,12.5,17.5,10.9,33.1,23.9,11.7,37.9,3.2,35.8,9.0,4.1,24164.0,9756.0,348.0,0.5650140705181261,0.0,0.0,0.218672405230922,0.0,0.218672405230922,0.218672405230922,0.218672405230922,15.01477287022824,61005.59063069028,1.4401589140870714,Michigan,Otsego County,2411.0,67285.0,64145.29531534514,-58663.12426640087,12707.226233689744
47051,Franklin,TN,11.5,11.1,18.7,8.0,18.8,11.5,23.8,15.7,12.8,21.6,12.8,34.0,27.7,14.8,35.8,3.7,41.0,18.5,5.0,41052.0,16011.0,1776.0,0.2701451817207444,0.0,0.0937834941050375,0.0937834941050375,0.0937834941050375,0.2165546136607229,0.2165546136607229,0.433620773652928,14.94385370796574,58674.560118873625,4.326220403390821,Tennessee,Franklin County,5230.0,61553.0,60113.78005943682,-44708.88779889486,5445.38064436206
16079,Shoshone,ID,11.9,11.5,19.8,7.8,16.3,10.2,22.7,17.1,13.3,20.8,13.3,31.3,26.1,15.8,35.9,4.2,37.0,23.5,5.6,12765.0,5605.0,160.0,0.2897767332549941,0.0,0.2897767332549941,0.2897767332549941,0.2897767332549941,0.0,0.0,0.67262044653349,17.239175248739137,50972.5607520564,1.253427340383862,Idaho,Shoshone County,2015.0,49975.0,50473.7803760282,-68691.69635891463,19029.32685959102
28041,Greene,MS,13.4,9.3,18.8,8.2,19.5,13.1,31.1,22.0,12.3,24.1,16.8,37.2,33.1,16.7,41.9,4.8,38.0,20.4,6.4,14400.0,4306.0,3042.0,0.0,0.0,0.0,0.0,0.0,0.0,0.4380555555555555,0.0,14.513231154841591,61112.5425,21.125,Mississippi,Greene County,2004.0,55838.0,58475.271250000005,-70358.1806670439,18926.29220976594
29045,Clark,MO,10.6,11.0,21.1,9.3,21.5,11.3,20.6,17.2,14.7,23.8,14.1,32.6,33.0,16.4,41.4,4.4,41.5,21.9,5.7,7139.0,2933.0,90.0,0.0,0.0,0.0,0.0,0.0,0.0,0.0,0.0,13.456189469950283,59336.40565905589,1.2606807676145118,Missouri,Clark County,613.0,51458.0,55397.202829527945,-74013.60259483998,21531.067709818613
48475,Ward,TX,26.4,9.4,17.5,6.0,14.7,13.5,23.8,15.7,12.8,26.1,12.8,34.0,33.6,15.7,37.8,4.5,40.2,20.9,7.2,10658.0,3995.0,125.0,0.6212234940889473,0.0,0.0,0.0,0.0,0.0,0.0,0.0,13.149823284564086,75325.52627134547,1.1728279226871834,Texas,Ward County,1620.0,71719.0,73522.26313567274,-69566.17311306282,24907.15968587194
48505,Zapata,TX,43.3,9.3,22.4,7.5,17.8,20.1,23.8,15.7,12.8,40.0,12.8,34.0,47.1,23.5,44.5,8.3,42.5,25.1,14.2,14018.0,4297.0,30.0,0.5998002568126695,0.0,0.6872592381224141,1.0,0.2870594949350835,0.4001997431873306,0.4001997431873306,1.0,38.90900310219012,34170.17762876302,0.2140105578541874,Texas,Zapata County,5092.0,36527.0,35348.58881438151,-60348.16070099732,27886.012368117583
37007,Anson,NC,14.5,12.0,19.7,8.9,20.2,14.6,29.2,28.2,26.6,26.4,21.6,36.5,31.7,18.2,43.4,6.0,41.0,25.5,8.0,26948.0,9755.0,2484.0,0.2277720053436247,0.0,0.2277720053436247,0.2277720053436247,0.2277720053436247,0.505454950274603,0.8089283063678195,0.5699495324328336,19.018125582448864,50747.660679827815,9.217752708920884,North Carolina,Anson County,4235.0,44245.0,47496.33033991391,-62575.960786014795,16942.38374789338
20099,Labette,KS,10.7,10.9,17.4,7.6,18.4,10.7,22.3,16.4,10.4,20.3,13.4,30.7,30.3,14.2,41.4,4.0,38.3,21.0,5.1,21607.0,8822.0,480.0,0.4000092562595455,0.0,0.1569861618919794,0.2609339565881427,0.1569861618919794,0.0,0.0,0.4237052806960707,17.703594765729246,57733.65238117277,2.2215022909242377,Kansas,Labette County,3117.0,55439.0,56586.326190586384,-61684.754157337484,15612.428231572781
51670,Hopewell,VA,13.8,12.6,20.8,9.1,20.5,16.1,27.3,29.4,29.4,28.3,22.9,39.0,34.9,19.7,45.9,6.1,46.3,22.1,8.3,22591.0,9129.0,237.0,1.0,0.0,0.5364968350227967,0.6446372449205435,0.5364968350227967,0.4676641140277101,0.4676641140277101,0.7646407861537781,21.01694059027582,51009.92647514497,1.0490903457128946,Virginia,Hopewell city,5405.0,48681.0,49845.46323757248,-63405.41682965914,18646.78646405081
27107,Norman,MN,9.0,10.3,15.1,5.7,16.4,9.6,21.8,13.7,10.1,17.6,11.0,30.3,24.8,11.5,35.8,3.4,33.1,9.2,4.4,6852.0,2863.0,149.0,0.0,0.0,0.2774372446001167,0.2774372446001167,0.0,0.0,0.0,0.5971978984238179,10.351015238470184,67595.06421482778,2.1745475773496787,Minnesota,Norman County,641.0,69833.0,68714.03210741389,-74408.5239878311,22023.941385621158
20029,Cloud,KS,9.1,10.3,16.2,6.9,16.8,10.0,21.9,13.2,8.2,17.9,11.8,31.3,27.4,12.9,42.1,3.5,35.8,16.4,4.4,9533.0,3910.0,498.0,0.601804258890171,0.0,0.2405328857652365,0.601804258890171,0.2405328857652365,0.0,0.0,0.601804258890171,12.098499285302196,56216.49333892793,5.223958879681108,Kansas,Cloud County,863.0,57333.0,56774.746669463966,-71683.7984210035,20563.570827144533
27167,Wilkin,MN,8.5,10.5,15.0,5.9,16.8,9.6,22.0,13.3,10.1,17.3,10.7,31.5,24.6,11.4,38.3,3.4,30.9,15.3,4.3,6576.0,2690.0,152.0,0.5057785888077859,0.0,0.0,0.5057785888077859,0.0,0.0,0.0,0.5057785888077859,9.283782303445475,70302.27341849149,2.3114355231143553,Minnesota,Wilkin County,921.0,69635.0,69968.63670924574,-74715.07731367345,21902.4755663377
48053,Burnet,TX,15.8,9.9,15.2,5.9,13.5,10.3,23.8,15.7,12.8,19.5,12.8,34.0,25.0,12.5,35.4,3.4,38.8,12.3,4.8,42750.0,16511.0,1059.0,0.3138713450292397,0.0,0.0,0.0,0.0,0.0,0.3016374269005848,0.0,11.17148803461612,69560.82633918128,2.4771929824561405,Texas,Burnet County,3988.0,77158.0,73359.41316959064,-40632.53508148328,11386.361832230914
54059,Mingo,WV,12.4,13.4,25.2,13.0,28.0,15.8,25.8,26.6,31.6,32.5,18.8,37.4,41.5,21.0,43.0,6.0,48.7,31.9,7.8,26839.0,11125.0,85.0,0.1465032229218674,0.0,0.1465032229218674,0.1465032229218674,0.1465032229218674,0.8467156004322068,1.0,0.8467156004322068,28.94145259049018,41606.78777152651,0.3167033048921346,West Virginia,Mingo County,6804.0,39527.0,40566.89388576326,-54808.464028492206,11338.593348321372
41005,Clackamas,OR,7.0,11.7,13.4,5.0,10.6,8.6,23.8,15.7,12.8,15.7,12.8,34.0,18.6,9.8,33.7,2.6,32.8,8.3,3.6,375992.0,145790.0,2753.0,0.7479627226111194,0.000789910423626,0.0612300261707695,0.1188456137364624,0.0604401157471435,0.0348970190855124,0.1366146088214642,0.1315559905529905,8.536770270712251,96845.24403710716,0.7321964297112704,Oregon,Clackamas County,31386.0,100360.0,98602.62201855358,231476.625530012,-132784.2590822528
48023,Baylor,TX,15.9,10.6,17.7,7.7,16.9,11.6,23.8,15.7,12.8,23.1,12.8,34.0,28.6,14.9,36.5,4.4,38.0,13.8,6.0,3726.0,1669.0,65.0,0.0,0.0,0.0,0.0,0.0,0.0,0.0,1.0,10.9267734553776,55592.0,1.7444981213097157,Texas,Baylor County,705.0,42313.0,48952.5,-77004.87549768847,23861.116547392965
39077,Huron,OH,9.5,11.1,15.6,7.6,17.6,11.1,21.2,14.4,11.8,19.0,12.0,35.1,28.9,12.4,34.9,3.5,39.3,16.9,4.5,59626.0,22820.0,578.0,0.4380136182202395,0.0,0.1312346962734377,0.2106463623251601,0.1312346962734377,0.072569013517593,0.2384865662630396,0.2106463623251601,13.57414692444549,61913.79760507161,0.9693757756683328,Ohio,Huron County,6904.0,65972.0,63942.898802535805,-26253.539203015374,-3120.845898642052
26059,Hillsdale,MI,7.9,11.9,17.4,8.5,18.6,10.6,23.4,17.4,17.3,20.6,12.8,34.6,26.6,13.6,37.8,3.8,35.0,12.3,5.0,46688.0,17792.0,1641.0,0.1556716929403701,0.0,0.1556716929403701,0.1556716929403701,0.1556716929403701,0.1097284098697738,0.2839487662782728,0.4447609664153529,16.354721220767768,57873.70448509253,3.514821795750514,Michigan,Hillsdale County,6830.0,60869.0,59371.352242546265,-38081.000106473584,1071.132354603622
55025,Dane,WI,6.7,9.9,11.2,4.3,10.4,8.1,18.7,9.5,9.2,13.3,8.6,30.4,20.8,9.3,33.4,2.6,29.2,4.4,3.4,488073.0,203750.0,12775.0,0.856396481673848,0.0064539525849616,0.0815677163047331,0.2033097507954752,0.0815677163047331,0.0745974475129745,0.2546688712549147,0.264448146076509,12.38689930474297,93102.6405865516,2.617436326123346,Wisconsin,Dane County,57774.0,88108.0,90605.3202932758,312244.66713881487,-179329.73030769656
18015,Carroll,IN,9.2,11.2,16.3,7.7,17.8,10.9,24.2,14.2,8.0,20.2,11.3,34.0,25.6,12.6,41.4,3.3,37.2,19.1,4.5,20155.0,7900.0,106.0,0.1628380054577028,0.0,0.0,0.1628380054577028,0.0,0.0,0.0,0.1628380054577028,10.1021191144264,70817.8603820392,0.5259240883155545,Indiana,Carroll County,1698.0,64003.0,67410.43019101961,-62596.607915558896,15128.202513365999
49019,Grand,UT,10.4,11.0,16.0,5.6,10.4,9.3,19.2,13.7,8.0,17.5,10.9,31.5,19.2,11.6,28.2,3.3,36.7,9.6,4.7,9225.0,3889.0,143.0,0.4760975609756097,0.0,0.0,0.0,0.0,0.5239024390243903,0.5239024390243903,0.5239024390243903,8.396370014990964,60363.96487804878,1.5501355013550135,Utah,Grand County,1632.0,62521.0,61442.48243902439,-72067.63503825926,21716.372494830106
22055,Lafayette,LA,8.0,9.7,17.2,6.7,15.9,11.9,26.0,19.4,15.7,20.7,15.1,36.3,23.9,14.0,34.3,4.0,38.1,12.1,5.4,221578.0,87027.0,5150.0,0.8951024018630008,0.0,0.2076469685618608,0.367771168617823,0.2076469685618608,0.2811380191174214,0.3901199577575391,0.4115977217954851,17.140783687316013,71956.62300408885,2.3242379658630368,Louisiana,Lafayette Parish,41954.0,67660.0,69808.31150204442,91163.63239417932,-60215.549462762356
18093,Lawrence,IN,8.4,11.5,16.2,7.8,17.3,11.0,22.7,13.5,8.2,19.9,10.7,33.8,25.1,12.6,41.8,3.4,39.4,15.7,4.5,46134.0,18811.0,653.0,0.3649585988641782,0.0,0.1613994017427494,0.2876837039927168,0.1613994017427494,0.0817835002384358,0.2210517189057961,0.2876837039927168,11.952894987002606,61188.43724801665,1.4154419733818877,Indiana,Lawrence County,4984.0,65551.0,63369.718624008325,-39016.24806794431,981.801404536578
31021,Burt,NE,9.3,9.4,13.4,6.1,16.0,9.7,21.2,13.4,10.0,16.0,10.4,31.6,26.7,11.3,40.6,3.2,34.1,14.0,4.3,6858.0,2906.0,122.0,0.0,0.0,0.0,0.0,0.0,0.0,0.0,0.0,11.66267450268974,65951.99854184894,1.778944298629338,Nebraska,Burt County,909.0,57303.0,61627.49927092447,-74399.16966917228,21802.744177342105
47153,Sequatchie,TN,14.9,11.4,22.0,10.4,23.2,13.1,23.8,15.7,12.8,26.6,12.8,34.0,30.5,17.5,39.2,4.8,38.9,22.4,6.6,14112.0,5519.0,188.0,0.5695153061224489,0.0,0.0,0.0,0.0,0.0,0.5695153061224489,0.1540532879818594,16.584160164949676,60998.93176020408,1.3321995464852607,Tennessee,Sequatchie County,3812.0,52260.0,56629.46588010204,-67130.87608116784,18461.128864638667
39085,Lake,OH,7.5,10.8,13.5,6.1,14.8,10.2,20.2,11.6,9.0,16.4,10.3,32.8,23.7,10.4,36.8,2.9,40.2,11.7,3.7,230041.0,94156.0,2786.0,0.9548949969787994,0.0,0.0301120235088527,0.0743389221921309,0.0301120235088527,0.0175055750931355,0.1379754043844358,0.0743389221921309,8.353177722147223,79935.36782573542,1.2110884581444177,Ohio,Lake County,18731.0,77952.0,78943.68391286771,110628.66040805634,-88532.4564456049
13253,Seminole,GA,14.2,11.1,17.6,7.7,17.9,13.4,26.5,23.1,20.3,23.8,19.1,39.6,30.7,15.6,40.0,4.9,41.0,20.5,6.5,8729.0,3509.0,100.0,0.3743842364532019,0.0,0.3743842364532019,0.3743842364532019,0.3743842364532019,0.0,0.0,1.0,24.27951553903176,41713.10241722992,1.1456065986940085,Georgia,Seminole County,1700.0,49559.0,45636.05120861496,-73633.7405936937,22023.036944228355
2130,Ketchikan Gateway,AK,9.8,10.4,13.7,5.7,16.0,8.6,24.2,13.5,9.1,18.3,11.6,30.2,21.0,11.2,37.4,3.1,38.8,11.7,4.4,13477.0,5305.0,246.0,0.5731987831119686,0.0,0.0,0.2108035913037026,0.0,0.2108035913037026,0.2108035913037026,0.2108035913037026,10.552849292056674,83462.63055576167,1.8253320471915115,Alaska,Ketchikan Gateway Borough,1300.0,89155.0,86308.81527788084,-70998.1218561528,21216.532216210933
49057,Weber,UT,11.2,11.4,16.8,4.9,9.2,8.9,21.7,13.8,6.5,16.8,11.0,33.3,20.5,11.3,34.8,3.0,33.7,13.1,4.3,231236.0,78748.0,2509.0,0.9287610925634416,0.0,0.0551990174540296,0.2458613710667889,0.0551990174540296,0.0259258938919545,0.1184893355705859,0.2856172914252106,11.464835013986995,74557.03602812711,1.0850386618000658,Utah,Weber County,19731.0,87083.0,80820.01801406356,128382.27887712742,-48742.59801620648
28051,Holmes,MS,16.1,11.6,22.7,10.4,23.5,21.0,37.8,43.0,33.9,34.8,32.5,43.8,44.4,24.7,51.5,9.0,44.2,39.0,11.9,19198.0,6926.0,591.0,0.0,0.0,0.2681008438378998,0.2681008438378998,0.0,0.7895614126471507,0.7895614126471507,1.0,43.64433356440804,26366.295499531203,3.078445671424107,Mississippi,Holmes County,5904.0,29434.0,27900.1477497656,-68798.52213070265,21477.426394268317
49001,Beaver,UT,10.8,10.6,15.5,5.0,9.7,8.9,21.1,12.2,6.2,16.2,10.3,31.7,19.1,10.8,29.0,2.9,35.8,13.6,4.1,6629.0,2265.0,24.0,0.0,0.0,0.0,0.0,0.0,0.0,0.0,0.0,8.296344861208043,66510.84748830895,0.3620455573993061,Utah,Beaver County,514.0,85603.0,76056.92374415448,-74472.00841055953,22775.797477596352
20049,Elk,KS,10.5,10.7,17.7,8.0,19.3,11.0,22.5,16.4,10.9,20.9,13.7,32.7,31.8,14.8,40.5,4.1,39.4,20.4,5.3,2882.0,1284.0,40.0,0.0,0.0,1.0,1.0,0.0,0.0,0.0,1.0,14.6360759493671,54946.0,1.3879250520471893,Kansas,Elk County,410.0,56087.0,55516.5,-77807.81566270416,23952.621132792417
29079,Grundy,MO,10.7,11.0,20.9,8.9,20.5,11.2,20.9,16.9,14.0,23.2,14.1,33.0,32.5,16.0,39.6,4.3,38.7,15.8,5.6,10261.0,4204.0,350.0,0.5897086053990839,0.0,0.344995614462528,0.344995614462528,0.344995614462528,0.344995614462528,0.344995614462528,0.344995614462528,16.276050506506845,61143.82545560862,3.41097358931878,Missouri,Grundy County,1600.0,53839.0,57491.41272780431,-71056.34312402754,20015.35558515298
33003,Carroll,NH,6.9,10.3,12.5,5.2,11.2,7.0,21.4,9.6,6.9,12.9,8.9,31.2,18.0,8.9,30.5,2.6,35.4,7.9,3.4,47818.0,21052.0,437.0,0.0,0.0,0.1028273871763771,0.1028273871763771,0.0,0.3198377180141369,0.450938976954285,0.6450499811786357,9.620929823264,71722.02919402736,0.913881801831946,New Hampshire,Carroll County,3775.0,82961.0,77341.51459701368,-39255.47007157914,-403.6988830837763
51177,Spotsylvania,VA,9.8,10.7,14.7,5.4,12.7,11.1,21.9,13.4,10.2,17.8,11.8,34.4,23.9,12.0,40.0,3.1,41.1,9.9,4.3,122397.0,41942.0,524.0,0.6384061700858681,0.0,0.1457552064184579,0.216606616175233,0.1457552064184579,0.0301559678750296,0.0301559678750296,0.3998872521385328,7.9935521184412845,95997.2634705099,0.4281150681797756,Virginia,Spotsylvania County,9974.0,109576.0,102786.63173525497,13385.14712879894,-20807.876753836677
25019,Nantucket,MA,4.8,10.8,11.8,3.9,8.8,7.2,22.1,9.0,9.4,12.3,9.4,33.0,16.4,8.1,26.9,2.2,31.6,9.3,2.9,10172.0,4229.0,58.0,0.851946519858435,0.0,0.0,0.0,0.0,0.0,0.0,0.033621706645694,8.666997608439052,117433.21932756586,0.5701926858041683,Massachusetts,Nantucket County,428.0,119750.0,118591.60966378292,-72324.88499920825,21029.009918641525
5077,Lee,AR,16.0,11.0,23.1,10.2,23.1,17.1,35.4,34.6,26.4,33.6,26.1,38.4,41.2,21.9,47.0,7.1,46.2,25.1,9.7,10424.0,3624.0,1756.0,0.4127973906369915,0.0,0.6857252494244053,0.6857252494244053,0.4127973906369915,0.5627398311588642,0.5627398311588642,0.8356676899462778,25.786971862686933,42708.889006139674,16.845740598618573,Arkansas,Lee County,1926.0,36860.0,39784.44450306984,-74010.54392847241,22115.191455130047
51103,Lancaster,VA,9.4,11.4,16.2,6.6,14.9,11.6,23.1,17.0,15.2,19.9,14.1,34.6,25.2,13.8,36.5,3.9,38.7,11.4,5.1,11391.0,5265.0,183.0,0.0,0.0,0.0,0.0,0.0,0.0,0.3597577034500921,0.3072601176367308,9.196198832915227,69657.57966815907,1.6065314722149064,Virginia,Lancaster County,1391.0,67169.0,68413.28983407954,-72005.17159348568,20364.448056738987
18151,Steuben,IN,8.4,11.2,15.4,7.1,16.4,10.6,23.0,13.0,7.3,19.2,10.6,33.2,23.3,11.9,35.4,3.1,36.6,13.4,4.2,34185.0,13310.0,1300.0,0.4063478133684364,0.0,0.0,0.0,0.0,0.0,0.1515284481497733,0.0,10.917195545631866,66975.33731168641,3.802837501828287,Indiana,Steuben County,2912.0,71483.0,69229.16865584321,-50399.69998831729,7755.024456921885
12015,Charlotte,FL,13.0,9.9,14.4,6.2,14.2,9.8,23.8,15.7,12.8,17.0,12.8,34.0,21.6,11.5,31.6,3.2,37.1,15.6,4.6,159978.0,73370.0,3012.0,0.8709822600607584,0.0,0.1136531273050044,0.1754116190976259,0.1136531273050044,0.0194526747427771,0.1034642263311205,0.1754116190976259,11.10983735729203,59818.91258172999,1.88275887934591,Florida,Charlotte County,18219.0,66154.0,62986.456290865,60482.051642591134,-49826.773673495656
1013,Butler,AL,11.8,11.1,19.1,8.3,19.0,15.2,29.8,28.6,23.5,27.0,21.2,39.4,35.1,18.1,40.7,5.5,43.6,22.8,7.3,20947.0,8491.0,333.0,0.2108655177352365,0.0,0.4210149424738626,0.4210149424738626,0.144316608583568,0.4549577505132,0.4549577505132,0.8487611591158638,23.089127282609216,47799.858595502934,1.5897264524752948,Alabama,Butler County,3881.0,44881.0,46340.42929775147,-65429.48909265657,17798.725859312923
20107,Linn,KS,9.0,10.3,15.5,6.4,16.5,9.2,21.4,12.3,7.2,17.4,10.9,30.6,25.5,12.1,36.9,3.2,34.5,17.0,4.1,9656.0,4020.0,63.0,0.0,0.0,0.5543703396851698,0.5543703396851698,0.0,0.0,0.0,1.0,16.769144276325747,59634.229805302406,0.6524440762220383,Kansas,Linn County,1024.0,59200.0,59417.1149026512,-71567.2660955429,20436.870986477654
19063,Emmet,IA,9.5,10.1,15.3,6.6,17.0,10.0,24.6,14.2,11.8,18.6,11.5,33.5,26.2,11.9,43.2,3.4,34.2,15.5,4.5,10302.0,4236.0,540.0,0.634828188701223,0.0,0.187245195107746,0.508639099204038,0.0,0.0,0.0,0.508639099204038,12.156859943093698,67388.0517375267,5.241700640652301,Iowa,Emmet County,904.0,65181.0,66284.52586876335,-71349.87697838762,20689.21599328984
18071,Jackson,IN,10.6,10.8,16.0,7.5,17.4,11.6,24.1,15.6,8.6,20.7,12.1,34.0,25.9,13.1,39.4,3.5,37.1,13.7,4.8,42376.0,16501.0,595.0,0.6939777232395695,0.0,0.1071125165187842,0.1616952992259769,0.1071125165187842,0.1071125165187842,0.1071125165187842,0.1616952992259769,15.940176022987131,60048.466372474984,1.4040966584859351,Indiana,Jackson County,5067.0,70208.0,65128.23318623749,-41740.25183560744,5442.450606185295
20039,Decatur,KS,8.7,10.2,14.8,6.0,15.1,9.4,21.0,11.6,6.7,16.4,10.6,30.8,24.7,11.5,37.3,3.0,34.5,12.0,3.9,2961.0,1378.0,81.0,0.0,0.0,0.3728470111448835,0.3728470111448835,0.0,0.0,0.0,1.0,18.18758350672233,63646.08713272543,2.735562310030395,Kansas,Decatur County,345.0,52030.0,57838.043566362714,-77792.66597257799,23803.352659731332
13161,Jeff Davis,GA,19.3,10.8,20.0,9.4,20.9,14.4,26.1,26.2,23.2,27.4,19.8,39.4,34.8,18.1,40.4,5.8,37.3,20.6,7.8,15068.0,5689.0,111.0,0.4141226440138041,0.0,0.5232943987257764,0.5232943987257764,0.4141226440138041,0.8908282452880276,0.8908282452880276,1.0,20.550985553059036,45222.27813910273,0.7366604725245554,Georgia,Jeff Davis County,3935.0,40879.0,43050.63906955137,-66633.57833864444,20440.091907105936
5139,Union,AR,11.9,11.0,20.1,8.0,18.1,13.0,29.1,23.6,16.0,26.0,18.6,36.5,34.5,16.9,39.4,4.9,40.3,21.0,6.6,41639.0,16951.0,524.0,0.4654290448858041,0.0,0.3502965969403684,0.3502965969403684,0.2655443214294291,0.1126347895002281,0.2288239390955594,0.4096640169072264,20.687635451228505,55585.84156680036,1.2584356012392228,Arkansas,Union County,7327.0,50221.0,52903.42078340018,-49272.17183661326,9917.6013494456
5105,Perry,AR,11.0,10.3,19.6,8.1,18.0,10.8,26.5,17.6,11.0,23.2,13.7,34.5,32.0,15.3,38.6,4.1,40.2,17.9,5.5,10445.0,4170.0,152.0,0.0,0.0,0.0,0.0,0.0,0.5056965055050263,0.5056965055050263,0.8267113451412159,17.047160126968627,53220.95251316419,1.4552417424605075,Arkansas,Perry County,1558.0,60078.0,56649.4762565821,-70906.27773162391,20125.407044542437
40041,Delaware,OK,11.6,12.5,20.3,8.8,21.6,12.5,26.8,23.5,20.4,24.1,17.4,35.2,33.4,17.9,38.0,4.7,38.2,15.8,7.0,41487.0,17093.0,356.0,0.1845638392749536,0.0,0.1209294477788222,0.1209294477788222,0.0,0.0,0.1845638392749536,0.5097018343095427,19.1178474216256,49506.116036348736,0.8581001277508618,Oklahoma,Delaware County,7513.0,55114.0,52310.05801817437,-48209.64880336261,12648.462849177582
13127,Glynn,GA,13.2,10.3,15.5,6.5,15.0,12.0,23.8,17.8,14.6,20.1,15.3,36.1,26.4,13.1,35.5,4.0,40.5,13.9,5.4,79626.0,31774.0,1453.0,0.8294150151960414,0.0,0.3631225981463341,0.4665059151533419,0.3631225981463341,0.1965438424635169,0.451448019491121,0.4665059151533419,18.436670360644985,65441.490078617535,1.8247808504759753,Georgia,Glynn County,13668.0,68546.0,66993.74503930876,-17501.982084339237,-2963.2257597691787
13207,Monroe,GA,11.7,10.2,14.8,6.0,14.4,10.9,23.9,15.4,11.9,18.5,13.4,37.3,24.7,12.2,34.7,3.5,36.9,15.7,4.7,26424.0,9662.0,1208.0,0.0,0.0,0.0,0.0,0.0,0.4501967907962458,0.4501967907962458,0.6104299122010294,14.808705652964465,71170.57584014532,4.57160157432637,Georgia,Monroe County,3162.0,82863.0,77016.78792007266,-60224.915988862704,14084.028450962705
39001,Adams,OH,10.2,11.9,18.2,9.8,22.2,12.7,22.9,18.9,17.7,23.3,14.2,35.8,33.6,15.2,39.9,4.5,40.6,31.8,5.8,28550.0,11147.0,338.0,0.1733099824868651,0.0,0.3419614711033275,0.3419614711033275,0.1733099824868651,0.5857092819614711,0.8296322241681261,0.756077057793345,23.02716126095357,47923.45740805604,1.1838879159369526,Ohio,Adams County,5508.0,49521.0,48722.22870402802,-52996.8293477797,10498.058956237743
26061,Houghton,MI,6.5,11.4,15.1,7.4,15.7,9.8,21.6,13.9,13.6,17.5,11.1,31.7,22.4,11.8,36.9,3.4,30.9,7.6,4.4,36628.0,14232.0,2715.0,0.4259036802446216,0.0,0.257535218958174,0.4259036802446216,0.257535218958174,0.3765971388009173,0.3765971388009173,0.653680244621601,22.15542027986874,62231.95312329366,7.41236212733428,Michigan,Houghton County,5326.0,56573.0,59402.47656164683,-47383.70741059819,7041.900002636121
28057,Itawamba,MS,10.9,9.6,17.8,7.3,17.1,10.8,26.7,16.1,8.3,20.1,12.5,36.4,31.1,14.5,37.0,3.8,33.1,13.0,5.1,23401.0,8881.0,934.0,0.1437972736207854,0.0,0.1437972736207854,0.1437972736207854,0.1437972736207854,0.0,0.2656296739455578,0.1437972736207854,15.637309516971593,51122.01089697021,3.9912824238280415,Mississippi,Itawamba County,2423.0,59508.0,55315.005448485106,-59259.196573743386,13617.870252978866
46057,Hamlin,SD,9.5,9.9,13.7,5.5,15.2,9.0,23.8,15.7,12.8,15.3,12.8,34.0,22.7,10.2,35.1,2.9,31.8,10.8,3.9,5903.0,2108.0,245.0,0.0,0.0,0.0,0.0,0.0,0.0,0.0,0.0,5.774211831440986,69134.01507707946,4.150431983737083,South Dakota,Hamlin County,402.0,83194.0,76164.00753853974,-75225.2040464689,22312.265914083036
25025,Suffolk,MA,6.5,11.4,14.2,5.3,11.6,10.1,24.8,17.2,19.7,17.9,15.6,37.2,24.7,11.6,25.2,3.5,34.7,14.9,4.9,722023.0,292767.0,47228.0,0.999259026374506,0.0313397218648159,0.0236737610851731,0.2702199237420414,0.0236737610851731,0.2071305207728839,0.2494740472256424,0.6818342351974938,20.37929384534895,86742.56654012407,6.541065866322818,Massachusetts,Suffolk County,121929.0,92859.0,89800.78327006203,468540.3040744294,-81863.65123940671
54011,Cabell,WV,8.5,12.9,19.7,8.8,19.4,13.2,24.0,17.2,19.4,24.2,13.9,36.3,30.4,15.9,45.7,4.1,42.5,21.3,5.3,96319.0,41223.0,3936.0,0.6639811459836584,0.0295061202877936,0.0400336382229881,0.2958191011119301,0.0400336382229881,0.2247012531276279,0.3492976463626076,0.3625660565412847,23.779619739645103,55052.63094508871,4.086421163010414,West Virginia,Cabell County,17623.0,52828.0,53940.31547254436,4547.867829768438,-22486.0472365051
29153,Ozark,MO,12.4,11.4,23.4,10.8,24.0,12.5,21.3,20.9,19.3,27.2,16.6,32.3,35.5,18.6,42.3,5.3,41.2,23.0,7.0,9723.0,4194.0,123.0,0.0,0.0,1.0,1.0,0.0,0.4956289211148822,0.4956289211148822,1.0,26.23167502935783,41157.364188007814,1.2650416538105522,Missouri,Ozark County,1886.0,42329.0,41743.1820940039,-71092.37507290019,20352.32946161673
49037,San Juan,UT,12.4,13.3,21.5,8.0,16.2,13.7,25.3,26.2,16.7,25.7,18.5,34.8,24.6,17.9,34.4,5.0,38.8,21.2,8.1,14746.0,4505.0,289.0,0.0,0.0,0.4115692391156924,0.4115692391156924,0.4115692391156924,0.4115692391156924,0.2632578326325783,0.4115692391156924,25.70406480141748,55736.97504407975,1.9598535195985352,Utah,San Juan County,2601.0,54890.0,55313.487522039875,-70756.4291806026,22582.12222170391
22023,Cameron,LA,8.1,9.9,18.4,7.2,17.4,10.6,26.6,16.2,12.3,20.3,12.7,36.4,26.4,13.6,36.3,3.6,38.5,20.0,4.8,6839.0,2575.0,0.0,0.0,0.0,0.0,0.0,0.0,0.0,0.0,0.0,10.330840784467489,70709.38733733002,0.0,Louisiana,Cameron Parish,327.0,72500.0,71604.69366866502,-74429.60181603633,21888.439333057915
31183,Wheeler,NE,8.0,9.1,12.0,5.3,13.5,8.9,20.2,10.4,7.3,14.0,8.6,29.4,23.5,9.9,38.3,2.7,32.2,10.5,3.6,818.0,350.0,0.0,0.0,0.0,0.0,0.0,0.0,0.0,0.0,0.0,9.24574209245742,65909.0,0.0,Nebraska,Wheeler County,41.0,55893.0,60901.0,-79708.96775123243,24956.151177847725
32007,Elko,NV,14.2,10.6,17.4,6.9,16.9,10.4,25.0,17.5,14.8,21.7,14.9,34.0,25.6,13.8,37.6,3.9,37.8,18.4,5.6,48818.0,17442.0,570.0,0.3991970174935474,0.0,0.0546724568806587,0.1134007947888074,0.0546724568806587,0.0546724568806587,0.0546724568806587,0.1134007947888074,11.74095357940162,82958.637326396,1.1676021139743538,Nevada,Elko County,5829.0,83427.0,83192.818663198,-37875.75905895151,13785.80912079063
23031,York,ME,7.7,12.8,16.3,6.2,13.7,8.0,22.8,9.7,12.3,16.2,10.0,32.3,19.7,10.1,32.9,2.7,31.7,13.4,3.5,197131.0,81009.0,3105.0,0.4186860514074397,0.0,0.093917242848664,0.1292541507931274,0.093917242848664,0.0454570818389801,0.3299227417301185,0.2188950494848603,8.434449049040031,80665.35036600028,1.5750947339586368,Maine,York County,16428.0,82904.0,81784.67518300013,85667.3561424246,-79304.26321021198
47059,Greene,TN,13.1,11.2,20.3,9.1,21.3,12.1,23.8,15.7,12.8,23.9,12.8,34.0,29.3,16.1,40.6,4.2,42.0,15.5,5.7,68831.0,28018.0,1752.0,0.4327701181153841,0.0,0.2832589966730107,0.2832589966730107,0.196829916752626,0.196829916752626,0.196829916752626,0.5482994580930104,17.194351198854093,50059.285394662285,2.545364733913498,Tennessee,Greene County,10458.0,54071.0,52065.142697331146,-17178.771720381825,-9015.601013715128
40109,Oklahoma,OK,12.6,11.5,17.1,6.6,14.5,12.0,25.7,18.9,15.3,19.9,15.9,32.1,29.1,15.9,37.9,4.0,36.5,14.8,5.8,718633.0,287598.0,15025.0,0.9125283698355072,0.0016948845933877,0.1298298296905374,0.4293304092631426,0.1298298296905374,0.1449404633519473,0.1754636928724397,0.478469538693603,17.507733799728914,67892.82055861615,2.0907751244376476,Oklahoma,Oklahoma County,123302.0,65374.0,66633.41027930807,503129.2748294387,-135541.8862428299
47129,Morgan,TN,13.9,11.0,20.8,9.5,22.4,12.4,23.8,15.7,12.8,24.9,12.8,34.0,29.1,16.3,43.0,4.4,41.7,19.5,5.9,21987.0,7692.0,2527.0,0.0,0.0,0.1504980215581934,0.1504980215581934,0.0,0.2252694774184745,0.2252694774184745,0.8498658298085232,21.594254500988537,49276.38354482194,11.493155046163642,Tennessee,Morgan County,3544.0,57408.0,53342.191772410966,-60518.46662842738,14126.483296869672
46099,Minnehaha,SD,8.9,9.7,13.3,5.3,14.1,10.0,23.8,15.7,12.8,15.6,12.8,34.0,23.2,10.5,37.1,2.9,28.2,6.4,3.9,169468.0,67028.0,6291.0,0.8332782590223523,0.0,0.1583366771307857,0.3665588783723181,0.1583366771307857,0.1290686147237236,0.1961963320508886,0.3993261264663535,11.191637933541672,76067.67364340171,3.7122052540892674,South Dakota,Minnehaha County,17316.0,76074.0,76070.83682170085,61266.30298616673,-51522.029296607085
48219,Hockley,TX,23.8,9.7,17.3,6.4,14.7,12.9,23.8,15.7,12.8,24.9,12.8,34.0,31.6,15.3,36.4,4.5,41.4,16.4,6.8,22935.0,8242.0,641.0,0.6139088729016786,0.0,0.4695007630259429,0.4695007630259429,0.4039241334205363,0.2155221277523435,0.2155221277523435,0.4695007630259429,15.74700452813526,59307.37383911053,2.7948550250708526,Texas,Hockley County,2628.0,54810.0,57058.686919555264,-56908.97089608431,23714.68595558588
12011,Broward,FL,17.3,9.2,13.7,5.3,11.8,11.4,23.8,15.7,12.8,19.6,12.8,34.0,25.2,12.6,30.4,3.7,40.5,12.4,5.8,1748066.0,686047.0,16892.0,0.9951277583340676,0.0,0.0506834410142408,0.2509310289199606,0.0506834410142408,0.1186768691799966,0.2219641592479918,0.2972656638822561,13.339206775547186,74388.70374859989,0.9663250701060486,Florida,Broward County,235824.0,74534.0,74461.35187429994,1364156.4045611916,-314299.4725749703
37037,Chatham,NC,10.2,10.3,13.8,5.4,11.9,9.4,20.8,12.7,9.3,15.8,10.8,30.1,20.4,11.1,30.2,3.1,30.1,11.0,4.3,63505.0,25845.0,778.0,0.2330997559247303,0.0,0.3081647114400441,0.3081647114400441,0.1648374143768207,0.0738996929375639,0.4060467679710259,0.3542870640107078,12.32076571307517,83619.95307456105,1.225100385796394,North Carolina,Chatham County,8111.0,88534.0,86076.97653728053,-27736.326940648294,4665.949379155583
13109,Evans,GA,18.1,11.0,18.8,8.5,19.6,14.8,27.1,26.2,23.1,26.4,20.7,39.9,34.3,17.2,42.6,5.6,41.7,21.0,7.6,11000.0,4033.0,404.0,0.0,0.0,0.0,0.0,0.0,0.3535454545454545,0.3535454545454545,1.0,27.36493210402256,49353.599,3.672727272727273,Georgia,Evans County,1870.0,53908.0,51630.7995,-71567.04501242566,22758.632926142058
56025,Natrona,WY,11.9,10.4,15.1,6.3,15.0,9.6,23.8,15.7,12.8,17.6,12.8,34.0,25.5,12.0,36.4,3.2,35.2,14.5,4.3,75450.0,30616.0,1645.0,0.7074088800530153,0.0,0.0581179589131875,0.1080980781974817,0.0581179589131875,0.0581179589131875,0.2076341948310139,0.2248111332007952,9.7158168573416,77459.70954274354,2.18025182239894,Wyoming,Natrona County,7620.0,71247.0,74353.35477137177,-14728.29269753005,-8981.943126607508
38065,Oliver,ND,7.0,10.1,12.6,5.1,13.7,8.3,22.0,9.5,5.5,14.6,8.6,29.6,21.7,9.5,34.6,2.7,34.3,9.0,3.5,1846.0,756.0,2.0,0.0,0.0,0.0,0.0,0.0,0.0,0.0,0.0,9.01146914254506,81652.0,0.1083423618634886,North Dakota,Oliver County,86.0,76953.0,79302.5,-78895.16332158122,24397.455119910413
19083,Hardin,IA,8.0,10.1,15.0,6.5,16.9,9.9,23.8,13.1,11.3,17.8,10.6,32.7,25.2,11.5,39.2,3.3,32.8,11.3,4.2,17534.0,7296.0,870.0,0.3510322801414395,0.0,0.0,0.0,0.0,0.0,0.0,0.0,7.892149568531725,70299.18792061138,4.961788525151135,Iowa,Hardin County,1381.0,64906.0,67602.59396030569,-65088.90453594437,16422.611507790123
54083,Randolph,WV,9.4,12.1,19.7,8.9,20.8,12.7,24.5,17.2,18.5,24.0,13.5,36.9,31.4,15.3,46.2,4.0,44.8,21.3,5.2,29405.0,11695.0,2273.0,0.1263730658051352,0.0,0.1550076517599047,0.2813807175650399,0.0,0.4761775208297908,0.6031967352491073,0.6311851725896956,19.263749265886037,53203.63329365754,7.72997789491583,West Virginia,Randolph County,3725.0,55057.0,54130.31664682877,-53830.879828983496,9727.886730210128
40113,Osage,OK,10.6,12.3,18.3,7.4,18.4,11.4,27.0,19.5,16.3,20.7,15.7,34.8,30.0,15.5,46.4,4.1,37.7,18.0,5.9,47472.0,18205.0,1504.0,0.3729145601617796,0.0,0.4029533198517021,0.4029533198517021,0.3729145601617796,0.2264703404111897,0.3525025278058645,0.4029533198517021,16.846841099904214,59201.45635321874,3.168183350185373,Oklahoma,Osage County,5591.0,60482.0,59841.728176609366,-45655.4310034054,9422.797183439694
29099,Jefferson,MO,8.2,10.5,17.4,6.8,16.3,9.4,19.5,11.6,8.6,18.5,10.9,30.6,26.6,12.7,39.7,3.1,37.4,15.0,4.2,218733.0,81700.0,1983.0,0.6122715822486776,0.0,0.1208825371571733,0.1208825371571733,0.1208825371571733,0.105896229649847,0.2582829294162289,0.232891241833651,10.307026211437076,72007.2359589088,0.9065847402998176,Missouri,Jefferson County,19263.0,80522.0,76264.6179794544,107993.23118243308,-89448.08982226654
27011,Big Stone,MN,8.6,10.3,14.8,5.7,16.6,9.3,21.3,12.9,9.9,16.7,10.5,30.6,24.7,11.0,38.2,3.3,31.0,11.9,4.2,5269.0,2293.0,137.0,0.0,0.0,0.0,0.0,0.0,0.0,0.0,0.3755930916682482,11.348606897786158,69432.6006832416,2.6001138736003035,Minnesota,Big Stone County,572.0,65475.0,67453.80034162081,-75816.19808204156,22498.32557288815
30039,Granite,MT,10.5,11.2,15.7,6.4,15.1,8.4,22.3,12.9,9.5,18.0,10.4,31.5,21.4,11.4,30.6,3.4,33.1,17.2,4.5,3079.0,1417.0,40.0,0.0,0.0,0.0,0.0,0.0,0.0,0.0,0.0,8.19059483027094,55691.0,1.2991230919129588,Montana,Granite County,349.0,54646.0,55168.5,-77702.13297454332,23764.176714234323
37085,Harnett,NC,12.3,11.0,16.6,6.7,15.2,11.1,24.1,17.4,14.3,20.2,14.3,33.9,25.7,13.8,36.7,4.0,37.5,14.8,5.5,114678.0,41594.0,3380.0,0.3491166570745914,0.0,0.1771917891836272,0.1771917891836272,0.1771917891836272,0.2391304347826087,0.3927518791747327,0.4314777027851898,17.64523167789224,59115.13521338008,2.947383107483563,North Carolina,Harnett County,19368.0,69012.0,64063.56760669004,15386.030437635418,-9027.531601140723
2180,Nome,AK,13.5,12.7,19.8,9.1,28.7,13.7,31.6,31.8,24.2,28.7,22.8,35.5,30.3,18.1,38.8,5.6,44.0,27.4,9.4,9492.0,2815.0,219.0,0.0,0.0,0.6031394858828487,0.6031394858828487,0.6031394858828487,0.6031394858828487,0.6031394858828487,0.6031394858828487,23.207763670332703,57847.38980193847,2.307206068268015,Alaska,Nome Census Area,2026.0,76643.0,67245.19490096923,-76133.82522891894,25039.27522514369
29077,Greene,MO,8.6,10.8,18.1,7.3,16.4,10.2,19.2,13.9,10.9,19.3,12.3,31.9,25.8,13.9,37.8,3.5,37.6,21.8,4.7,275174.0,114244.0,11242.0,0.8140631018918939,0.0166440143327494,0.1360302935597113,0.3935364532986401,0.1360302935597113,0.1835238794362839,0.2201043703256848,0.4403104944507838,18.87371725296254,59512.828850109385,4.085415046479682,Missouri,Greene County,41698.0,57488.0,58500.414425054696,164116.31717518906,-103937.33362588083
55043,Grant,WI,8.7,11.1,14.9,6.5,16.5,10.3,20.8,13.6,15.2,18.1,10.9,31.2,30.8,12.7,42.7,3.6,35.9,17.5,4.5,51208.0,19396.0,3897.0,0.3992540228089361,0.0,0.3196766130292142,0.3196766130292142,0.3196766130292142,0.0,0.0738947039525074,0.391071707545696,14.634292352158983,69073.95699890642,7.610139040774879,Wisconsin,Grant County,6469.0,64349.0,66711.47849945321,-35561.374491201925,-1759.264274262714
30003,Big Horn,MT,14.5,14.1,21.0,9.2,25.3,13.8,28.3,30.1,23.6,28.8,22.1,37.8,28.0,18.0,35.8,5.8,36.7,27.5,9.2,12865.0,4004.0,137.0,0.0,0.0,0.6485036921881072,0.6485036921881072,0.1116206762534007,0.1116206762534007,0.0,1.0,25.92596771395951,51115.751496307814,1.0649047804119705,Montana,Big Horn County,2984.0,56680.0,53897.87574815391,-72756.00006553245,24116.83867141236
18157,Tippecanoe,IN,8.8,10.8,15.0,7.2,15.2,11.6,22.7,15.0,9.1,19.5,11.9,32.1,22.6,12.5,30.8,3.5,37.6,9.6,4.9,172780.0,65532.0,14463.0,0.8897268202338233,0.058814677624725,0.3427885171894895,0.5302754948489409,0.3427885171894895,0.3224042134506308,0.3588783424007408,0.5302754948489409,21.516770585288437,69863.42776363005,8.370760504688043,Indiana,Tippecanoe County,32500.0,58622.0,64242.71388181503,68189.44386226748,-40930.12279039346
19017,Bremer,IA,6.1,9.8,12.9,5.4,14.2,8.4,22.4,9.8,7.9,14.7,8.5,30.8,21.4,9.6,38.6,2.6,34.5,9.3,3.3,24276.0,9385.0,1718.0,0.2556022408963585,0.0,0.0,0.1108090294941506,0.0,0.0,0.0,0.1108090294941506,9.174791402677537,84465.4049678695,7.0769484264293965,Iowa,Bremer County,1767.0,83343.0,83904.20248393476,-60164.49807494052,12181.817850123001
34021,Mercer,NJ,11.9,8.9,11.8,4.4,10.7,9.8,26.0,15.8,9.1,16.7,14.3,33.1,23.9,9.7,25.5,3.1,37.0,11.4,4.5,366513.0,133155.0,18805.0,0.9523045567278652,0.0233934403418159,0.0127744445626758,0.2243303784586085,0.0127744445626758,0.1247950277343504,0.3469917847388769,0.3405008826426348,11.270713561864795,111035.30807638474,5.130786629669343,New Jersey,Mercer County,40446.0,96333.0,103684.15403819236,184709.73622475343,-61106.0529406944
1109,Pike,AL,10.7,10.9,18.0,7.9,17.2,14.6,26.0,24.8,20.0,24.7,18.5,35.8,29.2,17.2,43.3,5.1,40.1,16.6,6.7,32899.0,13210.0,1963.0,0.4582510106690173,0.0,0.213471534089182,0.213471534089182,0.213471534089182,0.213471534089182,0.4582510106690173,0.6204747864676738,26.885558604581945,52014.751238639474,5.966746709626433,Alabama,Pike County,7130.0,47961.0,49987.87561931973,-56337.37020750549,13906.001554298044
56003,Big Horn,WY,13.9,10.5,16.4,7.0,16.1,9.8,23.8,15.7,12.8,19.4,12.8,34.0,26.2,12.8,33.9,3.6,31.9,18.8,4.9,11668.0,4561.0,183.0,0.0,0.0,0.0,0.0,0.0,0.0,0.0,0.0,12.596885739076662,65418.37195749057,1.5683921837504284,Wyoming,Big Horn County,1372.0,60547.0,62982.685978745285,-69777.25604518654,20087.294648386218
28009,Benton,MS,13.4,10.2,19.8,8.3,19.7,14.0,31.4,24.9,15.4,25.6,19.5,38.0,34.8,18.1,42.3,5.3,38.3,24.6,7.1,8729.0,3404.0,78.0,0.0,0.0,1.0,1.0,0.0,0.0,0.0,1.0,23.398603984042325,48033.44426623897,0.8935731469813266,Mississippi,Benton County,1316.0,42139.0,45086.22213311949,-74027.60454801336,22070.63979621625
34023,Middlesex,NJ,11.2,8.3,11.1,3.9,10.1,10.3,25.5,14.2,7.3,16.4,12.2,34.8,24.7,9.6,29.7,2.7,39.4,6.6,4.2,809858.0,281186.0,23835.0,0.9766144188240408,0.0107846066841347,0.0285222841535182,0.1098155479108683,0.0285222841535182,0.0403354662175344,0.2238552931501571,0.2109542660565185,8.862741436580825,104445.29090284964,2.9431085449547947,New Jersey,Middlesex County,71078.0,109028.0,106736.64545142482,487795.7749837748,-103929.31657721486
48417,Shackelford,TX,12.3,10.0,14.5,5.6,12.8,9.5,23.8,15.7,12.8,17.5,12.8,34.0,22.5,11.5,33.8,3.1,37.1,8.9,4.2,3378.0,1367.0,36.0,0.0,0.0,0.0,0.0,0.0,0.0,0.0,1.0,14.794520547945202,54265.0,1.0657193605683837,Texas,Shackelford County,363.0,64659.0,59462.0,-77345.63934890178,23934.89708792544
41059,Umatilla,OR,13.8,12.0,17.5,7.0,14.9,11.4,23.8,15.7,12.8,22.8,12.8,34.0,24.5,14.0,37.9,4.0,33.9,13.2,5.7,75889.0,26904.0,3985.0,0.5364809129122797,0.0,0.1831886044090711,0.1831886044090711,0.1831886044090711,0.1831886044090711,0.4611076704133668,0.3424606991790641,18.233260089730106,61383.2211519456,5.251090408359578,Oregon,Umatilla County,9606.0,68958.0,65170.6105759728,-9539.89685099051,9166.66145855052
35045,San Juan,NM,13.3,12.1,20.0,8.1,20.5,12.8,28.0,27.4,24.9,26.3,21.3,38.0,25.8,16.6,35.2,5.5,38.2,26.6,8.3,130044.0,44404.0,1754.0,0.5997816123773492,0.0,0.3940435544892497,0.4737781058718587,0.2923856540863092,0.2288148626618683,0.298306726953954,0.5090584725169942,21.40884948995,58967.18436067792,1.3487742610193474,New Mexico,San Juan County,27779.0,53020.0,55993.592180338965,14738.991087554095,12063.244094654227
27099,Mower,MN,11.1,10.0,15.1,5.7,16.3,10.1,24.1,15.9,11.2,17.8,12.5,31.7,27.5,11.4,38.3,3.5,34.8,14.3,4.7,39163.0,15828.0,632.0,0.6548783290350586,0.0,0.1480989709674948,0.478666087889079,0.1480989709674948,0.1275438551694201,0.1275438551694201,0.478666087889079,13.104759604052992,68321.18588974288,1.6137680974389093,Minnesota,Mower County,4782.0,71495.0,69908.09294487143,-44978.86938747229,9037.946864238636
5003,Ashley,AR,13.7,11.2,22.3,9.5,20.7,14.2,29.8,26.5,19.3,29.2,20.1,38.5,39.4,19.1,45.2,5.6,43.8,30.3,7.7,21853.0,8765.0,191.0,0.3906557452066078,0.0,0.3533153342790464,0.3533153342790464,0.2650894614011806,0.2650894614011806,0.3475037752253695,0.5812931862902119,20.419222561777897,50013.63304809408,0.8740218734269894,Arkansas,Ashley County,4215.0,44481.0,47247.31652404704,-62803.587462862604,17154.625923160464
51810,Virginia Beach,VA,8.3,10.6,13.7,5.1,12.0,11.2,21.7,12.5,9.7,16.8,11.2,36.1,21.7,11.6,36.6,2.9,37.3,8.5,4.1,437994.0,165089.0,9253.0,0.9818399338803728,0.0029635109156746,0.0706379539445745,0.2188020840468134,0.0706379539445745,0.0359822280670511,0.0824828650620784,0.2748279656798951,7.576156759262782,87780.71551436778,2.1125860171600523,Virginia,Virginia Beach city,37541.0,90685.0,89232.8577571839,228764.81196017883,-125642.92076066771
20195,Trego,KS,7.9,9.9,14.1,5.7,14.3,8.7,20.8,10.5,5.7,15.1,9.7,31.5,24.0,10.8,40.3,2.8,36.4,13.6,3.5,3001.0,1358.0,64.0,0.0,0.0,0.0,0.0,0.0,0.0,0.0,0.0,7.63963963963964,70521.0,2.132622459180274,Kansas,Trego County,149.0,73375.0,71948.0,-77897.61653037077,23782.618466941392
13229,Pierce,GA,14.5,10.5,17.7,8.0,18.4,12.1,24.1,18.6,16.1,22.4,15.0,37.9,29.4,14.8,36.1,4.5,35.8,16.0,5.9,18758.0,7083.0,142.0,0.0,0.0,0.1547073248747201,0.1547073248747201,0.0,0.3395884422646337,0.3395884422646337,1.0,21.62706481999464,50559.94796886662,0.7570103422539717,Georgia,Pierce County,2605.0,56691.0,53625.47398443331,-63613.51097526934,17009.241267038717
41055,Sherman,OR,9.7,12.6,17.8,7.4,15.9,10.4,23.8,15.7,12.8,21.0,12.8,34.0,22.3,13.3,36.7,3.8,31.9,13.3,5.1,1765.0,777.0,0.0,0.0,0.0,0.0,0.0,0.0,0.0,0.0,0.0,13.054341036852,64188.0,0.0,Oregon,Sherman County,341.0,59500.0,61844.0,-78875.36410598131,24568.827504402318
22029,Concordia,LA,11.5,11.2,23.0,10.5,23.6,16.8,32.0,33.7,32.3,31.0,24.4,39.7,37.7,20.9,45.9,6.9,43.8,22.9,9.2,20822.0,7613.0,1485.0,0.4866487369128806,0.0,0.4866487369128806,0.4866487369128806,0.4866487369128806,0.4866487369128806,0.4866487369128806,0.6937854192680818,26.862531150273096,45787.7958889636,7.131879742579963,Louisiana,Concordia Parish,5926.0,37349.0,41568.39794448179,-65024.276627777566,17649.672206098654
27005,Becker,MN,8.0,10.3,14.7,5.6,16.0,8.9,20.8,13.3,9.7,16.7,10.5,28.8,22.7,11.0,37.3,3.2,29.5,13.5,4.2,32504.0,13224.0,458.0,0.2350172286487817,0.0,0.5147674132414473,0.5147674132414473,0.2350172286487817,0.3529411764705882,0.3529411764705882,0.5147674132414473,12.21312759493881,69589.20926655181,1.4090573467880876,Minnesota,Becker County,3802.0,71117.0,70353.10463327591,-53226.49919011668,9945.953518567952
29059,Dallas,MO,10.8,11.1,21.5,9.5,21.8,11.7,20.4,18.1,15.7,24.0,14.8,32.3,33.0,16.7,39.3,4.5,38.7,22.8,6.0,16777.0,6524.0,199.0,0.309828932467068,0.0,0.5914048995648805,0.5914048995648805,0.309828932467068,0.5914048995648805,0.5914048995648805,0.5914048995648805,15.070716668441897,50872.67079930858,1.186147702211361,Missouri,Dallas County,3649.0,53177.0,52024.83539965429,-64542.54942756092,16855.824404353636
16073,Owyhee,ID,18.1,11.1,20.2,7.8,16.7,11.1,23.7,21.5,15.4,23.7,16.4,31.3,29.4,17.0,33.5,4.7,36.2,17.0,6.9,11526.0,4076.0,160.0,0.0,0.0,0.3394933194516745,0.3394933194516745,0.3394933194516745,0.3394933194516745,0.0,1.0,20.96116470026435,50330.31945167448,1.388165885823356,Idaho,Owyhee County,1620.0,59773.0,55051.659725837235,-69520.29794840836,23459.082343724032
18139,Rush,IN,8.8,11.7,17.1,8.4,19.0,11.5,23.1,15.6,9.7,21.3,11.9,34.1,26.0,13.7,39.0,3.7,39.4,21.1,4.9,17392.0,6767.0,178.0,0.3757474701011959,0.0,0.0,0.171055657773689,0.0,0.0,0.0,0.171055657773689,17.005147576133396,59747.238672953084,1.0234590616375343,Indiana,Rush County,2135.0,64393.0,62070.11933647654,-64802.73449204926,16141.92008242777
1035,Conecuh,AL,13.6,11.3,20.9,9.7,21.5,16.8,30.3,32.8,28.8,30.6,23.5,39.2,36.6,20.6,46.8,6.5,43.7,25.5,8.7,13228.0,5625.0,45.0,0.0,0.0,0.7352585424856365,0.7352585424856365,0.0,0.1338826731176292,0.1338826731176292,0.8691412156032658,22.763353464576287,41528.70350771092,0.3401874811006955,Alabama,Conecuh County,3125.0,42266.0,41897.35175385546,-70667.2776737246,20914.185915465907
22095,St. John the Baptist,LA,10.0,10.7,18.7,6.8,16.7,14.9,32.7,27.5,22.5,24.9,22.1,38.7,30.9,16.4,41.5,5.0,44.9,20.6,6.9,45924.0,15965.0,471.0,0.731904886333943,0.0,0.19085881020817,0.2461022559010539,0.19085881020817,0.2034665969863252,0.3629257033359463,0.4557312080829196,19.5736323554128,60170.92448392997,1.0256075254768748,Louisiana,St. John the Baptist Parish,5146.0,67418.0,63794.46224196498,-51666.559206526355,12170.004138992641
29165,Platte,MO,7.2,9.9,14.6,5.2,12.1,8.8,18.1,9.7,6.8,15.1,9.8,28.9,22.1,10.6,36.7,2.6,35.6,11.9,3.6,89322.0,36103.0,869.0,0.8031727905779091,0.0,0.0865968070576117,0.1182575401356888,0.0865968070576117,0.1182575401356888,0.2493786525156176,0.1182575401356888,6.999741017216939,92606.2349365218,0.9728846196905576,Missouri,Platte County,7370.0,95748.0,94177.1174682609,-9051.0277729105,-15240.188942862693
48171,Gillespie,TX,15.1,9.6,14.1,5.3,11.9,9.5,23.8,15.7,12.8,17.8,12.8,34.0,23.1,11.4,33.7,3.0,36.1,12.5,4.3,24837.0,10572.0,390.0,0.0,0.0,0.0,0.0,0.0,0.0,0.5313041027499296,0.0,11.4098071753019,72355.1015420542,1.570237951443411,Texas,Gillespie County,2549.0,67799.0,70077.0507710271,-56971.79962883276,16664.24637126462
8079,Mineral,CO,7.6,10.8,13.2,5.0,10.6,7.3,23.8,15.7,12.8,13.4,12.8,34.0,14.9,9.0,25.1,2.6,31.2,9.3,3.5,712.0,355.0,0.0,0.0,0.0,0.0,0.0,0.0,0.0,0.0,1.0,12.0291616038882,64659.0,0.0,Colorado,Mineral County,104.0,52455.0,58557.0,-79832.96676174994,25026.561325095863
49013,Duchesne,UT,11.4,11.3,17.9,6.5,11.8,10.2,21.6,15.5,9.5,19.5,12.0,31.4,23.8,12.5,31.6,3.7,32.0,16.3,5.2,18607.0,6003.0,297.0,0.4101682162626968,0.0,0.206750147793841,0.206750147793841,0.206750147793841,0.206750147793841,0.0,0.206750147793841,13.36436016627158,70579.18197452571,1.596173483097759,Utah,Duchesne County,2605.0,74738.0,72658.59098726285,-63801.399198482206,17319.98757866917
13081,Crisp,GA,16.6,11.7,19.3,9.1,20.4,16.0,27.5,29.5,28.1,28.0,23.3,41.0,35.3,18.5,44.9,6.3,41.5,27.2,8.3,23439.0,9079.0,506.0,0.2375527966210162,0.0,0.2375527966210162,0.2375527966210162,0.2375527966210162,0.4137548530227399,0.4137548530227399,0.9300738086095824,30.14327991204014,41588.7037416272,2.158795170442425,Georgia,Crisp County,4695.0,42745.0,42166.8518708136,-62486.594154588376,17784.303162284978
28091,Marion,MS,13.3,10.4,20.6,9.0,20.9,14.4,30.8,26.8,17.0,26.6,19.9,38.3,35.7,18.9,43.6,5.7,40.9,25.6,7.6,27088.0,10135.0,693.0,0.1547548730064973,0.0,0.2897962197282929,0.2897962197282929,0.1547548730064973,0.4644861193148257,0.4644861193148257,0.7756940342587123,28.64749703273377,43206.63349084465,2.558328411104548,Mississippi,Marion County,4774.0,42320.0,42763.31674542233,-58660.146954450705,14644.912319366125
38003,Barnes,ND,7.2,10.1,12.9,5.5,14.3,9.0,21.1,10.9,6.9,15.8,9.3,28.2,22.2,10.2,38.5,3.0,32.4,11.8,3.9,11066.0,4826.0,492.0,0.5992228447496837,0.0,0.0,0.0,0.0,0.0,0.2717332369419845,0.0,10.611913655336933,81977.71913970722,4.446050966925719,North Dakota,Barnes County,1149.0,70230.0,76103.85956985361,-71210.47121821714,19440.297190957328
17145,Perry,IL,10.6,10.6,16.3,8.0,18.1,11.2,27.7,18.7,18.6,21.7,15.1,35.8,25.9,14.0,41.1,4.1,40.0,13.2,5.4,22350.0,8335.0,2500.0,0.3039821029082774,0.0,0.3039821029082774,0.3039821029082774,0.3039821029082774,0.6517225950782998,0.6517225950782998,0.7530648769574944,16.370479299053017,61240.21324384787,11.185682326621924,Illinois,Perry County,3098.0,59286.0,60263.10662192394,-61826.56525743067,14688.920684718283
1063,Greene,AL,15.4,12.3,22.6,10.7,23.8,21.1,33.8,44.4,42.2,36.0,31.8,40.5,42.0,25.0,53.4,8.9,51.0,31.4,11.7,9045.0,3764.0,45.0,0.0,0.0,0.5124378109452736,0.5124378109452736,0.0,1.0,1.0,1.0,37.73277787786894,30384.621006080703,0.4975124378109453,Alabama,Greene County,2697.0,31495.0,30939.810503040353,-75097.29984555638,23436.973870932976
28117,Prentiss,MS,11.4,9.9,18.9,8.1,18.5,12.3,27.9,19.6,11.2,23.0,14.9,35.5,33.2,16.0,41.3,4.5,37.7,20.8,6.0,25276.0,9812.0,864.0,0.2563696787466371,0.0,0.2563696787466371,0.2563696787466371,0.2563696787466371,0.5092973571767685,0.5092973571767685,0.5869203987972781,24.11153439657402,47981.99853616078,3.418262383288495,Mississippi,Prentiss County,3211.0,51466.0,49723.99926808039,-57895.59961907339,13590.6410276792
18047,Franklin,IN,8.0,11.3,15.8,7.4,17.1,10.7,23.5,13.0,7.3,19.2,10.4,33.5,24.3,12.0,40.5,3.1,34.9,18.2,4.2,23087.0,8579.0,187.0,0.0,0.0,0.1687096634469615,0.1687096634469615,0.0,0.0,0.0,0.2845757352622688,8.433691559597067,66313.30376402305,0.809979642222896,Indiana,Franklin County,1942.0,79702.0,73007.65188201153,-60227.61079988886,12848.944014820254
20123,Mitchell,KS,8.9,10.3,15.8,6.7,16.4,9.8,21.8,12.6,7.6,17.7,11.1,31.3,26.4,12.4,39.3,3.3,36.1,11.2,4.2,6373.0,2790.0,246.0,0.703907108112349,0.0,0.0,0.0,0.0,0.0,0.0,0.0,16.4375655365985,60307.53255923427,3.860034520633924,Kansas,Mitchell County,702.0,58233.0,59270.266279617135,-74659.22835336793,21993.97018534655
51113,Madison,VA,9.1,11.0,16.1,6.3,14.6,10.2,21.6,12.7,10.5,17.9,10.8,34.6,23.6,12.4,37.7,3.2,35.4,11.2,4.3,13308.0,5083.0,193.0,0.0,0.0,0.0,0.0,0.0,0.4489780583107905,0.4489780583107905,0.4489780583107905,8.373913647337591,63924.25285542531,1.4502554854223024,Virginia,Madison County,967.0,82972.0,73448.12642771265,-69162.75653664046,19040.145772117976
6055,Napa,CA,10.2,9.5,14.3,4.6,10.6,9.3,26.1,15.0,12.7,19.4,13.5,34.7,22.2,11.7,28.2,3.2,32.9,6.5,4.7,136484.0,48876.0,4918.0,0.8062776589197268,0.0090120453679552,0.0,0.1347483954163125,0.0,0.0209255297324228,0.0754887019723923,0.184439201664664,8.579067403396811,99946.77889716013,3.6033527739515256,California,Napa County,11238.0,108970.0,104458.38944858008,36891.17412761561,10560.388098419973
20199,Wallace,KS,10.3,10.3,16.0,6.8,16.6,10.2,21.1,13.7,8.3,18.4,12.1,31.2,27.3,12.8,37.3,3.5,35.9,12.0,4.5,1485.0,620.0,19.0,0.0,0.0,0.0,0.0,0.0,0.0,0.0,0.0,11.6548615582743,83586.0,1.2794612794612794,Kansas,Wallace County,184.0,60263.0,71924.5,-79109.5286511451,24713.397656526155
26103,Marquette,MI,6.1,11.5,15.0,7.0,14.9,9.4,21.5,13.0,12.4,16.7,10.6,31.1,21.0,11.2,38.0,3.2,31.1,10.1,4.1,67077.0,27538.0,4757.0,0.4823710064552678,0.038120369128017,0.0860205435544225,0.2215215349523681,0.0516123261326535,0.088510219598372,0.1672257256585715,0.3182611029115792,17.922578529720404,66456.61705204466,7.091849665310017,Michigan,Marquette County,8538.0,64675.0,65565.80852602233,-23480.02433407581,-8757.305304448655
51685,Manassas Park,VA,18.1,9.7,16.4,5.6,13.5,13.9,25.6,20.7,14.9,23.4,16.7,36.1,31.0,14.8,38.0,4.1,39.0,11.5,6.4,14273.0,4507.0,6.0,1.0,0.0,0.4377495971414559,0.4377495971414559,0.4377495971414559,0.0,0.0,0.4377495971414559,9.718711738266808,90788.24647936664,0.042037413297835,Virginia,Manassas Park city,979.0,100668.0,95728.12323968332,-68820.24949728628,25181.659812802907
39003,Allen,OH,8.7,11.2,15.6,7.7,17.6,12.2,23.0,15.7,13.4,19.6,13.4,38.1,28.1,12.7,40.0,3.6,41.5,15.4,4.7,106331.0,40619.0,5934.0,0.6485220678823673,0.039668582069199,0.0768637556310013,0.3179881690193828,0.0768637556310013,0.1811325013401548,0.2987745812604038,0.338217453047559,15.08947423002938,60520.74051781701,5.580686723533118,Ohio,Allen County,12815.0,62001.0,61260.8702589085,7050.20797921464,-23667.831988939328
12009,Brevard,FL,12.4,9.7,14.1,5.9,13.0,10.0,23.8,15.7,12.8,16.9,12.8,34.0,21.9,11.5,34.2,3.1,35.6,10.8,4.5,543376.0,229692.0,7735.0,0.9217521568858396,1.2882423956891728e-05,0.1775510880127205,0.2665134271664556,0.1775510880127205,0.164646579900474,0.3007493890050352,0.2954767969141073,12.832046897681264,68368.80473189836,1.423507847236536,Florida,Brevard County,60603.0,75817.0,72092.90236594918,378502.62447811745,-196904.67793011098
16015,Boise,ID,8.7,10.8,15.6,5.5,11.9,8.2,20.5,11.2,7.5,15.5,9.7,29.6,20.3,12.0,31.3,2.9,32.6,11.4,4.0,7028.0,2974.0,34.0,0.0,0.0,0.0,0.0,0.0,0.0,1.0,0.0,13.1271960646521,66304.0,0.4837791690381332,Idaho,Boise County,658.0,77349.0,71826.5,-74198.5581863356,21919.498757084817
29037,Cass,MO,8.4,10.2,16.4,6.2,15.1,9.5,19.6,11.3,8.0,17.2,11.1,29.6,25.0,11.7,37.8,3.0,39.3,12.5,3.9,99478.0,37150.0,1044.0,0.636221074006313,0.0,0.2010695832244315,0.2010695832244315,0.1610305796256458,0.1120549267174651,0.2040049056072699,0.2010695832244315,10.032909016487226,78821.12881240073,1.0494782766038722,Missouri,Cass County,6984.0,87413.0,83117.06440620037,4029.1918177765474,-22730.14556036067
36029,Erie,NY,6.1,11.6,12.2,5.8,12.8,9.1,23.9,14.2,13.2,16.2,13.2,31.5,23.7,10.8,33.0,3.3,38.7,10.4,4.3,919040.0,383164.0,28387.0,0.8760793871866295,0.0149318854456824,0.0928098885793871,0.292395325557103,0.0928098885793871,0.1952483025766016,0.3868112378133704,0.3606219533426184,14.969361175037504,76794.03726714833,3.0887665389972145,New York,Erie County,130009.0,71175.0,73984.51863357416,653579.5205786906,-368900.36389254645
24025,Harford,MD,7.1,10.2,12.3,5.2,10.9,9.7,22.1,11.4,8.8,15.0,10.9,33.4,19.7,9.4,35.4,2.7,36.6,5.1,3.5,244826.0,90218.0,2743.0,0.8035257693218858,0.0,0.0369568591571156,0.1241126350959457,0.0369568591571156,0.080824749005416,0.1562783364511939,0.1331639613439749,7.518548903799371,103318.9052306536,1.1203875405389951,Maryland,Harford County,18271.0,111317.0,107317.9526153268,104939.73797022997,-84234.50875299472
47101,Lewis,TN,13.2,11.3,20.5,9.1,21.3,11.9,23.8,15.7,12.8,23.9,12.8,34.0,28.0,15.9,39.1,4.1,39.6,18.2,5.6,12161.0,4781.0,217.0,0.6275799687525697,0.0,0.6275799687525697,0.6275799687525697,0.6275799687525697,0.6275799687525697,0.6275799687525697,1.0,20.331276641508808,44576.4868020722,1.7843927308609489,Tennessee,Lewis County,1986.0,49477.0,47026.7434010361,-69080.90620554933,19192.190042172697
12041,Gilchrist,FL,14.7,10.3,17.2,8.0,17.6,10.2,23.8,15.7,12.8,20.2,12.8,34.0,25.8,13.7,34.7,3.8,39.5,16.6,5.4,16939.0,6121.0,1128.0,0.0,0.0,0.0,0.0,0.0,0.0,0.0,0.5101835999763858,17.445804517145714,50788.49896688116,6.659188854123619,Florida,Gilchrist County,1946.0,61070.0,55929.24948344058,-65063.26337536088,17534.329048534084
33015,Rockingham,NH,6.3,10.1,11.4,4.6,9.9,7.1,20.4,8.8,5.5,11.7,7.8,29.5,17.4,8.1,30.7,2.2,34.6,8.4,3.0,295223.0,115033.0,2498.0,0.6988987985353444,0.0,0.1150418497203808,0.1437963844280425,0.1150418497203808,0.0582136215674253,0.1291227309525341,0.1437963844280425,4.746282620103324,109073.08819096073,0.8461400365147702,New Hampshire,Rockingham County,15031.0,113927.0,111500.04409548036,155747.15234859675,-129673.91761912862
5071,Johnson,AR,14.4,10.4,20.8,8.8,18.7,12.4,27.6,22.1,14.0,26.6,16.5,34.7,35.7,17.1,37.5,4.8,41.9,28.1,6.8,25540.0,9812.0,558.0,0.4314017227877839,0.0,0.605716523101018,0.605716523101018,0.4314017227877839,0.1496476115896632,0.332458888018794,0.8171887235708692,21.975093292316775,43719.6125293657,2.1848081440877056,Arkansas,Johnson County,4874.0,44808.0,44263.80626468285,-55633.42838526886,16413.457367469724
51125,Nelson,VA,9.1,10.9,16.0,6.4,14.4,10.7,20.8,13.6,11.7,18.2,11.4,33.8,24.4,12.9,35.2,3.4,35.7,12.5,4.6,15020.0,6396.0,102.0,0.0,0.0,0.3792276964047936,0.3792276964047936,0.0,0.3792276964047936,0.6730359520639148,0.3792276964047936,12.67770294509418,72846.25605858855,0.6790945406125166,Virginia,Nelson County,2118.0,68525.0,70685.62802929428,-68364.92577845912,18444.456459350393
48071,Chambers,TX,16.0,9.9,15.0,5.7,13.1,10.7,23.8,15.7,12.8,19.6,12.8,34.0,25.1,12.6,34.6,3.4,39.4,12.1,4.8,35096.0,11952.0,229.0,0.1787668110325963,0.0,0.0,0.0,0.0,0.0,0.1787668110325963,0.1930989286528379,13.029933842511804,90296.09117848187,0.6524960109414178,Texas,Chambers County,6381.0,108114.0,99205.04558924094,-49673.616614790706,15667.213546923753
25017,Middlesex,MA,4.1,11.1,12.4,4.1,9.3,7.7,21.9,9.8,10.6,13.0,9.4,34.8,17.9,8.6,23.8,2.3,31.3,10.1,3.1,1503085.0,580688.0,55412.0,0.94735360940998,0.0033531037832191,0.0410216321764903,0.1512555843481905,0.0410216321764903,0.0669449831513187,0.2643390094372573,0.210652092197048,8.134147400578199,126907.36314313562,3.6865513261059752,Massachusetts,Middlesex County,118146.0,126779.0,126843.1815715678,1051970.430386485,-556715.8446746318
19115,Louisa,IA,10.4,9.8,14.8,6.1,16.0,10.1,25.9,14.5,11.1,18.6,11.7,33.5,27.2,11.6,40.0,3.3,37.8,11.5,4.4,11387.0,4346.0,116.0,0.0,0.0,0.0,0.0,0.0,0.0,0.0,0.0,11.235704532308215,69508.85035566875,1.0187055414068675,Iowa,Louisa County,1042.0,80223.0,74865.92517783438,-69909.51396472217,21232.199674322474
20153,Rawlins,KS,10.1,10.4,16.5,7.1,17.7,10.4,21.6,14.4,9.0,19.0,12.7,30.6,27.7,13.3,42.4,3.7,37.0,15.3,4.7,2519.0,1176.0,40.0,0.0,0.0,0.0,0.0,0.0,0.0,0.0,0.0,9.24643584521385,65882.0,1.5879317189360858,Kansas,Rawlins County,252.0,65000.0,65441.0,-78197.10178691869,24084.313271987117
23027,Waldo,ME,8.7,13.5,17.2,6.8,15.9,8.6,23.9,11.8,16.4,18.2,11.8,33.7,21.6,11.6,34.1,3.1,34.4,19.7,4.1,38786.0,16431.0,501.0,0.1719177022637034,0.0,0.0,0.0,0.0,0.1336306914866188,0.4612489042437993,0.2539318310730676,13.950543971790871,63056.221007580054,1.2917031918733564,Maine,Waldo County,4992.0,68441.0,65748.61050379003,-45899.40497004854,4882.533294329969
48173,Glasscock,TX,15.8,9.1,13.2,4.7,10.6,9.9,23.8,15.7,12.8,17.4,12.8,34.0,22.7,10.9,33.6,2.9,34.9,8.2,4.3,1226.0,441.0,0.0,0.0,0.0,0.0,0.0,0.0,0.0,0.0,0.0,9.51048951048951,75583.0,0.0,Texas,Glasscock County,91.0,106806.0,91194.5,-79207.91917450442,25146.091192720876
5087,Madison,AR,13.1,10.5,20.9,8.7,19.3,11.3,29.4,20.1,12.3,25.5,15.2,36.5,33.4,16.3,40.6,4.3,38.8,20.3,6.1,15717.0,6174.0,79.0,0.0,0.0,0.5210918114143921,0.5210918114143921,0.0,0.0,0.0,0.7532608004072024,16.98190220496167,51915.33250620347,0.5026404530126614,Arkansas,Madison County,2529.0,53888.0,52901.666253101735,-65696.70690572435,18145.172086176626
17137,Morgan,IL,9.0,10.6,15.3,7.3,16.3,10.3,25.6,16.3,16.2,19.4,13.4,34.5,23.5,12.8,40.3,3.6,38.5,9.3,4.8,35547.0,14104.0,3064.0,0.6500126592961432,0.0,0.4682532984499395,0.4682532984499395,0.3895968717472642,0.2075561932089909,0.3443047233240499,0.4682532984499395,15.280302103928411,60472.89070807663,8.619574085014207,Illinois,Morgan County,3808.0,65175.0,62823.94535403831,-50301.2709581056,7661.433374136155
17129,Menard,IL,7.2,10.5,13.9,6.3,14.2,9.0,23.8,12.3,11.8,16.5,10.7,33.7,20.9,11.0,37.4,3.0,36.6,9.6,3.9,12705.0,5140.0,154.0,0.3205824478551751,0.0,0.0,0.0,0.0,0.0,0.0,0.0,9.668396261005416,88300.85304998032,1.2121212121212122,Illinois,Menard County,1174.0,81334.0,84817.42652499015,-69581.86758906858,18516.406768428766
22015,Bossier,LA,8.3,10.1,17.5,6.9,16.3,12.1,27.7,19.4,15.5,21.6,15.6,36.5,29.3,13.9,40.9,4.1,42.9,15.0,5.5,116979.0,45215.0,1961.0,0.6249412287675565,0.0,0.1651065575872592,0.2669709947939374,0.1651065575872592,0.2069260294582788,0.3326921926157686,0.3922242453773754,17.0820187083627,65949.22881884783,1.6763692628591456,Louisiana,Bossier Parish,20762.0,66336.0,66142.61440942391,12838.387484307837,-18545.036441811975
47121,Meigs,TN,13.9,11.3,21.1,9.5,22.6,12.2,23.8,15.7,12.8,25.0,12.8,34.0,29.0,16.5,40.4,4.3,36.6,16.1,5.9,11753.0,4686.0,128.0,0.0,0.0,0.0,0.0,0.0,0.0,0.0,0.2684420998893899,16.986128375924654,53336.08414872798,1.089083638220029,Tennessee,Meigs County,1853.0,58395.0,55865.54207436399,-69876.79087334905,19276.011223516307
48277,Lamar,TX,14.7,11.1,17.7,7.7,17.2,11.9,23.8,15.7,12.8,23.0,12.8,34.0,28.8,15.3,38.7,4.4,39.8,16.3,6.0,49793.0,19829.0,713.0,0.4998694595625891,0.0,0.499146466370775,0.6966641897455466,0.3023517361878176,0.2109332637117667,0.2109332637117667,0.6966641897455466,18.09706196296263,56387.18221436748,1.4319281826762795,Texas,Lamar County,9301.0,61122.0,58754.59110718374,-37459.27274675848,5670.44755019118
5129,Searcy,AR,13.0,10.9,22.6,10.2,21.7,12.5,27.2,22.2,15.7,27.9,16.2,35.6,35.3,18.1,39.7,5.2,42.0,20.4,7.0,8195.0,3574.0,71.0,0.0,0.0,0.2715070164734594,0.2715070164734594,0.0,0.2715070164734594,0.2715070164734594,0.7158023184868822,20.405994464453496,43723.65661989018,0.8663819402074435,Arkansas,Searcy County,1896.0,41978.0,42850.82830994509,-72667.47971130836,21255.642177541707
55079,Milwaukee,WI,10.8,11.8,14.5,6.3,14.9,12.4,25.1,19.5,21.0,21.9,15.1,35.0,27.7,14.2,38.8,4.5,36.4,13.7,5.7,947735.0,383591.0,24490.0,1.0,0.0017336069681925,0.0319065983634665,0.3271019852595926,0.0319065983634665,0.1857470706473856,0.2972771924641382,0.534270655826787,20.588950891825274,66366.38414060892,2.58405566957008,Wisconsin,Milwaukee County,158786.0,62118.0,64242.19207030446,660535.0282718395,-215534.57632685878
30089,Sanders,MT,11.7,11.4,17.3,7.5,17.5,9.0,22.7,15.7,12.3,20.4,12.0,31.4,23.1,12.9,34.8,4.0,34.5,21.2,5.3,11413.0,5121.0,188.0,0.0,0.0,0.5246648558661176,0.5246648558661176,0.5246648558661176,0.5246648558661176,0.0,1.0,19.479592132971476,43921.05598878472,1.6472443704547446,Montana,Sanders County,1920.0,54035.0,48978.02799439236,-69929.88315173646,19990.42493408169
53015,Cowlitz,WA,9.5,12.4,17.0,6.2,13.7,9.3,23.8,15.7,12.8,19.4,12.8,34.0,21.3,12.2,40.3,3.6,36.5,15.6,4.7,102410.0,40244.0,1207.0,0.6546431012596426,0.0,0.1669172932330827,0.4087784396055072,0.1669172932330827,0.1818474758324382,0.3275949614295479,0.4654818865345181,16.298693244126348,63538.82166780588,1.1785958402499757,Washington,Cowlitz County,14294.0,72932.0,68235.41083390295,11444.644269231925,-17005.644288623156
27015,Brown,MN,8.6,10.1,14.3,5.3,15.5,9.0,21.5,12.2,8.9,16.0,10.1,29.9,23.1,10.8,36.2,3.0,29.2,10.4,3.9,25893.0,10782.0,1111.0,0.5691113428339706,0.0,0.0772409531533619,0.0772409531533619,0.0772409531533619,0.0,0.0,0.2016375082068512,7.69895300297773,74705.81010311667,4.290734947669255,Minnesota,Brown County,1908.0,68690.0,71697.90505155834,-58019.80299645923,11809.908377970893
1049,DeKalb,AL,15.4,10.1,20.4,9.2,19.9,13.3,25.7,23.7,17.7,26.8,16.2,36.3,32.6,17.6,38.6,5.1,41.1,20.2,7.0,71109.0,26842.0,782.0,0.0,0.0,0.0,0.0,0.0,0.2951525123402101,0.3707125680293633,0.7201479418920249,22.104717022016267,47170.60823524449,1.099720147941892,Alabama,DeKalb County,14405.0,51149.0,49159.80411762225,-12361.945510579768,2581.252138706608
55023,Crawford,WI,8.9,11.1,15.2,6.6,17.2,10.1,21.5,14.2,15.5,18.7,11.4,32.1,27.5,12.5,37.6,3.6,37.3,17.5,4.6,16644.0,6812.0,785.0,0.350396539293439,0.0,0.119802931987503,0.119802931987503,0.119802931987503,0.0,0.230593607305936,0.2881518865657294,13.0106968456728,63521.10778658976,4.716414323479933,Wisconsin,Crawford County,1918.0,63496.0,63508.55389329488,-65838.01546707604,16462.896383571675
54045,Logan,WV,10.6,12.8,22.9,11.0,24.6,14.2,26.1,21.4,25.5,29.5,16.4,39.0,37.1,18.7,44.7,5.0,45.9,26.4,6.5,36743.0,14907.0,464.0,0.1067142040660806,0.0,0.1067142040660806,0.1067142040660806,0.1067142040660806,0.5831042647579131,1.0,0.5831042647579131,23.276084917843644,48079.78259804589,1.2628255722178374,West Virginia,Logan County,6621.0,47237.0,47658.391299022944,-46786.95194559764,6053.141398545464
40049,Garvin,OK,12.5,11.8,19.2,8.3,19.5,11.9,26.1,20.7,17.5,22.2,15.4,33.6,33.1,16.5,38.5,4.4,39.5,16.6,6.2,27576.0,11069.0,317.0,0.2111256164780968,0.0,0.0,0.1045836959675079,0.0,0.1857049608355091,0.1857049608355091,0.5785102988105599,16.395726886179816,55822.04540179866,1.1495503336234407,Oklahoma,Garvin County,3885.0,57127.0,56474.52270089933,-56604.23323468359,14914.677964644061
47037,Davidson,TN,11.6,10.6,15.9,6.3,14.2,11.7,23.8,15.7,12.8,20.9,12.8,34.0,25.1,13.4,32.5,3.5,37.1,9.7,5.0,626681.0,259499.0,25870.0,0.9396646778823676,0.013620965052395,0.1727673250026728,0.4280168059985862,0.1727673250026728,0.1501353958393504,0.2086691634180707,0.4447462105919917,16.571646598138155,75053.67286705677,4.128097070120205,Tennessee,Davidson County,95838.0,75664.0,75358.83643352838,389026.5129641929,-154772.53158747236
19169,Story,IA,6.3,9.7,12.9,5.6,13.8,9.8,21.2,11.4,9.4,15.9,9.4,32.1,22.2,10.3,35.0,3.0,29.1,12.2,3.8,89542.0,34736.0,8174.0,0.7454602309530723,0.0614683612159656,0.2664336289115722,0.3743606352326282,0.2664336289115722,0.2091644144647204,0.3795537289763463,0.3743606352326282,26.575093346508694,84640.02697058364,9.12867704540886,Iowa,Story County,16046.0,69006.0,76823.01348529183,-5190.467305886603,-14902.11560927035
51037,Charlotte,VA,12.0,12.1,20.0,8.9,19.8,14.0,24.8,22.7,22.5,25.6,17.5,36.2,31.0,17.5,42.5,5.3,42.2,19.8,7.0,12586.0,5109.0,175.0,0.0,0.0,1.0,1.0,0.0,0.7705386937867472,0.7705386937867472,1.0,24.527705736068334,51632.11234705228,1.3904338153503892,Virginia,Charlotte County,2762.0,48892.0,50262.05617352614,-70629.69324604065,20334.97406886691
20097,Kiowa,KS,9.1,10.0,14.9,6.1,15.1,9.3,21.8,12.4,6.9,16.9,11.0,31.9,25.0,11.7,40.2,3.1,32.0,14.5,4.0,2553.0,1014.0,149.0,0.0,0.0,0.0,0.0,0.0,0.0,0.0,0.0,8.31191088260497,65350.0,5.836271053662358,Kansas,Kiowa County,125.0,73214.0,69282.0,-78219.92588132924,24107.978714486508
51043,Clarke,VA,8.1,10.2,14.0,5.2,11.9,9.1,20.4,9.9,7.4,15.2,9.0,33.3,21.0,10.7,32.6,2.6,36.5,7.3,3.6,14034.0,5509.0,255.0,0.0,0.0,0.0,0.0,0.0,0.0,0.0,0.0,9.962027339696055,102650.92945703292,1.8170158187259513,Virginia,Clarke County,1014.0,114185.0,108417.96472851648,-68982.69330433945,18567.37781972649
31033,Cheyenne,NE,10.2,9.5,13.6,6.3,15.6,9.9,21.6,13.9,10.3,16.6,10.7,31.1,27.9,11.7,34.8,3.4,35.4,11.6,4.5,9998.0,4298.0,102.0,0.6842368473694739,0.0,0.0,0.0,0.0,0.0,0.0,0.0,9.893781805961854,77404.4971994399,1.0202040408081616,Nebraska,Cheyenne County,1031.0,57594.0,67499.24859971995,-71798.35148199298,20637.852741827082
12051,Hendry,FL,31.9,9.4,19.5,8.1,17.5,16.1,23.8,15.7,12.8,30.9,12.8,34.0,37.9,18.8,37.7,6.1,43.2,26.0,9.9,39140.0,12025.0,1942.0,0.3764435360245273,0.0,0.3349003576903424,0.51895758814512,0.3349003576903424,0.9000510986203373,0.7575370464997445,1.0,27.282966724050297,45043.74092999489,4.961676034747062,Florida,Hendry County,8630.0,53044.0,49043.870464997446,-40904.981091339134,28906.307862676276
48259,Kendall,TX,12.5,9.3,12.2,4.4,10.0,8.8,23.8,15.7,12.8,15.1,12.8,34.0,19.9,9.7,34.1,2.6,33.0,8.7,3.7,33410.0,12617.0,519.0,0.1664172403472014,0.0,0.0,0.0,0.0,0.0,0.1826099970068841,0.0,5.498578174639503,98986.97078718946,1.5534271176294523,Texas,Kendall County,2353.0,110498.0,104742.48539359472,-50046.30656330554,13852.310823343703
55131,Washington,WI,6.7,10.6,12.3,4.7,12.2,8.1,19.7,9.3,9.1,13.9,8.3,30.4,21.2,9.5,35.9,2.6,33.4,9.0,3.3,131887.0,51605.0,1143.0,0.6959670020547893,0.0,0.0,0.0,0.0,0.0,0.1209520271141204,0.0,4.830995168361529,90360.37758839008,0.8666509966865574,Wisconsin,Washington County,7183.0,95851.0,93105.68879419504,27926.69962326769,-43667.39676333859
48069,Castro,TX,28.4,9.1,17.2,5.8,13.8,13.7,23.8,15.7,12.8,26.6,12.8,34.0,33.5,15.6,38.9,4.6,39.5,16.9,7.5,8062.0,2744.0,64.0,0.5652443562391466,0.0,0.0,0.5652443562391466,0.0,0.0,0.0,0.8428429670057058,15.823923841311297,53109.69697345572,0.7938476804763086,Texas,Castro County,1010.0,63485.0,58297.34848672786,-71711.9567272842,26531.8434619745
12127,Volusia,FL,14.8,10.1,15.2,6.4,14.3,10.3,23.8,15.7,12.8,19.0,12.8,34.0,23.7,12.2,33.2,3.5,35.8,14.5,5.1,494593.0,208236.0,12809.0,0.8454769881498525,0.0082269664148097,0.2394736682484386,0.3334377963295073,0.2324517330411065,0.1299836431166636,0.2007347455382506,0.3750376572252337,15.36255207430927,59488.7427258372,2.589806163855938,Florida,Volusia County,67642.0,66581.0,63034.871362918595,352902.49635401985,-162664.08156615237
37115,Madison,NC,9.3,10.8,15.9,6.6,14.6,9.1,20.6,12.3,10.0,17.0,10.1,32.2,21.6,12.0,34.9,3.3,32.0,19.4,4.4,20764.0,8494.0,1028.0,0.0,0.0,0.2330957426314775,0.2330957426314775,0.0,0.0,0.3044692737430167,0.4635908302831824,17.45779449838755,56368.38870159893,4.950876517048737,North Carolina,Madison County,2378.0,58628.0,57498.194350799466,-61653.95995974215,14691.194399388403
44001,Bristol,RI,5.5,10.8,12.1,4.8,10.6,7.9,20.0,9.0,7.8,12.7,8.6,32.0,17.8,8.2,26.0,2.3,33.1,8.1,3.1,49875.0,19150.0,3242.0,1.0,0.0,0.1447619047619047,0.1447619047619047,0.1447619047619047,0.1447619047619047,0.2258847117794486,0.1447619047619047,7.770744266288957,104284.01333333334,6.500250626566416,Rhode Island,Bristol County,3189.0,110926.0,107605.00666666668,-39736.81305765562,-923.0829173438724
48261,Kenedy,TX,36.5,9.4,20.0,6.0,15.5,14.9,23.8,15.7,12.8,31.8,12.8,34.0,38.0,17.9,37.9,5.4,42.9,34.9,9.1,416.0,147.0,0.0,0.0,0.0,1.0,1.0,0.0,0.0,0.0,1.0,7.05882352941176,40625.0,0.0,Texas,Kenedy County,3494.5,64001.5,63238.92615563523,-79926.87744148438,25436.939768684595
46101,Moody,SD,8.6,10.2,13.5,5.3,15.0,9.6,23.8,15.7,12.8,15.5,12.8,34.0,22.2,10.5,33.6,3.0,32.3,11.0,4.1,6486.0,2554.0,164.0,0.0,0.0,0.0,0.0,0.0,0.0,0.0,0.0,14.76015467579693,74984.82022818379,2.5285229725562752,South Dakota,Moody County,623.0,77500.0,76242.4101140919,-75314.79661641063,22626.284508478806
6113,Yolo,CA,9.3,9.8,14.8,5.0,11.1,10.1,26.3,16.8,15.2,20.7,14.1,34.9,23.6,12.6,27.9,3.6,31.3,15.9,5.2,200849.0,70872.0,6709.0,0.9061135479887876,0.0,0.0208763797678853,0.4310601496646735,0.0,0.0486932969544284,0.0906053801612156,0.5686062663991357,20.246908603375825,92386.91361171824,3.3403203401560377,California,Yolo County,34165.0,88818.0,90602.45680585912,91154.54599741832,15700.432004047998
40101,Muskogee,OK,12.5,12.6,20.8,9.1,21.2,13.4,27.3,24.4,22.3,25.7,18.3,35.2,35.0,19.4,41.7,5.1,40.6,22.1,7.5,70990.0,27054.0,3526.0,0.5407944780955064,0.0,0.3453444147062967,0.4936610790252148,0.2805606423439921,0.3738977320749401,0.4754190731088886,0.5880264826031836,20.902382340235363,55468.942963797715,4.9668967460205655,Oklahoma,Muskogee County,12691.0,51999.0,53733.97148189886,-28803.52792877787,6106.886652512127
37109,Lincoln,NC,10.1,10.6,15.4,6.2,14.0,9.1,22.0,12.6,9.7,16.6,10.8,33.1,21.5,11.5,34.4,3.2,34.4,11.8,4.3,78265.0,30343.0,679.0,0.4125982239826231,0.0,0.1928959304925573,0.1928959304925573,0.1928959304925573,0.0,0.0,0.5236568070018527,14.463831585561437,64402.15874273302,0.8675653229412892,North Carolina,Lincoln County,8097.0,78490.0,71446.0793713665,-11006.71566528223,-9170.916735970019
20093,Kearny,KS,16.9,9.7,16.8,6.3,16.1,11.2,24.0,17.9,9.6,21.2,15.5,32.2,31.1,14.0,37.9,3.8,35.9,16.7,5.5,3977.0,1400.0,81.0,0.0,0.0,0.0,0.0,0.0,0.0,0.0,1.0,19.8853270784467,57045.0,2.036711088760372,Kansas,Kearny County,232.0,74135.0,65590.0,-76500.57349601857,24415.026316650037
35023,Hidalgo,NM,20.6,9.7,18.1,6.4,15.3,12.6,26.3,26.0,21.6,26.6,20.6,35.5,28.9,15.3,34.7,5.2,37.7,15.0,8.1,4894.0,1936.0,64.0,0.0,0.0,0.4485083776052309,0.4485083776052309,0.4485083776052309,0.4485083776052309,0.0,1.0,27.794682516606155,53300.3430731508,1.3077237433592157,New Mexico,Hidalgo County,823.0,49076.0,51188.1715365754,-75024.08219170291,25223.676547322662
48405,San Augustine,TX,19.0,11.8,21.7,10.4,22.9,15.2,23.8,15.7,12.8,30.6,12.8,34.0,36.0,20.0,43.9,6.5,41.8,26.0,8.7,8865.0,3625.0,223.0,0.0,0.0,0.6918217710095883,0.6918217710095883,0.0,0.0,0.0,1.0,23.793172983779108,48167.763113367175,2.5155104342921604,Texas,San Augustine County,2101.0,46338.0,47252.881556683584,-73233.80212515879,21997.758453277296
9140,Naugatuck Valley,CT,11.3,11.2,13.5,5.2,11.9,8.8,26.6,16.6,13.1,16.3,14.4,34.7,25.4,10.3,30.7,3.3,36.8,11.1,4.8,25241.0,9775.0,583.0,0.3458284459307694,0.0,0.1345236931205181,0.213471534089182,0.0511226162291542,0.1011854426282319,0.2076341948310139,0.409791766014942,14.641471788424182,62500.0,1.8142722752318237,,,46175.0,86365.0,63238.92615563523,-59777.46225547743,14787.486097033085
29187,St. Francois,MO,10.8,10.8,20.4,9.0,20.9,11.4,22.2,17.2,14.3,23.6,14.5,34.1,33.4,16.1,40.3,4.3,40.7,15.3,5.6,65359.0,23981.0,6652.0,0.5798742330819014,0.0,0.3325479275998715,0.3325479275998715,0.3325479275998715,0.384292905338209,0.5046435838981624,0.4886396670695696,16.482229336184766,58146.31005676342,10.177634296730366,Missouri,St. Francois County,10427.0,54813.0,56479.655028381705,-22719.390505717747,-8073.111291750207
55041,Forest,WI,10.1,12.5,17.3,7.6,20.6,12.0,22.5,17.4,19.0,22.3,13.8,33.9,32.4,14.7,45.8,4.2,35.8,11.4,5.7,9304.0,3836.0,379.0,0.0,0.0,0.4370163370593293,0.4370163370593293,0.0,0.0,0.0,0.7196904557179707,16.298824814559907,54460.43400687877,4.073516766981943,Wisconsin,Forest County,1361.0,59727.0,57093.717003439386,-72924.18113498489,21275.506947017442
40121,Pittsburg,OK,11.7,12.0,19.2,8.3,19.8,11.8,26.1,21.2,17.9,22.4,15.8,33.9,32.1,16.7,40.3,4.5,43.7,21.4,6.4,45837.0,18012.0,2433.0,0.4016624124615485,0.0391386870868512,0.2275890656020245,0.2843554333835111,0.1812291380325937,0.1812291380325937,0.1812291380325937,0.2843554333835111,17.341632344688154,57475.2952418352,5.307939001243537,Oklahoma,Pittsburg County,7553.0,54787.0,56131.1476209176,-44580.653664227204,9170.399023828837
28099,Neshoba,MS,13.2,10.8,21.0,9.2,21.7,14.5,30.8,26.9,17.1,27.1,19.7,38.6,36.9,18.8,43.4,5.6,38.4,22.1,7.9,29676.0,10856.0,386.0,0.2270184661005526,0.0,0.0,0.2270184661005526,0.0,0.4047378352877746,0.6079660331581076,0.6997910769645505,23.432295751856383,45865.70252055533,1.3007143819921825,Mississippi,Neshoba County,7013.0,53087.0,49476.35126027766,-58219.59105523309,15184.105108757809
20157,Republic,KS,9.1,10.4,16.4,7.3,17.3,10.3,21.0,14.2,9.2,18.7,12.1,31.1,27.6,13.3,41.6,3.7,32.2,15.1,4.7,4980.0,2274.0,103.0,0.0,0.0,0.0,0.0,0.0,0.0,0.0,0.0,10.688370946026414,66646.3,2.068273092369478,Kansas,Republic County,665.0,53611.0,60128.65,-76139.2491047598,22654.903198007996
29179,Reynolds,MO,11.6,11.2,22.1,9.8,22.4,11.8,21.6,18.8,16.3,25.1,15.1,33.0,33.8,17.1,41.0,4.8,41.1,20.9,6.2,6696.0,2778.0,101.0,0.0,0.0,0.0,0.0,0.0,0.0,0.0,0.5433094384707288,18.0150913574592,52359.35513739546,1.508363201911589,Missouri,Reynolds County,1048.0,44357.0,48358.177568697734,-74263.08995849868,21884.68195853112
17127,Massac,IL,9.0,11.1,16.1,7.7,17.2,10.8,25.7,17.2,17.4,20.3,13.9,35.6,24.7,13.5,40.8,3.9,37.5,19.6,5.0,15429.0,6362.0,292.0,0.4345712619093914,0.0,0.2753904984120811,0.4345712619093914,0.2753904984120811,0.2753904984120811,0.2753904984120811,0.6827402942510856,18.236376903455938,56858.950482856955,1.892540022036425,Illinois,Massac County,2032.0,62584.0,59721.475241428474,-66838.23510724178,17751.597202161032
20091,Johnson,KS,6.8,9.4,11.5,4.1,9.7,8.3,17.1,7.7,3.8,11.8,8.1,28.5,18.7,8.7,30.9,2.2,30.8,8.6,2.9,544179.0,212882.0,5166.0,0.94590015417721,0.0,0.0040280863465881,0.0920524312772084,0.0040280863465881,0.0142581760780919,0.0886417888231629,0.0980302437249508,5.649248048271771,108325.84907172088,0.9493199847844184,Kansas,Johnson County,32476.0,107261.0,107793.42453586044,351573.1212052824,-206362.12229430265
12097,Osceola,FL,22.1,8.9,14.7,5.2,11.7,12.7,23.8,15.7,12.8,21.6,12.8,34.0,28.0,13.1,39.4,3.9,38.8,12.4,6.5,268685.0,90603.0,3262.0,0.9058302473156298,0.0,0.3527327539684016,0.5519139512812401,0.3527327539684016,0.2715261365539572,0.4431322924614325,0.5546941585871932,16.421008193492053,56096.24516069003,1.2140610752368015,Florida,Osceola County,50246.0,68711.0,62403.622580345014,200615.19337049022,19205.943255180147
16027,Canyon,ID,13.7,10.8,17.7,6.2,12.6,10.5,20.4,15.0,10.2,19.2,12.2,29.2,24.9,14.5,35.5,3.6,35.5,12.9,5.3,188923.0,63604.0,3335.0,0.7109721950212521,0.0,0.2023364016027694,0.4790364328324238,0.2023364016027694,0.1673062570465216,0.2808922153469932,0.5308511933433198,15.617018754949244,56452.89635989266,1.7652694483996123,Idaho,Canyon County,24145.0,72355.0,64403.948179946325,109621.98511859542,-18062.329010482197
37165,Scotland,NC,14.6,12.5,20.7,9.6,22.0,15.2,27.8,29.4,28.5,28.2,22.4,37.6,32.7,19.1,45.5,6.4,41.3,22.5,8.7,36157.0,13614.0,1730.0,0.483557817296789,0.0,0.5908952623281799,0.5908952623281799,0.383853748928285,0.6488370163453826,0.6488370163453826,0.7922670575545537,27.58146895723939,45871.36875293857,4.784688995215311,North Carolina,Scotland County,8544.0,43500.0,44685.68437646929,-56025.89251366841,14885.547930433397
22059,LaSalle,LA,11.2,9.7,19.5,7.9,19.1,12.4,29.6,20.9,16.1,23.9,15.8,37.7,30.0,15.5,38.9,4.3,40.3,14.9,5.9,14890.0,5468.0,1243.0,0.3938885157824043,0.0,0.3938885157824043,0.3938885157824043,0.3938885157824043,0.3938885157824043,0.3938885157824043,0.7077233042310276,21.96883264520815,48010.74754869039,8.34788448623237,Louisiana,LaSalle Parish,2126.0,67077.0,57543.87377434519,-67651.93707500739,18419.418264348136
19067,Floyd,IA,7.8,10.2,15.0,6.5,16.9,9.8,24.4,13.2,11.4,17.6,10.7,34.4,25.4,11.6,40.0,3.3,32.5,10.2,4.2,16303.0,6886.0,304.0,0.4999079923940379,0.0,0.3086548488008342,0.4999079923940379,0.3086548488008342,0.0,0.0,0.4999079923940379,15.965053764295543,65458.45408820463,1.8646874808317488,Iowa,Floyd County,1742.0,64500.0,64979.227044102314,-65876.82550983233,16911.168267428657
20185,Stafford,KS,11.0,10.2,15.8,6.6,16.0,10.1,21.3,14.0,8.1,18.8,12.4,31.5,27.4,12.8,41.5,3.4,36.3,15.5,4.5,4437.0,1907.0,69.0,0.0,0.0,0.0,0.0,0.0,0.0,0.0,0.0,14.066199836667142,64227.294117647056,1.555104800540906,Kansas,Stafford County,422.0,63786.0,64006.64705882352,-76380.51670176077,23538.1309477579
48341,Moore,TX,29.5,9.4,18.6,6.7,15.8,14.7,23.8,15.7,12.8,29.0,12.8,34.0,36.0,17.2,39.1,5.2,39.3,21.3,8.3,21904.0,7197.0,154.0,0.599936084733382,0.0,0.3045562454346238,0.5511778670562454,0.0,0.0,0.0,0.5511778670562454,15.506428388207375,57347.39243973704,0.7030679327976626,Texas,Moore County,3226.0,61325.0,59336.19621986852,-57780.38809543328,26321.017349108202
40025,Cimarron,OK,13.7,10.4,15.9,5.9,13.9,10.1,24.2,16.0,11.5,18.6,13.0,32.5,29.1,13.3,38.4,3.3,35.6,12.0,5.0,2475.0,1047.0,7.0,0.0,0.0,0.0,0.0,0.0,0.0,0.0,0.0,16.440733631739228,57685.56808080808,0.2828282828282828,Oklahoma,Cimarron County,234.0,57204.0,57444.78404040404,-78105.7677014429,24704.127678110257
32510,Carson City,NV,13.5,10.5,16.4,6.4,14.7,9.9,26.2,16.4,13.4,20.9,14.2,37.3,23.6,13.1,33.1,3.6,36.2,10.3,5.2,55274.0,21427.0,3625.0,0.9320295256359228,0.0,0.0,0.2091399211202373,0.0,0.0,0.0,0.3453160618012085,13.471958461343384,68079.36487317726,6.558237145855194,Nevada,Carson City,6183.0,71809.0,69944.18243658863,-30723.486201190906,11059.982785339465
48409,San Patricio,TX,25.4,9.6,17.2,6.2,14.5,13.9,23.8,15.7,12.8,26.7,12.8,34.0,34.0,15.8,41.3,4.6,41.7,18.1,7.3,64804.0,22637.0,680.0,0.8557496450836368,0.0,0.1770724029380902,0.3260601197456947,0.1770724029380902,0.2541046848959941,0.4120733288068637,0.3260601197456947,16.83362951086223,63711.53897907537,1.0493179433368311,Texas,San Patricio County,10387.0,67512.0,65611.76948953769,-8629.436833726431,21723.631279818015
48303,Lubbock,TX,17.8,9.7,15.6,6.0,13.7,12.0,23.8,15.7,12.8,21.7,12.8,34.0,28.6,13.8,37.1,4.0,35.9,10.2,5.9,278831.0,105781.0,11037.0,0.8526526820905853,0.0260372770602981,0.2079359899006925,0.4488919811642177,0.2079359899006925,0.1471070289888857,0.1975784615053563,0.5107394801869233,19.647083980873504,64607.03126983729,3.958311665489131,Texas,Lubbock County,51998.0,63367.0,63987.01563491864,186588.3919406364,-20685.077041694316
40143,Tulsa,OK,11.8,11.3,16.9,6.7,15.0,10.8,26.5,18.4,14.9,19.9,15.0,35.5,30.4,14.7,35.9,3.8,35.7,16.4,5.5,603403.0,241737.0,9817.0,0.9148993293039644,0.0,0.1345236931205181,0.3393072291652511,0.1345236931205181,0.1697025039650117,0.2185786282136482,0.3878170973627907,15.848838542206336,70812.64849031245,1.626939209781854,Oklahoma,Tulsa County,97074.0,67317.0,69064.82424515623,402869.1021067998,-142993.94157038102
19045,Clinton,IA,7.8,10.4,15.2,6.9,17.3,10.0,23.8,13.8,12.4,18.0,10.8,33.6,25.7,12.1,39.3,3.4,34.6,7.6,4.4,49116.0,20223.0,852.0,0.6800024431957,0.0,0.1530254906751364,0.2963392784428699,0.1530254906751364,0.2212720905611206,0.3962049026793713,0.2963392784428699,12.501274434283191,68336.0230678394,1.7346689469826533,Iowa,Clinton County,5962.0,65177.0,66756.5115339197,-37597.598029657354,541.6182648763497
37041,Chowan,NC,12.0,11.7,18.0,7.9,17.6,12.5,25.1,21.4,19.6,22.5,16.7,35.3,27.7,15.6,40.6,4.8,37.8,14.6,6.5,14793.0,6059.0,273.0,0.3666599067126344,0.0,0.3666599067126344,0.3666599067126344,0.3666599067126344,0.3666599067126344,0.8421550733455012,0.524504833367133,19.46211510657902,50237.22875684445,1.845467450821335,North Carolina,Chowan County,2790.0,56982.0,53609.61437842222,-69328.10931010013,19867.720578657863
29131,Miller,MO,9.7,10.8,19.6,8.1,19.0,10.6,20.0,15.0,12.2,21.3,12.9,32.3,29.6,14.8,37.3,3.9,38.0,11.3,5.1,24748.0,9917.0,271.0,0.20817843866171,0.0,0.0,0.20817843866171,0.0,0.20817843866171,0.20817843866171,0.5954016486180701,18.08933827285894,52352.89805236787,1.0950379828673025,Missouri,Miller County,3598.0,55172.0,53762.44902618394,-57572.12670491228,12583.356300658863
18159,Tipton,IN,7.8,11.2,15.3,7.0,16.2,10.4,22.5,12.6,7.0,18.3,10.2,32.6,22.8,12.0,36.5,3.1,34.9,14.1,4.1,15936.0,6376.0,205.0,0.422879016064257,0.0,0.0,0.0,0.0,0.0,0.0,0.0,8.12134361224067,70665.24654869478,1.2863955823293172,Indiana,Tipton County,1741.0,78309.0,74487.1232743474,-66594.9560127192,16947.22794749331
36079,Putnam,NY,6.9,9.9,10.9,4.3,9.6,7.7,22.4,11.2,8.3,13.2,11.1,32.5,20.4,8.8,27.3,2.5,36.8,6.6,3.5,99710.0,35041.0,2592.0,0.8771838331160365,0.0,0.0,0.0,0.0,0.0,0.2942332765018554,0.0,5.371721186766201,119130.20706047538,2.5995386621201484,New York,Putnam County,6331.0,127405.0,123267.60353023768,1189.605954638726,-16972.348825997728
28075,Lauderdale,MS,12.4,10.4,18.9,8.2,19.0,14.1,30.3,26.2,16.8,24.9,20.5,37.0,34.3,18.0,42.3,5.5,42.2,18.8,7.4,80261.0,31090.0,3847.0,0.472172038723664,0.0,0.3069734989596441,0.3346083402898045,0.2309216182205554,0.2009568781849217,0.5352911127446706,0.3346083402898045,22.35747432237586,54766.240278591096,4.7931124705647825,Mississippi,Lauderdale County,17243.0,50033.0,52399.62013929555,-23177.149705562908,-3225.6015688903863
40117,Pawnee,OK,11.2,12.0,19.1,8.2,19.7,11.5,26.3,19.8,16.7,21.8,15.0,34.3,31.5,16.2,39.6,4.2,38.3,21.6,6.0,16577.0,6486.0,194.0,0.2344211859805754,0.0,0.0,0.0,0.0,0.0,0.0,0.3489171743982626,15.518957673249504,55183.12824998492,1.1702961935211438,Oklahoma,Pawnee County,2625.0,57551.0,56367.06412499246,-66726.04351762898,18674.048216357838
54043,Lincoln,WV,11.1,13.0,23.0,11.2,25.1,14.4,24.8,21.9,26.1,28.8,16.6,36.6,34.0,17.9,45.2,5.1,44.7,27.6,6.6,21720.0,8783.0,65.0,0.0,0.0,0.0,0.0,0.0,0.7044659300184162,1.0,0.7044659300184162,24.233985038812428,47129.81510128913,0.2992633517495396,West Virginia,Lincoln County,4099.0,48593.0,47861.407550644566,-59614.3927347261,13795.52123750538
22115,Vernon,LA,9.8,10.0,19.7,8.0,19.2,12.6,28.4,21.7,17.9,23.9,16.0,35.9,31.9,16.0,39.4,4.5,42.3,19.4,6.1,52334.0,19165.0,2258.0,0.4186761952077044,0.0370886995070126,0.4732296403867466,0.4732296403867466,0.3815874957006917,0.1911759085871517,0.5061145717888944,0.4732296403867466,16.51254830974243,58551.88347919135,4.3145947185386175,Louisiana,Vernon Parish,8409.0,58281.0,58416.44173959567,-36782.71672778987,6364.774848371413
47081,Hickman,TN,13.2,11.0,19.9,8.8,21.0,11.8,23.8,15.7,12.8,23.7,12.8,34.0,28.4,15.5,38.1,4.1,39.1,18.6,5.5,24690.0,8976.0,1513.0,0.0,0.0,0.0973268529769137,0.0973268529769137,0.0,0.1920615633859862,0.3123531794248683,0.8797083839611178,17.939637350396094,51875.45625759417,6.127987039287161,Tennessee,Hickman County,3330.0,57223.0,54549.22812879708,-58266.95639671616,13105.54194321276
22037,East Feliciana,LA,9.3,10.1,18.9,7.2,18.4,13.2,31.5,23.2,18.4,24.0,18.7,38.5,32.1,15.7,41.9,4.5,43.9,21.1,6.1,20267.0,7022.0,2391.0,0.0,0.0,0.0,0.0,0.0,0.0,0.4147629150836335,0.5217348398875018,19.43523289075941,56351.23042384171,11.797503330537326,Louisiana,East Feliciana Parish,2248.0,72899.0,64625.11521192086,-67393.41610845814,17995.020328850915
39007,Ashtabula,OH,10.6,11.4,17.6,9.0,20.5,13.0,23.9,18.7,16.7,22.9,14.5,37.9,32.7,14.6,45.7,4.3,38.7,17.9,5.6,101497.0,39363.0,3190.0,0.4857779047656581,0.0,0.220193700306413,0.2839098692572194,0.220193700306413,0.4382691114023074,0.5706079982659586,0.5575731302403026,20.23100594514797,55901.97754613437,3.1429500379321555,Ohio,Ashtabula County,17208.0,55507.0,55704.48877306718,11881.481676210868,-23616.32972543398
29073,Gasconade,MO,9.1,10.8,19.1,7.7,18.2,10.0,20.0,13.4,10.7,20.3,12.0,31.8,28.0,14.1,39.2,3.6,37.6,19.5,4.7,15222.0,6250.0,250.0,0.2103534358165812,0.0,0.0,0.0,0.0,0.0,0.0,0.0,9.958224718442912,63706.43207200105,1.6423597424779923,Missouri,Gasconade County,1626.0,65096.0,64401.21603600052,-67101.12937960435,17159.38915030931
37101,Johnston,NC,11.8,10.7,15.4,6.0,13.9,10.5,22.9,15.4,11.8,18.2,13.0,32.9,23.1,12.5,34.5,3.6,35.5,15.6,5.0,168878.0,61909.0,1771.0,0.2464086500313836,0.0,0.0891471950165208,0.1298807423110174,0.0891471950165208,0.1658356920380393,0.1658356920380393,0.6338066533237011,13.582356807413332,65910.05296723077,1.0486860337048047,North Carolina,Johnston County,25065.0,79838.0,72874.0264836154,64611.17994875414,-26836.574779278617
46067,Hutchinson,SD,8.5,10.2,13.9,5.7,15.2,9.3,23.8,15.7,12.8,15.5,12.8,34.0,22.0,10.5,34.6,3.1,30.2,11.5,4.0,7343.0,2930.0,832.0,0.0,0.0,0.0,0.0,0.0,0.0,0.0,0.0,10.62524958053718,70188.18847882337,11.33051886150075,South Dakota,Hutchinson County,708.0,74459.0,72323.59423941169,-74023.63514870367,21421.84693922599
48231,Hunt,TX,16.7,10.3,16.6,6.7,15.4,11.2,23.8,15.7,12.8,22.1,12.8,34.0,27.7,14.0,36.9,3.9,38.5,10.7,5.5,86129.0,32076.0,1869.0,0.296381009880528,0.0,0.1970300363408375,0.2420439108778692,0.1970300363408375,0.2225731170685831,0.2225731170685831,0.4943282750293165,18.297791174388166,66327.9936258403,2.170000812734387,Texas,Hunt County,12640.0,70112.0,68219.99681292014,-3108.1332947063493,-3742.7354331827264
48427,Starr,TX,43.7,9.3,22.7,7.3,17.6,20.5,23.8,15.7,12.8,40.8,12.8,34.0,47.6,24.1,45.8,8.5,42.7,24.2,14.7,60968.0,17001.0,810.0,0.5816493898438525,0.0,0.5090375278834799,0.5896535887678782,0.4654080829287495,0.3867930717753575,0.365995276210471,1.0,35.98101932305803,32566.72820167957,1.3285658050124656,Texas,Starr County,21862.0,38182.0,35374.36410083978,8694.317031776853,35992.37684899446
5029,Conway,AR,11.8,10.7,20.7,8.8,19.1,12.4,27.7,21.6,14.8,25.9,16.5,35.6,34.5,17.1,41.1,4.8,40.8,17.4,6.5,21273.0,8463.0,286.0,0.3642645607107601,0.0,0.4204390542001598,0.4204390542001598,0.2591547971607201,0.2591547971607201,0.5102242278945142,0.4204390542001598,18.22676286106747,53709.68659803507,1.3444272081981854,Arkansas,Conway County,4261.0,51212.0,52460.843299017535,-61938.709542439785,15874.307292046726
40089,McCurtain,OK,12.8,12.6,20.7,9.1,21.7,13.3,27.2,25.0,22.5,25.2,18.5,35.3,35.3,18.8,42.7,5.1,39.7,20.5,7.4,33151.0,12958.0,454.0,0.340894693976049,0.0,0.6845947331905523,0.6845947331905523,0.422279870893789,0.5616120177370215,0.4802268408192814,1.0,22.933411148008364,44334.98196132846,1.369491116406745,Oklahoma,McCurtain County,6423.0,50175.0,47254.99098066423,-53576.23075442765,15070.560889172517
46111,Sanborn,SD,9.9,10.1,14.7,6.1,16.2,9.6,23.8,15.7,12.8,16.6,12.8,34.0,23.6,11.2,36.0,3.2,29.5,10.8,4.3,2355.0,975.0,174.0,0.0,0.0,0.0,0.0,0.0,0.0,0.0,0.0,10.3123662815576,68906.0,7.388535031847134,South Dakota,Sanborn County,263.0,69870.0,69388.0,-78393.58536458694,24124.862711379217
19193,Woodbury,IA,10.9,9.8,15.2,6.6,16.5,11.0,26.1,15.8,13.5,20.3,12.9,33.7,28.4,12.3,39.5,3.7,32.0,10.1,5.0,102172.0,39052.0,2636.0,0.7623419332106643,0.0,0.112760834670947,0.2609227577026974,0.112760834670947,0.0941353795560427,0.1578025290686293,0.4037701131425439,13.332358074660329,67314.0025447285,2.5799631993109657,Iowa,Woodbury County,13739.0,70147.0,68730.50127236426,9484.00892021718,-9231.439735375647
48159,Franklin,TX,13.4,10.2,15.1,5.9,13.5,9.9,23.8,15.7,12.8,18.5,12.8,34.0,23.8,12.1,35.5,3.3,36.1,8.6,4.5,10605.0,4159.0,114.0,0.7683168316831683,0.0,0.2605374823196605,0.2605374823196605,0.2605374823196605,0.0,0.0,0.2605374823196605,8.57258587346571,67166.63083451202,1.074964639321075,Texas,Franklin County,1153.0,66800.0,66983.315417256,-71105.9766941415,21386.782638192744
28129,Smith,MS,13.1,10.3,20.4,9.0,20.6,13.5,29.1,24.6,15.1,25.6,18.1,37.4,35.5,17.9,43.8,5.3,40.7,25.4,7.1,16491.0,6221.0,107.0,0.0,0.0,0.0,0.0,0.0,0.0,0.3262991934994845,0.0,17.01789962723266,59326.88763568007,0.6488387605360499,Mississippi,Smith County,2712.0,51396.0,55361.44381784003,-67000.58915899823,18041.254647615162
22025,Catahoula,LA,12.5,10.7,22.6,9.9,22.8,15.0,31.8,30.0,26.9,29.6,21.7,38.0,35.7,19.4,41.6,6.1,42.3,26.8,8.3,10407.0,3834.0,866.0,0.0,0.0,0.4502738541366388,0.4502738541366388,0.0,0.0,0.0,0.7059671375036033,22.907817814692375,55086.936869414814,8.321322186989526,Louisiana,Catahoula Parish,2117.0,47753.0,51419.96843470741,-72809.32771171181,21018.89948998817
12069,Lake,FL,15.2,9.8,14.6,6.0,12.9,10.9,23.8,15.7,12.8,18.6,12.8,34.0,23.9,12.4,35.8,3.3,38.8,12.5,5.0,297052.0,121289.0,3987.0,0.6016993657676097,0.0,0.1832911409450197,0.1915893513593579,0.1714682951133135,0.1368144297968032,0.4749976435102271,0.2224425353136824,12.54145629080237,62682.78305145227,1.3421892463272425,Florida,Lake County,37240.0,69956.0,66319.39152572614,182524.7328115818,-84312.18928987306
22017,Caddo,LA,9.2,10.9,20.0,8.0,18.6,14.5,31.7,28.8,25.0,26.0,21.9,39.0,31.8,17.5,42.3,5.5,40.0,23.0,7.3,254969.0,102139.0,6247.0,0.8164208197859347,0.0,0.3848507073408924,0.5301507242056878,0.3626793845526319,0.4699081064756892,0.6580564696100311,0.5785605308880687,24.08440521879816,58400.94467170519,2.4501017770787823,Louisiana,Caddo Parish,50837.0,50067.0,54233.972335852595,94273.98224438439,-57406.69916092977
30007,Broadwater,MT,9.7,11.0,14.8,5.8,14.1,7.8,21.8,11.1,7.6,16.5,9.5,31.3,19.8,10.4,30.3,3.0,31.3,11.5,3.9,5612.0,2347.0,52.0,0.0,0.0,0.0,0.0,0.0,0.0,0.0,0.0,6.995214217573461,69559.65110477548,0.9265858873841768,Montana,Broadwater County,778.0,63636.0,66597.82555238775,-75527.78449987317,22491.05419792094
17171,Scott,IL,7.9,10.6,14.6,6.8,15.4,9.4,24.6,13.8,13.4,17.7,11.6,34.4,22.3,11.8,38.3,3.2,35.2,10.1,4.2,5355.0,2214.0,43.0,0.0,0.0,0.0,0.0,0.0,0.0,0.0,0.0,12.962436418165838,67591.52212885155,0.8029878618113913,Illinois,Scott County,507.0,73013.0,70302.26106442578,-75758.29528180796,22455.619769672845
19073,Greene,IA,7.6,10.3,15.1,6.6,17.3,9.8,23.8,12.8,11.1,18.1,10.4,33.5,25.8,11.6,36.0,3.3,32.6,13.7,4.2,9336.0,3996.0,142.0,0.3055912596401028,0.0,0.0,0.0,0.0,0.0,0.0,0.0,8.89196242741443,70140.84179520137,1.5209940017137962,Iowa,Greene County,897.0,59159.0,64649.920897600685,-72208.96664086773,20396.633384356646
39071,Highland,OH,9.4,11.5,17.1,8.6,20.0,11.8,22.1,16.1,14.1,21.3,12.9,34.8,30.9,13.7,41.1,3.9,42.8,18.3,5.0,43589.0,16693.0,484.0,0.1837160751565762,0.0,0.1444859941728417,0.2431576773956732,0.0,0.3397875610819243,0.4692927114639014,0.6738397302071624,20.812871129567423,54872.209685929934,1.1103718828144715,Ohio,Highland County,6169.0,62008.0,58440.10484296497,-40329.95102312934,2518.2972944421454
40037,Creek,OK,10.6,11.8,18.3,7.6,18.7,11.2,24.9,18.1,15.0,20.3,14.1,32.6,29.9,15.1,39.7,3.9,40.3,22.4,5.6,69967.0,26539.0,1062.0,0.2860348449983563,0.0,0.0858261751968785,0.1316763617133791,0.0858261751968785,0.0,0.0,0.3577972472737147,15.550993276249374,59754.32162305087,1.5178584189689426,Oklahoma,Creek County,9901.0,61849.0,60801.660811525435,-23083.304827062435,-2198.4731845329734
40077,Latimer,OK,12.8,12.9,22.1,9.9,23.8,13.8,27.8,26.9,24.2,26.7,19.3,35.4,36.0,19.9,43.1,5.5,39.2,22.9,8.0,11154.0,4208.0,574.0,0.0,0.0,0.0,0.0,0.0,0.5343374574143805,0.5343374574143805,0.7920028689259458,18.96645087845634,51141.70593509055,5.146135915366685,Oklahoma,Latimer County,1748.0,41048.0,46094.852967545274,-71916.30206711912,21631.53200307875
20189,Stevens,KS,19.9,10.1,19.0,7.8,18.6,12.8,24.5,22.7,13.5,25.7,18.6,33.3,35.5,16.2,41.7,4.8,37.9,19.0,6.9,5724.0,2044.0,72.0,0.7180293501048218,0.0,0.7180293501048218,0.7180293501048218,0.7180293501048218,0.0,0.0,0.7180293501048218,17.602753121351025,64810.514675052415,1.2578616352201255,Kansas,Stevens County,780.0,61909.0,63359.75733752621,-74709.92683887515,24156.603028759087
27075,Lake,MN,7.8,10.1,14.5,5.4,15.6,8.7,21.4,11.7,8.7,15.8,9.9,31.8,22.8,10.4,35.3,3.0,28.6,12.2,3.9,10866.0,4825.0,224.0,0.364715626725566,0.0,0.0,0.364715626725566,0.0,0.364715626725566,0.364715626725566,0.5885330388367385,8.695129724112322,69952.59617154427,2.0614761641818515,Minnesota,Lake County,893.0,75621.0,72786.79808577214,-71184.97972237348,19455.624569049407
48351,Newton,TX,17.3,11.6,21.4,10.1,22.9,14.1,23.8,15.7,12.8,28.7,12.8,34.0,34.6,19.0,42.6,5.9,45.2,21.3,7.8,14445.0,5476.0,724.0,0.0,0.0,1.0,1.0,0.0,0.0,0.0,1.0,19.68123004033642,51221.34704049844,5.012114918656975,Texas,Newton County,2689.0,41044.0,46132.67352024922,-68569.9920227952,19158.409261545403
40067,Jefferson,OK,13.7,11.8,20.6,9.3,21.4,12.8,25.9,23.4,21.2,25.0,16.8,34.0,36.1,18.3,41.2,5.1,38.2,22.5,7.2,6472.0,2634.0,144.0,0.0,0.0,0.2606613102595797,0.2606613102595797,0.0,0.0,0.0,1.0,22.796923290156293,45272.04542645241,2.224969097651422,Oklahoma,Jefferson County,1191.0,48750.0,47011.02271322621,-74411.9329872314,23009.337373508697
5057,Hempstead,AR,14.9,10.8,20.3,8.1,18.1,13.6,30.8,25.9,17.1,27.3,20.7,38.2,38.0,17.7,45.8,5.1,41.3,22.5,7.3,22609.0,8839.0,301.0,0.4653898889822637,0.0,0.4653898889822637,0.4653898889822637,0.4653898889822637,0.4653898889822637,0.4653898889822637,0.4653898889822637,24.7306920772667,48580.13985580963,1.3313282321199522,Arkansas,Hempstead County,3702.0,47654.0,48117.06992790481,-62250.61714060443,19667.321388017397
6061,Placer,CA,5.9,10.0,12.9,4.2,9.6,7.9,24.2,10.7,9.3,15.4,10.0,33.6,17.9,9.8,27.2,2.6,33.0,6.0,3.5,348432.0,132627.0,3807.0,0.8820688111310098,0.0,0.0467322174771547,0.0597046195527391,0.0467322174771547,0.0535943885751021,0.0822197731551637,0.0718131514901042,8.213810570093537,104697.22965743676,1.092609174817468,California,Placer County,27419.0,114678.0,109687.6148287184,205701.4284210594,-97555.77963322443
48175,Goliad,TX,19.3,10.0,16.6,6.3,14.7,11.6,23.8,15.7,12.8,22.5,12.8,34.0,28.1,14.0,37.1,4.0,38.3,19.4,5.8,7210.0,2868.0,93.0,0.0,0.0,0.0,0.0,0.0,0.0,0.5622746185852981,0.0,17.07107007176371,77116.75755894592,1.289875173370319,Texas,Goliad County,645.0,59556.0,68336.37877947296,-73466.18557150412,23926.947949682522
12083,Marion,FL,16.6,10.0,16.1,7.2,15.7,10.9,23.8,15.7,12.8,20.7,12.8,34.0,24.2,13.8,37.1,4.0,41.4,19.4,5.8,331298.0,137726.0,8239.0,0.5809844913039016,0.0,0.1945770876974808,0.2512601947491382,0.172753834915997,0.244396283708323,0.4572620420286268,0.46603963802981,16.603520451083515,53371.70993184384,2.486884919317352,Florida,Marion County,55184.0,58535.0,55953.35496592192,213245.67150048906,-99992.41422806175
50005,Caledonia,VT,7.1,11.5,15.0,6.2,14.1,7.7,23.8,15.7,12.8,15.7,12.8,34.0,22.3,10.2,31.1,3.1,36.0,14.7,4.1,31227.0,12553.0,1345.0,0.0,0.0,0.0,0.0,0.0,0.0,0.0,0.4466647452525058,12.592804149099669,64063.58039517085,4.307170077176802,Vermont,Caledonia County,3727.0,66075.0,65069.290197585426,-52986.362770174994,8978.63651588979
12049,Hardee,FL,26.6,9.7,19.2,8.6,18.3,14.4,23.8,15.7,12.8,27.5,12.8,34.0,33.4,16.9,40.6,5.4,39.0,23.6,8.5,27731.0,8245.0,1984.0,0.1482095849410407,0.0,0.5807940571923118,0.5807940571923118,0.1482095849410407,0.2945800728426671,0.2945800728426671,0.9654177635137572,27.09007255854132,48148.01550611229,7.154448090584545,Florida,Hardee County,5727.0,54231.0,51189.50775305615,-51560.554273597816,24586.58175817272
39155,Trumbull,OH,9.1,11.4,16.2,8.2,19.1,12.1,22.9,17.3,15.5,20.3,13.7,34.8,29.3,13.3,39.8,4.0,41.7,15.8,5.2,210312.0,86011.0,3821.0,0.7025989957777017,0.0,0.2407137966449846,0.3987171440526456,0.2407137966449846,0.1620830004945034,0.2520017878200007,0.4603493856746167,17.733463318225393,58485.59019932291,1.8168245273688617,Ohio,Trumbull County,33135.0,55088.0,56786.79509966145,99954.49075840742,-78480.23457502668
1045,Dale,AL,11.8,10.4,18.7,8.0,18.0,13.7,26.3,22.2,17.1,25.0,16.4,37.3,30.6,16.5,41.5,4.7,39.7,16.1,6.3,50251.0,20065.0,917.0,0.3424210463473364,0.0,0.0407753079540705,0.1107838649977114,0.0407753079540705,0.2666016596684643,0.3531870012537064,0.3073769676225348,18.535681964274744,55944.82869992637,1.824839306680464,Alabama,Dale County,9078.0,53955.0,54949.91434996319,-39253.46411783671,6053.17423909052
18025,Crawford,IN,11.1,12.0,20.1,10.9,23.7,13.5,24.4,21.3,15.2,26.4,15.0,34.1,30.9,16.9,43.0,5.0,38.8,22.3,6.6,10713.0,4303.0,62.0,0.0,0.0,0.2685522262671521,0.2685522262671521,0.0,0.0,0.0,0.6448240455521329,15.522037959830069,54643.14179034818,0.5787361150004667,Indiana,Crawford County,2483.0,48993.0,51818.07089517409,-70673.80868815853,19780.961044134216
26089,Leelanau,MI,5.3,10.8,12.4,5.3,11.4,7.9,20.1,9.5,8.1,13.5,8.4,31.0,17.9,9.1,31.9,2.4,29.9,7.3,3.2,21708.0,9255.0,284.0,0.0,0.0,0.0,0.0,0.0,0.0,0.0,0.0,6.246913937670206,75965.69071310115,1.3082734475769302,Michigan,Leelanau County,1595.0,91943.0,83954.34535655058,-62438.81245851934,14582.400261382298
40021,Cherokee,OK,11.2,12.8,19.6,8.1,20.4,13.1,26.5,23.2,19.6,23.8,17.6,34.1,31.3,17.4,44.4,4.6,42.3,20.8,7.1,46987.0,17836.0,2008.0,0.3621214378445102,0.0,0.2319577755549407,0.2319577755549407,0.2319577755549407,0.2319577755549407,0.3688892672441313,0.4181794964564667,20.975635444299893,54226.37129418775,4.273522463660161,Oklahoma,Cherokee County,8887.0,53668.0,53947.18564709388,-48040.44838045887,16478.468552199593
19161,Sac,IA,7.6,10.1,14.5,6.1,15.8,9.2,23.9,12.0,10.0,17.0,9.9,32.6,24.1,10.9,41.6,3.1,35.8,10.9,3.9,10350.0,4482.0,223.0,0.0,0.0,0.0,0.0,0.0,0.0,0.0,0.0,10.591864380133764,68839.86009661836,2.154589371980676,Iowa,Sac County,757.0,70991.0,69915.43004830918,-71391.22671585873,19828.056264375395
39167,Washington,OH,8.2,11.0,15.5,7.8,17.8,10.8,19.9,13.6,11.8,18.4,11.6,33.2,27.9,12.5,43.9,3.5,38.8,18.6,4.4,61778.0,25587.0,1781.0,0.3353621030140179,0.0,0.1007478390365502,0.1779597915115413,0.1007478390365502,0.1689436368933924,0.4209265434296999,0.3288873061607692,15.64346490683832,62303.197044255234,2.882903298908997,Ohio,Washington County,7429.0,61355.0,61829.09852212762,-26078.15412343193,-7341.488234929795
40005,Atoka,OK,12.9,11.8,20.2,9.0,21.8,12.7,27.3,23.0,20.1,24.2,16.8,34.1,33.3,17.8,40.4,4.9,39.2,20.6,7.0,14182.0,5391.0,750.0,0.0,0.0,0.7121703567902976,0.7121703567902976,0.0,0.2878296432097024,0.2878296432097024,1.0,19.731499785045287,46273.68509378085,5.288393738541814,Oklahoma,Atoka County,2257.0,52034.0,49153.842546890424,-69179.92647752076,20268.401334247636
1021,Chilton,AL,12.1,10.0,18.2,7.6,17.1,12.0,25.5,19.4,13.4,22.8,14.2,37.4,30.0,15.2,39.8,4.1,34.1,23.2,5.6,43643.0,16558.0,393.0,0.1444217858534014,0.0,0.1444217858534014,0.1444217858534014,0.1444217858534014,0.3808858236143253,0.3808858236143253,0.7127832642119011,18.523969186377407,56825.821666704855,0.9004880507756112,Alabama,Chilton County,6111.0,61873.0,59349.41083335243,-41497.46452972057,7730.234637483634
48079,Cochran,TX,33.1,10.2,21.6,8.8,19.4,17.1,23.8,15.7,12.8,34.7,12.8,34.0,41.0,21.1,42.8,7.0,43.0,29.4,11.0,3127.0,1113.0,78.0,0.0,0.0,1.0,1.0,0.0,0.0,0.0,1.0,23.859282479972094,61667.0,2.494403581707707,Texas,Cochran County,667.0,42137.0,51902.0,-77157.35048773779,25509.158240853903
46115,Spink,SD,9.1,10.3,14.4,6.0,15.7,9.5,23.8,15.7,12.8,16.1,12.8,34.0,23.2,10.9,36.2,3.2,31.8,14.4,4.2,6415.0,2608.0,404.0,0.0,0.0,0.0,0.0,0.0,0.0,0.0,0.4238503507404521,9.473744480520772,65467.964925954795,6.297739672642245,South Dakota,Spink County,571.0,73011.0,69239.4824629774,-74812.31236465012,21947.223987313067
53027,Grays Harbor,WA,10.5,11.6,17.7,6.4,15.4,10.5,23.8,15.7,12.8,20.2,12.8,34.0,22.2,12.9,36.8,3.8,40.2,14.1,5.0,72797.0,28579.0,2731.0,0.3934365427146723,0.0,0.2308611618610657,0.3414151682074811,0.2141297031471077,0.1501847603610039,0.2189375935821531,0.792409027844554,16.052305301696073,59154.9236094894,3.751528222316854,Washington,Grays Harbor County,10358.0,63539.0,61346.9618047447,-16879.176810994984,-2487.2671940276196
37125,Moore,NC,8.8,10.5,14.0,5.4,11.8,8.9,21.1,11.4,8.6,15.1,9.9,31.4,19.2,10.6,32.8,2.9,32.7,13.3,4.0,88247.0,37540.0,848.0,0.4541797454870987,0.0,0.0998220902693576,0.0998220902693576,0.0998220902693576,0.1483563180618038,0.4709168583634571,0.2290162838396772,12.295936508755272,76197.41120944622,0.9609391820685124,North Carolina,Moore County,10077.0,82837.0,79517.2056047231,-7959.148893168371,-11746.5469215074
19005,Allamakee,IA,8.8,9.9,14.9,6.5,16.8,9.8,24.8,13.7,11.7,18.3,11.1,32.4,25.3,11.6,42.5,3.3,36.6,11.7,4.3,14330.0,5845.0,332.0,0.2852756454989532,0.0,0.0,0.0,0.0,0.0,0.0,0.0,9.264021696136368,67289.45945568736,2.316817864619679,Iowa,Allamakee County,1657.0,66000.0,66644.72972784369,-67557.00857675096,18304.88765740516
28065,Jefferson Davis,MS,13.6,10.9,20.4,9.0,21.0,16.8,33.4,33.1,23.1,28.7,25.2,40.8,38.8,20.6,45.8,6.6,41.6,22.4,8.9,12487.0,4977.0,116.0,0.0,0.0,0.2797309201569632,0.2797309201569632,0.0,0.4485464883478818,0.7202690798430368,0.728277408504845,27.261377606059128,38081.55321534395,0.9289661247697604,Mississippi,Jefferson Davis County,2770.0,37183.0,37632.27660767197,-72162.3104433359,21635.95055071365
51187,Warren,VA,10.0,10.8,16.5,6.6,15.0,10.7,21.8,13.4,11.2,18.7,11.6,34.5,24.7,12.9,37.7,3.4,39.0,15.4,4.6,37575.0,14085.0,725.0,0.3815036593479707,0.0,0.3815036593479707,0.3815036593479707,0.3815036593479707,0.4872122421823021,0.4872122421823021,0.9263872255489022,10.466746632880891,79623.83350632069,1.9294743845642048,Virginia,Warren County,4542.0,84331.0,81977.41675316035,-48863.80646331335,7265.055436383136
18111,Newton,IN,10.5,11.2,17.2,8.1,18.6,11.4,24.2,16.1,9.3,22.0,12.5,33.3,26.5,13.8,43.3,3.7,39.8,23.6,5.0,14244.0,5503.0,170.0,0.0,0.0,0.2288682954226341,0.2288682954226341,0.0,0.0,0.0,1.0,13.311202695664257,59610.921651221564,1.1934849761303006,Indiana,Newton County,1843.0,68596.0,64103.46082561078,-67443.36744813522,18417.119184780375
17059,Gallatin,IL,9.4,11.0,16.7,8.2,18.2,10.5,25.7,17.2,17.7,21.0,13.6,35.2,25.4,13.8,40.9,4.0,37.9,16.2,5.1,5589.0,2403.0,25.0,0.0,0.0,0.5550187869028449,0.5550187869028449,0.0,0.0,0.0,0.5550187869028449,19.66415954186493,52764.49221685454,0.4473072105922347,Illinois,Gallatin County,750.0,54626.0,53695.246108427265,-75281.08039554779,22422.715548518492
2275,Wrangell,AK,11.0,11.0,15.9,6.6,18.0,9.1,26.6,15.9,11.2,20.0,13.4,33.7,22.3,12.3,35.0,3.7,36.8,15.8,5.2,2369.0,1053.0,19.0,0.0,0.0,1.0,1.0,0.0,0.0,0.0,1.0,7.795371498172959,71923.0,0.8020261713803293,Alaska,Wrangell City and Borough,227.0,64545.0,68234.0,-78685.01597587351,24549.311003901774
40011,Blaine,OK,12.8,11.4,18.5,7.6,18.1,11.4,26.1,19.3,15.7,21.2,14.9,33.5,31.5,15.7,38.4,4.1,38.3,22.5,5.9,11943.0,3959.0,2190.0,0.4625303525077451,0.0,0.2898769153479025,0.2898769153479025,0.0,0.0,0.0,0.2898769153479025,12.593817929932714,58839.62513606297,18.337101230846525,Oklahoma,Blaine County,1157.0,59304.0,59071.81256803149,-70280.1257377978,22375.276002090824
5035,Crittenden,AR,12.7,11.6,21.2,8.3,18.8,14.8,32.9,29.6,21.8,29.2,23.7,40.0,38.0,19.3,46.8,5.8,43.0,28.5,7.8,50902.0,19026.0,701.0,0.7433892577894778,0.0,0.2389689992534674,0.5253428156064595,0.1606223724018702,0.3827943892184983,0.3827943892184983,0.6699343837177321,22.711880130960772,52093.84973085537,1.3771561038858984,Arkansas,Crittenden County,9684.0,54271.0,53182.42486542769,-45549.45598293051,9179.392304897043
35059,Union,NM,17.7,9.7,17.3,6.7,15.9,11.8,26.1,22.7,19.3,24.4,18.2,35.3,26.5,14.4,34.7,4.7,35.9,19.5,7.0,4549.0,1695.0,662.0,0.0,0.0,1.0,1.0,1.0,1.0,0.0,1.0,14.1029286323571,47159.0,14.55264893383161,New Mexico,Union County,702.0,45319.0,46239.0,-75989.5710775752,24794.461302292617
19105,Jones,IA,7.4,9.9,14.4,6.2,16.4,9.4,24.2,12.4,10.4,16.8,10.1,31.5,24.0,11.0,39.6,3.1,35.6,10.7,3.9,20638.0,8181.0,1304.0,0.4346351390638627,0.0,0.124043027425138,0.124043027425138,0.0,0.0,0.0,0.124043027425138,10.183459270426402,72365.30177342765,6.3184417094679715,Iowa,Jones County,2038.0,73071.0,72718.15088671382,-62684.41819198454,14351.233463977154
12003,Baker,FL,13.8,10.3,16.6,7.5,16.6,11.0,23.8,15.7,12.8,19.4,12.8,34.0,27.0,13.3,35.1,3.7,40.0,13.6,5.2,27115.0,8772.0,2344.0,0.524248570901715,0.0,0.0,0.0,0.0,0.0,0.0,0.0,14.586833145118424,69987.75736677115,8.644661626406048,Florida,Baker County,3285.0,70833.0,70410.37868338558,-58249.827707270044,12666.373335416987
48435,Sutton,TX,28.6,9.2,17.7,6.0,14.4,14.0,23.8,15.7,12.8,27.1,12.8,34.0,34.1,16.0,38.6,4.7,39.7,17.7,7.7,4128.0,1550.0,13.0,1.0,0.0,0.0,0.0,0.0,0.0,0.0,0.0,8.32682799895915,63849.0,0.314922480620155,Texas,Sutton County,381.0,75000.0,69424.5,-75970.04675040767,25192.15791331061
39141,Ross,OH,9.7,11.6,16.7,8.5,19.9,12.6,23.3,16.9,15.0,21.1,13.4,37.9,29.4,12.9,43.9,4.0,40.2,20.8,5.2,78064.0,28919.0,6353.0,0.4044758147161303,0.0740546218487395,0.0740546218487395,0.2077141832342693,0.0740546218487395,0.1365033818405411,0.3958931133428981,0.4169399467103915,18.02987390182088,59721.778720024595,8.138194302111089,Ohio,Ross County,12012.0,59819.0,59770.3893600123,-13376.663334597935,-13659.176491684306
28003,Alcorn,MS,12.3,9.8,19.1,8.3,19.8,12.4,27.9,20.1,11.8,23.4,15.1,38.1,33.6,16.4,40.0,4.6,37.5,20.1,6.2,37057.0,15039.0,435.0,0.3642226839733383,0.0,0.1777262055751949,0.1777262055751949,0.1777262055751949,0.0,0.2848044903796853,0.1777262055751949,17.48718561364428,49642.328224087214,1.1738672855330976,Mississippi,Alcorn County,5863.0,49404.0,49523.16411204361,-47355.18369439206,8442.352448215697
34031,Passaic,NJ,18.9,8.9,14.7,5.2,12.5,11.2,26.6,23.1,12.8,21.7,18.9,37.6,30.5,12.7,31.1,3.9,38.5,14.6,6.1,501226.0,166785.0,11019.0,0.96448508257752,0.0008080187380542,0.0099755399759789,0.1500760136146169,0.0099755399759789,0.1045157274363261,0.239468822447359,0.4816210651482565,16.664906200795762,82395.58190915875,2.19840949990623,New Jersey,Passaic County,69781.0,87137.0,84766.29095457937,360071.07998991583,5075.1476159368285
55003,Ashland,WI,8.8,11.6,15.4,6.9,18.0,10.8,21.9,15.6,17.6,19.6,12.6,34.3,29.7,13.3,41.4,3.9,34.4,17.0,5.1,16157.0,6736.0,623.0,0.3160240143591013,0.0,0.2226279631119638,0.2226279631119638,0.0,0.0,0.0,0.5477502011512038,14.193343265809531,58937.15058488581,3.8559138453920903,Wisconsin,Ashland County,2525.0,57645.0,58291.0752924429,-66929.5556173216,18261.34099111225
1029,Cleburne,AL,10.6,10.1,18.3,8.1,18.0,11.7,24.6,17.9,13.1,22.3,12.7,36.3,28.7,15.0,37.1,4.1,38.4,21.9,5.4,14972.0,5891.0,178.0,0.0,0.0,0.0,0.0,0.0,0.0,0.0,0.4599251936948971,18.868972620879912,53030.103326208926,1.188885920384718,Alabama,Cleburne County,1984.0,53319.0,53174.55166310446,-66752.52569794207,17888.475182278984
46087,McCook,SD,8.4,9.8,13.2,5.3,14.1,8.8,23.8,15.7,12.8,14.5,12.8,34.0,21.5,9.8,35.9,2.8,30.3,9.3,3.7,5618.0,2168.0,312.0,0.0,0.0,0.0,0.0,0.0,0.0,0.0,0.0,9.779358064926914,73143.88038447846,5.553577785688857,South Dakota,McCook County,413.0,80847.0,76995.44019223923,-75514.58700724074,22362.841991275658
20115,Marion,KS,9.1,10.2,15.5,6.5,16.2,9.5,21.0,12.4,7.3,17.1,11.0,30.6,26.1,12.0,39.7,3.3,31.5,10.5,4.2,12660.0,5005.0,723.0,0.0,0.0,0.1424960505529225,0.1424960505529225,0.0,0.0,0.3183254344391785,0.1424960505529225,9.292386483452985,64708.020221169034,5.710900473933649,Kansas,Marion County,1104.0,63438.0,64073.01011058452,-69325.51389151915,18833.569547673942
6057,Nevada,CA,6.1,10.4,14.5,5.2,11.5,8.0,23.1,11.6,11.6,16.8,10.8,33.6,18.2,11.0,27.6,3.0,33.9,7.9,3.9,98764.0,41527.0,1175.0,0.5733566886719857,0.0,0.3399923048884208,0.3399923048884208,0.3399923048884208,0.1312219027175894,0.1312219027175894,0.3840164432384269,11.558774452239945,80865.69031225952,1.1897047507188854,California,Nevada County,10745.0,84905.0,82885.34515612977,4969.189549072267,-17490.227773723436
38057,Mercer,ND,8.0,10.5,14.0,6.1,15.4,9.1,21.7,12.3,7.9,17.4,10.2,29.3,23.3,11.0,39.6,3.3,33.2,9.8,4.3,8424.0,3625.0,126.0,0.3804605887939221,0.0,0.0,0.0,0.0,0.0,0.0,0.0,7.065597067211692,95668.56244064578,1.4957264957264955,North Dakota,Mercer County,869.0,79405.0,87536.78122032288,-73644.62009168904,20918.13501269815
6081,San Mateo,CA,6.9,8.5,11.2,3.5,8.0,9.0,26.9,12.0,8.7,16.1,10.0,35.6,19.3,9.4,22.0,2.4,28.7,7.8,3.7,718451.0,257837.0,8853.0,0.9692365937273384,0.0,0.0,0.0566802746464268,0.0,0.0112519851736583,0.0314551723082019,0.1880657135977262,7.044657850980499,138841.2323456993,1.2322343486194605,California,San Mateo County,47945.0,156000.0,147420.61617284967,423594.7278600553,-3292.20991331416
48039,Brazoria,TX,16.5,9.3,13.7,4.8,11.3,11.3,23.8,15.7,12.8,19.5,12.8,34.0,25.4,11.8,35.8,3.3,42.1,8.9,4.8,313166.0,106589.0,10559.0,0.6634756007995759,0.0,0.0661374478710971,0.1108868778858496,0.0661374478710971,0.0173869449429376,0.113626638907161,0.1367517546604676,9.619933954925584,91394.33751428955,3.3716942452245773,Texas,Brazoria County,27057.0,95155.0,93274.66875714475,182618.55331554514,-29246.078900861958
26139,Ottawa,MI,6.7,11.0,13.6,5.8,12.1,8.5,21.9,11.8,10.1,14.8,10.0,31.7,19.9,10.2,33.2,2.7,29.6,4.7,3.7,263801.0,93775.0,8261.0,0.6929314142099537,0.0,0.0624940769746892,0.0624940769746892,0.0624940769746892,0.0,0.1629106788829458,0.0624940769746892,9.5650657095583,79903.46588906032,3.1315271738924415,Michigan,Ottawa County,23541.0,87144.0,83523.73294453016,145153.26048348105,-87399.3612908914
39015,Brown,OH,9.1,11.5,16.9,8.6,20.0,11.6,22.9,16.4,14.2,21.0,12.7,36.5,32.3,14.2,41.2,3.9,41.4,22.9,5.0,44846.0,17014.0,575.0,0.1175132676269901,0.0,0.1175132676269901,0.1175132676269901,0.1175132676269901,0.1999955402934486,0.3734112295410962,0.4699638763769344,16.014404225561513,61940.13477233198,1.2821656335013156,Ohio,Brown County,7498.0,69990.0,65965.06738616599,-40284.96789838836,1338.0317268918188
19029,Cass,IA,8.1,10.4,15.8,7.2,18.2,10.5,25.6,14.4,13.2,19.1,11.1,35.4,26.3,12.8,41.0,3.6,34.3,15.3,4.6,13956.0,5980.0,304.0,0.5252221266838636,0.0,0.0,0.0,0.0,0.0,0.0,0.0,11.57968589102505,63961.964889653194,2.178274577242763,Iowa,Cass County,2243.0,61657.0,62809.4824448266,-67898.92214563712,17948.791543228414
41043,Linn,OR,9.1,12.6,16.6,6.8,14.5,10.1,23.8,15.7,12.8,19.9,12.8,34.0,21.5,12.9,40.1,3.5,35.0,9.7,4.7,116672.0,45204.0,1227.0,0.689411341195831,0.0,0.2575596544157981,0.3993417443773999,0.2575596544157981,0.1604669500822819,0.356615126165661,0.4544706527701591,14.405274382628562,61624.52723018376,1.0516662095447065,Oregon,Linn County,16414.0,73396.0,67510.26361509188,25670.560872409784,-24092.413742328445
19147,Palo Alto,IA,7.3,10.1,14.5,6.2,15.9,9.4,23.8,12.0,10.3,16.7,10.0,32.1,23.9,11.0,40.6,3.1,33.7,9.6,4.0,9421.0,3994.0,344.0,0.4243710858719881,0.0,0.0,0.0,0.0,0.0,0.0,0.1924424158794183,6.491360971268268,68257.84736227577,3.6514170470226097,Iowa,Palo Alto County,1002.0,68963.0,68610.42368113788,-72351.34155452668,20277.4578302823
37187,Washington,NC,13.8,12.6,20.0,9.0,20.2,14.8,28.0,28.9,28.3,26.8,22.5,37.1,32.0,18.6,44.1,6.2,40.4,27.3,8.2,13228.0,5526.0,151.0,0.0,0.0,0.0,0.0,0.0,0.8838826731176292,0.8838826731176292,1.0,23.785487386427935,48423.99130631993,1.1415179921378893,North Carolina,Washington County,2631.0,41750.0,45086.99565315996,-71445.48653027714,21361.18584492649
34005,Burlington,NJ,8.7,9.3,11.7,4.4,11.0,8.7,23.2,12.0,7.2,14.8,11.4,30.2,22.5,9.0,30.0,2.7,34.7,9.0,3.7,448734.0,166318.0,13214.0,0.8724099355074498,0.0187215588745225,0.0560086822037108,0.130839205408995,0.0560086822037108,0.0542058324085092,0.1225336167974791,0.1806861080283642,6.602866300012592,106729.39307028217,2.94472894855304,New Jersey,Burlington County,30725.0,105271.0,106000.19653514108,242454.3351011398,-148588.9426020355
13259,Stewart,GA,26.7,10.1,19.6,9.2,21.3,18.4,31.1,34.5,30.0,32.0,26.1,39.4,39.2,20.2,42.0,7.3,44.2,24.2,10.1,6058.0,1862.0,1675.0,0.0,0.0,0.6738197424892703,0.6738197424892703,0.0,1.0,1.0,1.0,38.44441746154892,39390.28326180258,27.64938923737207,Georgia,Stewart County,1018.0,35000.0,37195.141630901286,-76577.03569054251,25491.28970101079
31019,Buffalo,NE,9.4,9.3,12.3,5.5,13.3,9.1,20.8,12.3,8.5,15.2,9.6,29.1,23.7,10.3,38.9,3.0,33.8,9.6,4.0,46102.0,18037.0,2225.0,0.7301635503882695,0.0,0.1680838141512299,0.1680838141512299,0.1680838141512299,0.1187584052752592,0.2271051147455642,0.2190360504967246,15.062672730574349,72629.16799705003,4.826254826254826,Nebraska,Buffalo County,5297.0,74570.0,73599.58399852502,-39233.08765425862,4876.8712469692
37171,Surry,NC,13.3,11.3,18.3,8.1,17.5,10.8,22.7,18.0,15.2,21.8,13.8,33.6,27.1,14.8,40.8,4.3,33.7,18.1,5.8,73673.0,29914.0,870.0,0.2571362643030689,0.0,0.0492717820639854,0.1295454236966052,0.0492717820639854,0.1775548708482076,0.2973002321067419,0.4766332306272311,16.88084464082081,54850.19868880051,1.1808939502938662,North Carolina,Surry County,11724.0,56095.0,55472.59934440025,-12551.515288984141,-3928.195177862246
17001,Adams,IL,7.6,10.5,14.3,6.6,15.0,9.6,24.0,13.8,13.6,17.4,11.6,33.8,22.6,11.7,38.2,3.2,38.3,11.9,4.2,67103.0,27375.0,2287.0,0.6499560377330372,0.0,0.068953698046287,0.3028925681415138,0.068953698046287,0.0864789949778698,0.194626171706183,0.3987303101202629,12.710469272782364,64371.4578632848,3.4081933743647825,Illinois,Adams County,7788.0,64962.0,64666.7289316424,-22704.685563898616,-9415.08369103765
6017,El Dorado,CA,6.2,9.9,13.7,4.6,10.6,8.0,23.2,11.3,10.1,16.3,10.5,33.9,17.9,10.6,27.4,2.8,33.8,8.2,3.7,181058.0,70223.0,1643.0,0.5105325365352539,0.0,0.0417711451579052,0.0712423643252438,0.0417711451579052,0.0227882777894376,0.1247721724530261,0.1297705707563322,9.04467779957416,100570.74023241171,0.9074440234620952,California,El Dorado County,15754.0,106190.0,103380.37011620586,70865.3455404189,-42744.02831106431
27163,Washington,MN,6.1,9.3,11.3,3.8,10.9,8.7,19.1,8.8,5.5,12.7,7.9,29.8,18.2,8.1,32.1,2.3,25.7,8.3,3.0,238136.0,87859.0,3570.0,0.8506777639668088,0.0085455370040649,0.0352109718816138,0.0474812712063694,0.0352109718816138,0.0330567406859945,0.1083750461920919,0.0630312090570094,4.679561890330928,111187.066115581,1.499143346659052,Minnesota,Washington County,13484.0,114457.0,112822.0330577905,104603.86768707691,-86059.76913567282
8085,Montrose,CO,13.5,11.3,16.3,6.0,14.0,8.5,23.8,15.7,12.8,18.4,12.8,34.0,19.8,11.2,27.7,3.3,31.7,15.7,4.8,41276.0,16484.0,542.0,0.500024227153794,0.0,0.4224004263979067,0.5704283360790774,0.3519963174726233,0.1480279096811706,0.1480279096811706,0.8244258164550828,16.55801302582895,60405.85231127047,1.3131117356332975,Colorado,Montrose County,5101.0,66072.0,63238.92615563523,-41602.47429271746,12721.127184071665
20121,Miami,KS,8.2,9.9,14.1,5.6,13.9,8.8,20.0,10.1,5.6,15.3,9.7,30.2,22.6,10.7,34.7,2.7,33.3,9.4,3.5,32787.0,12161.0,645.0,0.3562082532711135,0.0,0.1702199042303352,0.1702199042303352,0.1702199042303352,0.1702199042303352,0.1702199042303352,0.1702199042303352,8.103464519789977,82165.96907310824,1.9672431146490987,Kansas,Miami County,2267.0,88000.0,85082.98453655411,-52832.882641154574,8429.266300694082
53011,Clark,WA,8.2,11.6,14.3,4.9,11.0,8.4,23.8,15.7,12.8,16.2,12.8,34.0,19.1,10.5,35.0,2.9,30.6,11.6,3.8,425363.0,158099.0,3210.0,0.8273592202424752,0.0,0.0279455429832872,0.2141770675869786,0.0279455429832872,0.0396766996659323,0.0396766996659323,0.2650912279629399,9.409830167101134,83084.34966840087,0.7546495581421045,Washington,Clark County,42559.0,94948.0,89016.17483420044,276151.45316502405,-145065.406205726
48487,Wilbarger,TX,22.0,10.5,19.4,8.4,18.6,14.2,23.8,15.7,12.8,28.0,12.8,34.0,34.7,17.9,39.9,5.5,40.6,22.5,8.0,13535.0,5289.0,615.0,0.8633912079793129,0.0,0.4205393424455116,0.4205393424455116,0.4205393424455116,0.0,0.0,0.4205393424455116,18.16439151585396,57980.41152567418,4.543775397118581,Texas,Wilbarger County,2301.0,51626.0,54803.20576283709,-67662.18739630579,22401.15826442524
54013,Calhoun,WV,11.5,13.0,24.1,12.2,27.0,15.1,25.0,24.5,29.8,30.6,17.7,35.8,37.8,19.6,40.4,5.6,43.5,28.9,7.3,7627.0,3268.0,22.0,0.0,0.0,0.5407106332765176,0.5407106332765176,0.0,0.5407106332765176,1.0,0.5407106332765176,18.738642357085332,46377.2120099646,0.2884489314278222,West Virginia,Calhoun County,2046.0,41421.0,43899.1060049823,-73249.95105382822,21343.292217163766
26015,Barry,MI,6.7,11.3,15.0,6.8,15.1,8.9,22.2,12.7,11.5,16.9,10.5,32.1,22.6,11.0,36.6,3.0,33.3,11.7,4.0,59173.0,22551.0,603.0,0.0,0.0,0.0,0.0,0.0,0.0,0.2154022949656093,0.0,8.666222244935803,71208.97292684163,1.0190458486133878,Michigan,Barry County,5087.0,77873.0,74540.98646342082,-28806.275895234758,-5552.623475377415
41057,Tillamook,OR,9.5,12.1,16.3,6.5,13.7,9.7,23.8,15.7,12.8,18.7,12.8,34.0,20.0,12.0,32.1,3.4,31.2,18.3,4.5,25250.0,10834.0,476.0,0.0,0.0,0.0,0.0,0.0,0.0,0.4442376237623762,0.2807524752475248,14.893001284527804,59388.15544554455,1.885148514851485,Oregon,Tillamook County,3197.0,66551.0,62969.57772277227,-57206.93438084436,14687.970420033811
15003,Honolulu,HI,5.3,9.7,12.7,4.1,10.3,10.5,31.2,17.7,11.6,17.2,11.6,33.3,22.4,11.0,26.0,2.8,49.5,7.9,4.7,953207.0,311047.0,35300.0,0.942744860245466,0.0115546780499933,0.0796668509568226,0.1308414646556309,0.0796668509568226,0.0503059671194189,0.1494890406805657,0.2771118969961404,8.825579891179785,99074.49233587248,3.703287953193797,Hawaii,Honolulu County,88808.0,104264.0,101669.24616793625,352121.386002312,95725.94056462639
5089,Marion,AR,11.6,10.6,20.7,8.6,18.8,11.1,27.0,18.7,11.9,24.4,14.2,34.5,31.3,16.0,37.8,4.4,39.0,21.7,5.9,16653.0,7411.0,141.0,0.0,0.0,0.3109349666726715,0.3109349666726715,0.0,0.4303128565423647,0.6890650333273284,0.7412478232150363,20.871700081248257,45958.450189155104,0.8466942893172401,Arkansas,Marion County,3008.0,46953.0,46455.72509457755,-64783.4261323789,16825.21438537984
13063,Clayton,GA,17.0,11.3,16.7,6.5,15.9,16.1,31.4,30.5,26.5,25.2,26.3,43.2,32.9,17.1,44.8,5.8,45.1,24.0,7.9,259424.0,90633.0,4037.0,0.941986863204638,0.0,0.4986508572838288,0.7461106142839521,0.4986508572838288,0.3646964043419267,0.3955185333662267,0.7672613173800419,20.0368814478406,51643.9341348526,1.5561397557666214,Georgia,Clayton County,49531.0,58507.0,55075.4670674263,77058.67641886103,6734.160387034564
20065,Graham,KS,9.1,10.3,15.7,6.8,16.4,10.2,21.3,13.7,8.5,18.3,11.9,31.7,27.0,12.9,37.3,3.5,32.9,14.7,4.5,2597.0,1196.0,40.0,0.0,0.0,0.3835194455140547,0.3835194455140547,0.0,0.0,0.0,1.0,9.78994135266244,56889.32691567193,1.5402387370042356,Kansas,Graham County,267.0,52909.0,54899.163457835966,-78169.75098807638,24112.602561456693
45061,Lee,SC,16.5,11.1,19.1,8.7,19.3,16.9,30.6,33.1,24.2,28.1,25.0,36.1,34.7,19.0,44.1,6.5,44.1,22.3,8.6,19220.0,6797.0,1975.0,0.0,0.0,0.2081685744016649,0.2081685744016649,0.0,0.7521331945889699,0.7521331945889699,0.9193548387096774,24.67529115156636,43466.62887617065,10.275754422476586,South Carolina,Lee County,3525.0,44145.0,43805.81443808533,-68882.48803358318,20127.150841641964
13179,Liberty,GA,14.8,10.3,15.7,6.2,15.4,13.9,27.4,21.6,17.6,22.3,18.9,38.5,29.8,14.7,33.9,4.6,39.2,18.1,6.2,63453.0,22155.0,2579.0,0.6441775802562527,0.0362000220635746,0.3518352166170236,0.5231273541046129,0.3518352166170236,0.1058736387562447,0.1863899264022189,0.7385151214284589,16.552388705474247,50258.96454068366,4.064425637873701,Georgia,Liberty County,9289.0,59013.0,54635.98227034183,-34909.05397924011,10862.344518436232
47127,Moore,TN,11.7,10.9,18.8,8.1,19.1,11.3,23.8,15.7,12.8,21.7,12.8,34.0,26.5,14.5,38.4,3.7,38.8,10.6,5.0,6362.0,2492.0,104.0,0.0,0.0,0.0,0.0,0.0,0.0,0.0,0.0,7.904530097695838,65542.76202452059,1.634706067274442,Tennessee,Moore County,732.0,66687.0,66114.8810122603,-74827.35212540645,22069.17811165668
35028,Los Alamos,NM,5.9,8.9,9.7,3.2,7.1,6.7,20.2,6.9,4.6,11.0,6.9,31.9,12.7,7.0,25.1,1.9,27.9,4.4,2.7,17950.0,7663.0,94.0,1.0,0.0,0.0,0.0,0.0,0.0,0.1847910863509749,0.0,5.243757774684034,138111.14401114205,0.5236768802228412,New Mexico,Los Alamos County,564.0,143188.0,140649.57200557104,-65953.49544420632,18526.59183881498
45087,Union,SC,15.6,11.0,19.8,9.6,19.7,15.0,27.4,27.8,20.3,26.9,20.5,35.4,31.9,18.6,43.8,5.9,41.0,18.0,7.8,28961.0,11974.0,503.0,0.317185180069749,0.0,0.2394944925934878,0.317185180069749,0.2394944925934878,0.4484651773074134,0.5775007769068747,0.6810883602085563,21.91455870588776,49589.530886364424,1.736818480024861,South Carolina,Union County,6037.0,41200.0,45394.765443182216,-58110.87435227874,13552.213261941399
54025,Greenbrier,WV,9.8,12.6,20.3,9.6,21.4,12.9,24.2,18.7,21.3,24.8,14.5,34.7,32.4,16.1,40.2,4.3,39.6,24.1,5.7,35480.0,15443.0,616.0,0.3232243517474633,0.0,0.1096674182638106,0.1096674182638106,0.0,0.3758737316798196,0.767728297632469,0.3758737316798196,18.26129837863048,51482.6170518602,1.7361894024802706,West Virginia,Greenbrier County,6611.0,48662.0,50072.3085259301,-48228.76381246577,7210.674430501607
30087,Rosebud,MT,12.7,13.0,19.1,8.1,21.0,11.5,26.6,23.3,17.4,24.3,16.7,35.8,26.4,15.3,39.8,4.7,37.0,18.8,6.9,9233.0,3395.0,65.0,0.0,0.0,0.3377017220838297,0.3377017220838297,0.0,0.0,0.0,0.3377017220838297,18.645279695210295,63699.68309325246,0.7039965341709087,Montana,Rosebud County,1763.0,56430.0,60064.84154662623,-74107.9294720407,22639.79210748586
29215,Texas,MO,11.8,11.0,22.1,10.0,22.3,12.7,21.4,19.8,17.8,26.0,15.9,32.1,34.5,17.9,42.2,5.0,41.1,19.0,6.5,26008.0,10057.0,1897.0,0.0,0.0,0.5517533066748693,0.5517533066748693,0.0,0.7966394955398339,0.7966394955398339,1.0,24.589245404083023,47530.967356198096,7.293909566287296,Missouri,Texas County,4548.0,48055.0,47792.98367809904,-56135.03613893612,12461.894950110549
16001,Ada,ID,8.7,10.3,14.5,4.8,10.5,8.0,18.3,10.2,6.6,14.5,9.1,28.8,17.9,11.2,28.9,2.7,30.6,17.7,3.7,392365.0,148445.0,9714.0,0.9390516483376448,0.0190307494297401,0.0145655193506046,0.1666458527136722,0.0145655193506046,0.0408446217170236,0.1982363360646337,0.1765779312629821,11.3549560495964,80713.89391510456,2.475755992506977,Idaho,Ada County,42195.0,88907.0,84810.44695755228,260564.08386607224,-144988.02080187737
39133,Portage,OH,7.5,10.9,14.5,6.8,15.7,10.5,20.9,12.6,10.5,17.5,10.8,35.5,24.7,11.4,34.0,3.2,39.7,21.4,4.1,161419.0,62222.0,7914.0,0.6643517801497965,0.0440902248186396,0.16589744701677,0.290957074446007,0.16589744701677,0.2195342555709055,0.2818379496837423,0.290957074446007,14.59029907408305,73345.53071199797,4.90276857123387,Ohio,Portage County,17567.0,72822.0,73083.76535599898,54563.05390787602,-56273.40725064956
27013,Blue Earth,MN,8.2,10.5,14.7,5.6,15.6,10.0,20.6,13.4,10.5,16.4,10.6,30.1,24.1,11.0,36.8,3.4,31.5,12.5,4.3,64013.0,24445.0,4529.0,0.6663021573742833,0.0,0.3098745567306641,0.3463359005202068,0.3098745567306641,0.2211582022401699,0.3448986924530954,0.439582584787465,19.402110524868327,72433.42685079594,7.0751253651602015,Minnesota,Blue Earth County,10695.0,72623.0,72528.21342539796,-25094.662782016145,-5866.8145919211165
13003,Atkinson,GA,26.0,10.7,21.6,10.1,22.1,16.5,27.2,32.0,28.5,32.2,24.1,40.4,39.4,20.2,43.9,7.0,38.8,31.1,9.9,8375.0,2983.0,20.0,0.0,0.0,0.248,0.248,0.0,0.6033432835820896,0.6033432835820896,1.0,29.33140581966589,40665.497552238805,0.2388059701492537,Georgia,Atkinson County,2062.0,38438.0,39551.748776119406,-72683.74741960724,24408.577444137893
16051,Jefferson,ID,10.4,10.7,15.9,5.8,12.2,8.7,19.5,12.0,8.3,15.9,10.5,28.9,21.4,12.2,33.0,3.2,33.7,14.5,4.3,26140.0,8146.0,111.0,0.2732593726090283,0.0,0.0,0.0,0.0,0.0,0.0,0.0,7.84632493722732,63315.43156082632,0.424636572302984,Idaho,Jefferson County,2967.0,82952.0,73133.71578041316,-55589.14181601329,14786.11651234599
34027,Morris,NJ,8.4,8.4,10.0,3.5,8.5,7.4,22.1,8.9,4.7,11.8,8.4,32.5,18.1,7.4,22.6,2.1,34.3,7.6,3.1,492276.0,180534.0,8866.0,0.9498898991622584,0.0,0.0,0.0630906239589173,0.0,0.0116580942398166,0.1435454907409664,0.0661783227295257,4.671285606163823,141412.7918220673,1.8010221908035329,New Jersey,Morris County,25572.0,134929.0,138170.89591103364,299141.2501127919,-158378.45193755202
51540,Charlottesville,VA,7.7,10.7,14.3,5.8,12.3,11.5,19.9,13.0,11.7,17.7,11.0,33.6,23.1,12.6,35.2,3.4,36.6,10.7,4.6,43475.0,17778.0,2438.0,1.0,0.0,0.1000805060379528,0.3817596319723979,0.1000805060379528,0.3053018976423232,0.4535250143760782,0.4459574468085106,27.19090618207832,84169.36883266245,5.6078205865439905,Virginia,Charlottesville city,9701.0,69829.0,76999.18441633123,-47358.81520254864,10428.634533674773
40063,Hughes,OK,13.5,12.0,20.5,9.2,22.5,13.4,28.2,25.1,21.8,25.2,18.4,34.9,35.4,18.7,42.2,5.1,39.2,22.3,7.4,14003.0,5050.0,1565.0,0.1823894879668642,0.0,0.1991001928158251,0.1991001928158251,0.0,0.0,0.0,0.4642576590730558,22.953983055821272,49483.86981361137,11.176176533599945,Oklahoma,Hughes County,2463.0,47923.0,48703.43490680568,-69891.71476822009,20817.274393524844
45067,Marion,SC,16.9,11.4,19.8,9.6,20.7,17.7,30.3,35.3,27.1,29.7,26.0,37.4,34.9,20.4,45.2,6.8,40.1,23.1,9.2,33062.0,13058.0,203.0,0.0,0.0,0.0,0.0,0.0,0.6838969209364225,0.8783800133083298,0.8055169076280927,24.250954736027214,45937.10144576856,0.6139979432581211,South Carolina,Marion County,7807.0,34501.0,40219.05072288427,-58505.10417701991,15769.388559458223
39091,Logan,OH,8.3,11.0,15.3,7.5,17.7,11.1,21.5,13.8,11.4,18.8,11.5,35.2,27.6,12.3,38.9,3.4,37.9,17.7,4.4,45858.0,18111.0,450.0,0.358585197784465,0.0,0.1529722185878145,0.1529722185878145,0.1529722185878145,0.1275459025687993,0.238453486850713,0.2805181211566139,13.233817434937366,66957.21749749225,0.9812900693444984,Ohio,Logan County,5158.0,69183.0,68070.10874874613,-40141.59610811319,1532.8151361840683
51091,Highland,VA,8.1,10.6,15.4,6.0,14.1,9.4,20.2,11.0,8.9,16.4,9.3,33.8,21.8,11.3,33.4,2.8,33.7,9.7,3.8,2321.0,1081.0,0.0,0.0,0.0,1.0,1.0,1.0,1.0,0.0,1.0,12.2710622710623,54922.0,0.0,Virginia,Highland County,233.0,62946.0,58934.0,-78408.3642387508,24126.017926009335
32021,Mineral,NV,15.0,12.1,21.0,9.6,22.2,12.8,28.6,26.4,25.4,28.2,20.0,38.2,31.6,17.9,38.4,5.4,41.1,20.7,7.9,4772.0,2240.0,52.0,0.7198239731768651,0.0,0.2801760268231349,0.2801760268231349,0.0,0.0,0.7198239731768651,0.2801760268231349,20.646843194768326,54437.88181056161,1.0896898575020957,Nevada,Mineral County,795.0,50584.0,52510.9409052808,-76659.53048263917,23862.029040968315
19059,Dickinson,IA,6.1,9.9,13.1,5.4,13.9,8.5,22.5,9.9,8.1,14.7,8.5,31.5,21.5,9.7,37.6,2.7,34.7,10.6,3.4,16667.0,7554.0,211.0,0.3059938801223975,0.0,0.0,0.0,0.0,0.0,0.2044759104817903,0.2056158876822463,8.009111369478305,78456.11339773204,1.2659746805063898,Iowa,Dickinson County,1103.0,74570.0,76513.05669886601,-66122.94182005596,16253.03354582826
39145,Scioto,OH,9.8,11.6,18.3,9.8,21.4,12.9,22.6,19.2,18.0,23.7,14.2,37.6,34.5,15.6,44.7,4.5,44.4,22.0,5.7,79499.0,30870.0,3642.0,0.3195763468722877,0.0,0.076214795154656,0.2102542170341765,0.076214795154656,0.2891608699480497,0.4626473288972188,0.6662976892791105,23.690208463524257,54333.786462722805,4.581189700499378,Ohio,Scioto County,15618.0,49571.0,51952.393231361406,-7905.053992123925,-15194.150816045887
55081,Monroe,WI,9.6,11.3,15.3,6.8,17.1,10.4,21.6,14.9,16.3,19.2,11.8,32.2,30.5,13.4,44.0,3.7,32.1,10.3,4.8,44673.0,17376.0,859.0,0.3368477603921831,0.0,0.3368477603921831,0.3368477603921831,0.3368477603921831,0.3368477603921831,0.6659279654377365,0.3368477603921831,12.678373571559767,68412.02144472052,1.9228616837911043,Wisconsin,Monroe County,5384.0,68213.0,68312.51072236025,-41231.71759264321,3461.2292979272024
27105,Nobles,MN,17.3,9.6,16.2,6.2,17.1,11.7,25.6,21.2,14.8,22.1,16.2,32.5,32.7,13.6,39.2,4.3,32.1,12.9,6.2,21378.0,7946.0,385.0,0.6067452521283563,0.0,0.4392833754326878,0.6067452521283563,0.4392833754326878,0.2264477500233885,0.2264477500233885,0.7168116755543081,14.30605040388834,64824.21269529423,1.8009168303863785,Minnesota,Nobles County,2729.0,65509.0,65166.60634764712,-60981.68573025383,20944.28798008073
49055,Wayne,UT,9.6,11.3,16.9,6.3,11.1,9.9,19.7,14.1,8.8,18.0,11.1,31.6,20.5,12.3,34.2,3.6,34.5,14.4,4.8,2778.0,1059.0,9.0,0.0,0.0,1.0,1.0,0.0,0.0,0.0,1.0,8.48736325914749,58929.0,0.3239740820734341,Utah,Wayne County,231.0,70074.0,64501.5,-77942.25415431762,24038.866422758987
53071,Walla Walla,WA,11.2,11.1,15.6,5.2,11.9,9.2,23.8,15.7,12.8,18.6,12.8,34.0,19.0,11.0,35.4,3.4,30.4,11.2,4.6,58781.0,21719.0,4489.0,0.8281077218829214,0.0394174988516697,0.1460505945798812,0.4991749034551981,0.1460505945798812,0.157669995406679,0.157669995406679,0.4991749034551981,13.83389508255007,70229.91449618073,7.636821421888025,Washington,Walla Walla County,6738.0,72212.0,71220.95724809036,-27359.578636345417,7948.873073109022
22103,St. Tammany,LA,7.3,9.6,16.4,6.1,14.6,10.9,25.4,15.9,11.9,18.8,13.3,33.5,24.8,12.6,37.1,3.4,39.6,11.6,4.7,233740.0,87521.0,1275.0,0.6818045691794301,0.0,0.0762342774022418,0.0904979892187901,0.0762342774022418,0.0683109437836912,0.2178959527680328,0.1173697270471464,11.058649990404206,83412.78521434072,0.5454778814066912,Louisiana,St. Tammany Parish,32413.0,79277.0,81344.89260717036,110889.44568653015,-78354.77394641594
38033,Golden Valley,ND,8.0,10.6,14.5,6.5,16.5,9.8,21.7,12.8,8.9,17.8,10.7,29.7,25.7,11.8,37.8,3.6,34.0,12.7,4.6,1680.0,774.0,52.0,0.0,0.0,0.0,0.0,0.0,0.0,0.0,0.0,6.520547945205479,70897.0,3.0952380952380953,North Dakota,Golden Valley County,298.0,76528.0,73712.5,-78912.03592739103,24511.756357779
17037,DeKalb,IL,9.5,10.4,14.2,6.4,14.0,10.6,25.1,15.9,15.0,18.6,13.5,33.2,23.3,12.1,37.1,3.5,35.3,11.7,4.7,105160.0,38484.0,6673.0,0.7908995815899582,0.0572080639026245,0.2536420692278432,0.3253518448079117,0.2536420692278432,0.15798782807151,0.274277291745911,0.3253518448079117,19.157865552597265,73963.71661278052,6.345568657284138,Illinois,DeKalb County,15291.0,69022.0,71492.85830639026,8920.636780217566,-15495.42749764791
28071,Lafayette,MS,9.5,9.5,16.0,6.6,14.6,11.8,25.3,16.9,9.8,19.1,13.7,34.0,28.1,14.2,37.0,4.0,35.8,17.7,5.3,47351.0,18356.0,5038.0,0.4252708496124686,0.122510612236278,0.3677641443686511,0.3677641443686511,0.2859073726003674,0.3136364596312644,0.3136364596312644,0.6277164157039978,26.874366217335368,65216.010411606934,10.63969081962366,Mississippi,Lafayette County,9533.0,64334.0,64775.00520580346,-43836.882321136465,6298.9556853070535
54069,Ohio,WV,7.8,12.1,18.2,7.7,17.3,12.0,22.3,14.3,15.6,21.3,12.2,34.9,28.1,13.9,40.1,3.5,41.3,17.3,4.6,44443.0,18914.0,2618.0,0.7248385572531107,0.0,0.0504016380532367,0.1794883333708345,0.0504016380532367,0.1290866953175978,0.3252930720248408,0.1794883333708345,13.902369321099826,68608.55619557636,5.890691447472043,West Virginia,Ohio County,6216.0,57867.0,63237.77809778818,-42482.23656739797,2473.7900876595486
48165,Gaines,TX,25.8,10.1,19.1,6.9,16.7,12.3,23.8,15.7,12.8,26.5,12.8,34.0,32.5,15.8,36.5,4.5,38.7,17.7,6.8,17526.0,5606.0,87.0,0.3065160333219217,0.0,0.0,0.0,0.0,0.0,0.4931530297843204,0.0,14.248777101787487,65824.02390733767,0.4964053406367682,Texas,Gaines County,1603.0,76605.0,71214.51195366884,-61658.85837324224,22727.087826247174
37001,Alamance,NC,12.2,10.9,16.1,6.5,14.3,10.7,23.3,17.2,14.0,19.3,14.2,34.1,23.7,13.1,38.9,3.9,36.7,14.9,5.4,151131.0,59960.0,4229.0,0.663642799955006,0.0,0.3086659917554968,0.3995077118526312,0.3086659917554968,0.2453037431102818,0.2453037431102818,0.3995077118526312,16.839941636647414,61682.72732927063,2.7982346441166936,North Carolina,Alamance County,23943.0,64445.0,63063.86366463531,45562.853010417966,-22341.59065756119
55091,Pepin,WI,7.7,10.8,13.6,5.6,14.6,9.0,20.4,11.1,11.4,15.8,9.6,31.4,25.4,10.7,36.4,2.9,33.3,10.2,3.8,7469.0,3051.0,136.0,0.0,0.0,0.0,0.0,0.0,0.0,0.5423751506225734,0.0,12.53328110799518,69511.89677332976,1.820859552818316,Wisconsin,Pepin County,580.0,74536.0,72023.94838666488,-73894.32489763285,21331.3644415089
5039,Dallas,AR,11.8,10.9,19.3,7.2,17.1,12.7,32.3,22.9,14.8,25.1,19.1,37.3,35.0,16.3,42.1,4.5,45.8,23.3,6.2,8116.0,3280.0,405.0,0.5747905372104485,0.0,0.5747905372104485,0.5747905372104485,0.5747905372104485,0.5747905372104485,0.5747905372104485,0.5747905372104485,14.26177051213086,47475.34019221291,4.990142927550518,Arkansas,Dallas County,675.0,44694.0,46084.670096106456,-74758.91530746751,22484.369585176646
2100,Haines,AK,8.3,10.3,13.0,5.3,13.9,7.7,23.3,11.5,7.6,15.5,10.1,32.1,18.4,10.0,33.3,2.8,33.0,13.8,3.9,2508.0,1149.0,0.0,0.0,0.0,0.0,0.0,0.0,0.0,0.0,0.0,9.03590157321501,76719.0,0.0,Alaska,Haines Borough,126.0,72607.0,74663.0,-78522.81954236334,24317.727020556264
40079,Le Flore,OK,13.1,12.3,20.8,9.3,22.4,13.0,27.4,23.6,21.3,25.1,17.2,35.0,36.6,18.7,40.4,5.0,39.3,19.5,7.2,50384.0,18878.0,1616.0,0.2151873610670054,0.0,0.385161956176564,0.385161956176564,0.2151873610670054,0.0,0.2236622737376945,0.6259526833915529,21.900389131130577,50131.183193077166,3.2073674182280087,Oklahoma,Le Flore County,9405.0,50027.0,50079.09159653858,-37619.52796803339,9013.801470650955
18051,Gibson,IN,8.4,11.3,16.4,7.7,18.0,10.8,23.5,14.2,8.3,19.8,11.4,33.4,24.6,12.9,39.4,3.4,41.3,18.3,4.5,33503.0,13255.0,738.0,0.240665015073277,0.0,0.0,0.1400173118825179,0.0,0.0,0.0,0.1400173118825179,10.219496787845443,67135.93522968092,2.2027878100468614,Indiana,Gibson County,3300.0,67763.0,67449.46761484045,-51354.59226927211,7890.307489086263
28063,Jefferson,MS,15.6,11.3,21.3,9.6,22.1,19.8,36.4,40.4,30.2,33.2,30.3,40.2,43.3,23.5,51.7,8.2,43.9,29.7,11.0,7726.0,2929.0,393.0,0.0,0.0,0.7975666580377945,0.7975666580377945,0.0,0.7975666580377945,0.7975666580377945,1.0,49.455183855021986,21809.22158943826,5.086720165674346,Mississippi,Jefferson County,1909.0,36207.0,29008.11079471913,-76198.60964121268,23797.96610755612
37159,Rowan,NC,12.2,11.0,17.1,7.2,16.2,10.8,22.9,17.4,14.8,20.3,14.2,33.3,26.4,13.9,37.4,4.1,31.8,18.8,5.6,138428.0,53140.0,4286.0,0.4763992833819747,0.0,0.1952422920218453,0.2681899615684688,0.1952422920218453,0.1244184702516831,0.277060999219811,0.4971754269367469,16.503279691810903,59493.086449273265,3.0961944115352384,North Carolina,Rowan County,22881.0,63196.0,61344.54322463663,34777.51317097101,-26653.834693854125
47031,Coffee,TN,13.0,11.2,19.6,8.5,20.1,11.7,23.8,15.7,12.8,23.2,12.8,34.0,27.1,15.3,39.4,4.0,40.6,17.0,5.5,52796.0,20926.0,557.0,0.3714864762482006,0.0,0.1921547086900522,0.1921547086900522,0.1921547086900522,0.0775248124857943,0.0775248124857943,0.3492688840063641,14.078828614562054,59442.40838321085,1.0550041669823471,Tennessee,Coffee County,9391.0,60656.0,60049.20419160543,-32490.684155395567,349.78866793412817
48217,Hill,TX,17.4,10.3,16.9,6.8,15.6,11.5,23.8,15.7,12.8,22.4,12.8,34.0,29.0,14.4,37.0,4.0,42.2,17.7,5.7,35089.0,13238.0,829.0,0.2194704893271395,0.0,0.0,0.1204936019835276,0.0,0.0,0.1054746501752686,0.3846789592179885,15.755966361326047,59239.31462851606,2.3625637664225256,Texas,Hill County,5085.0,63147.0,61193.15731425803,-48127.56218788603,14320.45364477352
29015,Benton,MO,10.3,10.9,20.2,8.6,20.4,11.0,20.8,16.0,13.4,22.2,13.6,32.8,30.7,15.3,38.9,4.1,38.7,16.0,5.4,19056.0,8449.0,244.0,0.0,0.0,0.3243073047858942,0.3243073047858942,0.0,0.3346452560873216,0.3346452560873216,0.8314966414777498,19.220583924069665,47131.1838790932,1.2804366078925271,Missouri,Benton County,3264.0,52200.0,49665.591939546604,-62644.89440632071,15452.737509800796
37167,Stanly,NC,11.2,11.1,17.0,7.3,16.3,10.5,23.6,16.2,13.5,19.5,13.0,33.7,24.2,13.5,36.3,3.9,35.7,20.0,5.2,60585.0,23589.0,2051.0,0.2188660559544441,0.0,0.0530989518857803,0.1539655030122967,0.0530989518857803,0.1008665511265164,0.163654369893538,0.2889494099199471,14.316006313011416,60030.71799950483,3.385326400924322,North Carolina,Stanly County,8765.0,61631.0,60830.85899975241,-29463.459765698775,-1532.8142092431845
28073,Lamar,MS,9.7,9.4,16.0,6.4,14.8,11.2,25.8,16.3,9.0,19.2,13.4,33.7,28.7,14.0,38.5,3.7,38.7,14.3,5.1,55658.0,21542.0,338.0,0.5679686657803011,0.0,0.1654389306119515,0.1654389306119515,0.1654389306119515,0.2292752165007725,0.2292752165007725,0.2292752165007725,16.909736848404243,73789.78082216393,0.6072801753566424,Mississippi,Lamar County,10386.0,69106.0,71447.89041108196,-35271.137558795424,1053.7423941145098
54049,Marion,WV,8.0,12.3,18.5,8.1,18.9,12.6,21.9,15.3,16.6,22.0,12.9,34.5,28.7,14.4,43.0,3.6,41.1,19.8,4.7,56418.0,23786.0,1340.0,0.5451983409550144,0.0,0.0,0.1779396646460349,0.0,0.0531745187706051,0.2656598957779432,0.2011946541883796,17.69395634227649,59493.49049948598,2.3751285050870288,West Virginia,Marion County,7414.0,67537.0,63515.24524974299,-30523.518860170938,-3737.26088968194
45011,Barnwell,SC,16.6,11.1,19.8,9.6,20.1,15.9,28.9,32.0,23.7,27.7,23.3,36.4,34.5,19.3,44.3,6.4,45.7,20.9,8.5,22621.0,8937.0,285.0,0.0,0.0,0.0,0.0,0.0,0.5932540559656956,0.5932540559656956,0.5932540559656956,26.147365698834665,47629.28385128862,1.2598912514919764,South Carolina,Barnwell County,5750.0,41800.0,44714.64192564431,-64112.02948113355,17644.052174090568
12107,Putnam,FL,19.2,11.0,19.9,10.1,21.7,13.4,23.8,15.7,12.8,27.3,12.8,34.0,31.5,17.3,33.3,5.6,42.5,24.1,8.0,74364.0,29409.0,1407.0,0.2637028669786456,0.0,0.3120999408315851,0.3120999408315851,0.2637028669786456,0.5068312624388145,0.5068312624388145,0.7995804421494271,24.604324898928592,45488.515061051046,1.8920445376795223,Florida,Putnam County,17409.0,47256.0,46372.25753052552,-13860.481127589504,-1821.0582883408933
38073,Ransom,ND,8.1,10.1,13.8,5.9,15.4,9.4,22.4,11.8,7.4,16.9,9.8,29.5,23.0,10.9,38.2,3.2,32.4,12.5,4.1,5457.0,2310.0,185.0,0.0,0.0,0.0,0.0,0.0,0.0,0.0,0.0,5.881226161692103,73685.58163826278,3.39014110317024,North Dakota,Ransom County,593.0,74521.0,74103.29081913139,-75761.1076432299,22415.7047633335
12023,Columbia,FL,16.0,10.4,17.9,8.4,18.6,12.4,23.8,15.7,12.8,22.8,12.8,34.0,30.0,15.3,39.7,4.6,39.3,22.8,6.4,67531.0,24941.0,4606.0,0.2200618974989264,0.0,0.0828656468880958,0.0828656468880958,0.0,0.086301106158653,0.3230072115028654,0.3971065140454013,17.97450622790207,57840.48330396411,6.820571293183871,Florida,Columbia County,11237.0,55070.0,56455.241651982054,-24989.117293339383,-2784.1873977469186
46075,Jones,SD,8.8,10.6,15.0,6.3,17.1,10.1,23.8,15.7,12.8,17.0,12.8,34.0,24.3,11.6,35.5,3.4,28.9,13.6,4.6,1006.0,458.0,0.0,0.0,0.0,1.0,1.0,1.0,1.0,0.0,1.0,10.6122448979592,45921.0,0.0,South Dakota,Jones County,162.0,64688.0,55304.5,-79580.57374771392,24869.554445019705
47041,DeKalb,TN,15.2,11.2,21.4,9.9,22.3,13.0,23.8,15.7,12.8,26.2,12.8,34.0,30.7,17.1,39.9,4.7,39.3,24.6,6.5,18723.0,7420.0,298.0,0.361213480745607,0.0,0.361213480745607,0.361213480745607,0.361213480745607,0.361213480745607,0.361213480745607,0.5950435293489291,17.20242372942806,53928.37691609251,1.591625273727501,Tennessee,DeKalb County,4323.0,48484.0,51206.18845804625,-62808.8465160811,17106.42581449981
31137,Phelps,NE,9.8,9.4,13.2,6.0,15.2,9.4,20.8,12.7,9.3,16.0,9.9,30.2,25.5,11.3,39.1,3.1,33.0,14.5,4.3,9188.0,3779.0,249.0,0.6439921636917719,0.0,0.0,0.0,0.0,0.0,0.0,0.0,8.79619042848075,76943.58413147584,2.710056595559425,Nebraska,Phelps County,1186.0,65988.0,71465.79206573791,-72466.57810708364,20657.80149226438
26011,Arenac,MI,7.9,12.0,17.3,8.4,18.4,10.3,23.8,16.6,16.3,20.3,12.8,34.0,25.6,13.3,38.4,3.8,34.5,13.4,4.9,15899.0,6701.0,207.0,0.0,0.0,0.0,0.0,0.0,0.0,0.0,0.8138876658909365,18.10565395369918,51629.52883829171,1.3019686772753003,Michigan,Arenac County,1996.0,56989.0,54309.26441914585,-65937.32283116998,17085.35153984461
53037,Kittitas,WA,8.5,11.3,15.8,5.5,12.2,8.9,23.8,15.7,12.8,16.8,12.8,34.0,19.4,11.1,36.3,3.3,30.9,13.0,4.3,40915.0,16595.0,2417.0,0.5065135036050348,0.0,0.5828669192227789,0.5828669192227789,0.3239398753513381,0.0,0.1186606379078577,0.6467799095686179,20.167810485937448,71815.63106440181,5.907368935598191,Washington,Kittitas County,6130.0,69928.0,70871.81553220091,-44747.19177966129,8473.592528765137
39037,Darke,OH,8.8,11.2,16.2,7.9,18.4,11.3,22.0,14.5,12.4,19.8,11.8,36.1,28.1,12.4,36.6,3.6,35.0,17.6,4.6,52959.0,20929.0,606.0,0.3493079552106346,0.0,0.0736985214977624,0.1420721690364244,0.0736985214977624,0.1420721690364244,0.2645442700957344,0.1420721690364244,10.128576097370024,63454.8297739761,1.144281425253498,Ohio,Darke County,5721.0,64654.0,64054.414886988045,-32931.16217250972,-2927.0705199535005
46095,Mellette,SD,15.1,13.3,23.1,12.0,31.6,18.3,23.8,15.7,12.8,31.6,12.8,34.0,37.5,21.9,46.2,7.7,38.3,42.8,11.6,2048.0,693.0,49.0,0.0,0.0,1.0,1.0,0.0,0.0,0.0,1.0,48.3224837255884,36979.0,2.392578125,South Dakota,Mellette County,898.0,51364.0,44171.5,-79062.709389342,25077.201688374633
48287,Lee,TX,19.7,10.3,17.7,7.3,16.6,12.4,23.8,15.7,12.8,24.3,12.8,34.0,30.4,15.4,39.6,4.5,40.5,21.7,6.4,16612.0,6151.0,525.0,0.3643149530459909,0.0,0.3643149530459909,0.3643149530459909,0.3643149530459909,0.0,0.0,0.3643149530459909,14.332204729903305,62226.230014447385,3.16036600048158,Texas,Lee County,2121.0,66000.0,64113.11500722369,-65442.43922653977,20901.46342334625
28119,Quitman,MS,16.0,11.7,22.8,10.6,23.7,19.5,34.8,40.7,31.8,33.9,30.4,39.8,43.8,24.4,51.1,8.6,44.9,33.0,11.4,8223.0,3058.0,164.0,0.2202359236288459,0.0,1.0,1.0,0.2202359236288459,0.7229721512829868,0.7229721512829868,1.0,35.52587968899641,37488.08634318375,1.9944059345737568,Mississippi,Quitman County,1920.0,32131.0,34809.543171591875,-75168.98443179076,23252.66479959622
10005,Sussex,DE,10.5,10.7,13.8,6.3,14.6,9.8,21.1,14.5,11.8,17.7,11.9,32.0,25.2,11.6,34.2,3.3,35.3,14.7,4.5,197145.0,79368.0,2937.0,0.5114661797154378,0.0,0.1220928758020746,0.14396002941997,0.1220928758020746,0.0465951457049379,0.0706282178092267,0.3309797357275102,11.87416720086394,71446.7593446448,1.4897664155824393,Delaware,Sussex County,28116.0,78162.0,74804.3796723224,81317.90255179073,-50517.70747736274
31167,Stanton,NE,9.2,9.3,12.3,5.4,14.0,8.9,20.6,11.2,7.6,14.7,9.2,30.1,25.6,10.1,39.8,2.8,30.1,12.8,3.7,6129.0,2387.0,0.0,0.0,0.0,0.0,0.0,0.0,0.0,0.0,0.0,8.841149737708617,73927.64757709252,0.0,Nebraska,Stanton County,408.0,78275.0,76101.32378854626,-75130.03363386058,22379.4914141568
48141,El Paso,TX,29.1,8.6,16.7,4.8,12.5,15.3,23.8,15.7,12.8,27.0,12.8,34.0,33.6,15.8,34.4,5.1,37.9,15.7,8.5,800647.0,256557.0,15792.0,0.8943591870075077,0.0,0.2564663328533049,0.5953510098707671,0.2564663328533049,0.156879373806434,0.212724209295732,0.6810766792356682,22.23120310882936,52049.02948490409,1.972404817603763,Texas,El Paso County,160998.0,58859.0,55454.01474245204,922542.1060582162,164419.12514232507
40095,Marshall,OK,14.5,11.7,19.7,8.3,19.4,12.2,26.6,22.6,18.6,23.7,17.0,34.6,35.2,17.4,39.7,4.6,40.2,19.3,6.8,15840.0,6338.0,329.0,0.3076388888888889,0.0,0.3076388888888889,0.3076388888888889,0.3076388888888889,0.3076388888888889,0.3076388888888889,0.5293560606060606,16.052309785713486,52896.190151515155,2.077020202020202,Oklahoma,Marshall County,2548.0,56495.0,54695.59507575758,-66631.37250293243,21326.433862764603
34035,Somerset,NJ,9.1,7.9,9.6,3.4,8.1,8.5,23.6,10.8,5.3,12.1,9.5,32.8,19.8,7.7,25.8,2.2,38.3,8.4,3.3,323444.0,117759.0,3970.0,0.9266178998528338,0.0,0.0099058878816734,0.0827933119798172,0.0099058878816734,0.0242638602045485,0.1778576817006962,0.0987218807583383,4.6979296454675685,141628.96183265108,1.2274149466368212,New Jersey,Somerset County,18851.0,135960.0,138794.48091632553,150420.26413458143,-68120.80383850324
39035,Cuyahoga,OH,8.6,11.7,13.8,6.6,15.2,11.3,23.3,17.5,14.7,18.9,14.5,38.5,23.6,12.7,35.4,3.7,39.1,14.0,5.0,1280122.0,545056.0,29251.0,0.9940833764281842,0.0,0.0557165645149446,0.3290530121347809,0.0557165645149446,0.1983779671000108,0.2739457645443168,0.4622559412306015,18.37039002978962,71362.13644012055,2.2850165843568035,Ohio,Cuyahoga County,198469.0,62823.0,67092.56822006028,863865.6855288448,-434324.69999515126
8029,Delta,CO,12.9,11.6,17.2,6.7,15.1,8.8,23.8,15.7,12.8,19.0,12.8,34.0,20.8,11.9,26.9,3.6,34.6,10.7,5.1,30952.0,12703.0,713.0,0.1317523907986559,0.0,0.1317523907986559,0.1317523907986559,0.1317523907986559,0.1875484621349185,0.1875484621349185,0.8379103127423106,17.506177467956842,58854.02232489015,2.303566813130008,Colorado,Delta County,4310.0,58330.0,58592.01116244508,-51328.48652019378,13926.315093431152
47147,Robertson,TN,12.8,10.8,18.0,7.3,17.7,11.1,23.8,15.7,12.8,20.9,12.8,34.0,26.5,13.6,36.4,3.5,38.7,15.5,4.8,66283.0,24197.0,703.0,0.3313670171838933,0.0,0.0,0.1207247710574355,0.0,0.0854517749649231,0.1742075645338925,0.1583663986240815,11.870002317563566,68944.73774572666,1.060603774723534,Tennessee,Robertson County,7503.0,78439.0,73691.86887286333,-23940.38885239322,-4072.3833092629247
40053,Grant,OK,10.2,11.3,17.7,7.3,17.6,10.4,24.5,16.3,13.8,19.4,12.8,33.0,30.2,14.6,36.5,3.7,38.0,16.0,5.1,4527.0,1910.0,73.0,0.0,0.0,0.0,0.0,0.0,0.0,0.0,0.0,9.551823355547564,67698.98939695163,1.6125469405787498,Oklahoma,Grant County,543.0,61824.0,64761.49469847581,-76572.85907388096,23177.26933478874
17185,Wabash,IL,8.3,10.7,15.4,7.5,16.6,10.4,24.6,15.5,15.9,19.4,12.6,34.3,23.9,12.9,40.2,3.7,37.6,18.9,4.8,11947.0,5012.0,88.0,0.6718004519963171,0.0,0.2402276722189671,0.4206913869590692,0.2402276722189671,0.0,0.0,0.4206913869590692,11.971434927058567,64340.45467481376,0.736586590775927,Illinois,Wabash County,1541.0,53650.0,58995.227337406875,-69950.91016530547,19057.456583770723
20023,Cheyenne,KS,11.9,10.4,17.5,7.7,18.6,11.1,22.5,16.7,10.6,21.0,13.7,33.9,30.8,14.3,38.5,4.1,34.9,14.9,5.3,2726.0,1260.0,49.0,0.0,0.0,0.0,0.0,0.0,0.0,0.0,0.0,9.478492577084127,62550.0,1.797505502567865,Kansas,Cheyenne County,451.0,55765.0,59157.5,-77981.50293056472,24000.341815837033
40027,Cleveland,OK,9.6,11.0,15.7,6.2,14.1,10.7,23.7,15.6,11.7,18.0,12.4,32.6,26.9,13.4,37.6,3.4,35.9,10.1,4.8,255755.0,98306.0,10561.0,0.8266192254305879,0.0197180895779163,0.0655431956364489,0.2226271236143966,0.0655431956364489,0.0382749115364313,0.1437860452386072,0.2598346073390549,13.960803330266744,74926.41164786612,4.129342534847804,Oklahoma,Cleveland County,36484.0,74446.0,74686.20582393307,124122.36925739556,-68111.15539358463
5053,Grant,AR,9.7,10.0,17.9,6.9,15.7,9.8,26.5,14.3,8.2,20.4,11.9,35.4,28.0,13.5,36.6,3.4,39.3,18.3,4.6,17853.0,6933.0,143.0,0.4957710188763793,0.0,0.0,0.0,0.0,0.0,0.0,0.0,14.673232801498088,61517.09186131183,0.8009858287122612,Arkansas,Grant County,2205.0,72512.0,67014.5459306559,-64385.534000541964,16378.860856473924
38091,Steele,ND,7.7,10.1,13.4,5.9,14.8,9.0,21.2,11.4,7.4,16.3,9.5,30.1,22.4,10.6,34.9,3.2,33.4,12.6,4.1,1975.0,864.0,0.0,0.0,0.0,0.0,0.0,0.0,0.0,0.0,0.0,5.98111227701994,81042.0,0.0,North Dakota,Steele County,230.0,80313.0,80677.5,-78843.43278200782,24301.89209560094
37113,Macon,NC,11.4,10.8,16.9,7.2,15.7,10.0,21.2,15.1,12.3,19.0,12.0,32.0,24.3,13.1,35.6,3.8,32.6,12.4,5.1,33922.0,14591.0,439.0,0.1180944519780673,0.0,0.2386651730440422,0.2386651730440422,0.1180944519780673,0.1180944519780673,0.4034255055716054,0.3177878662814692,16.79703460678939,55750.12876599257,1.294145392370733,North Carolina,Macon County,5337.0,53298.0,54524.06438299629,-49340.12684809332,9579.036353011013
31075,Grant,NE,7.8,9.3,12.3,5.5,13.8,8.8,20.2,10.5,7.5,14.2,8.5,29.7,23.5,10.2,36.6,2.8,30.4,7.8,3.7,614.0,277.0,3.0,0.0,0.0,1.0,1.0,0.0,0.0,0.0,1.0,19.8838896952104,56429.0,0.4885993485342018,Nebraska,Grant County,74.0,69063.0,62746.0,-79861.23230916979,25078.752855354676
10003,New Castle,DE,8.9,10.4,13.4,5.3,11.8,10.7,22.9,14.6,11.9,16.8,12.9,32.8,24.8,11.8,33.4,3.2,36.5,13.1,4.4,538479.0,202651.0,17154.0,0.9194044707407344,0.0,0.1374129724650357,0.297777629211167,0.1374129724650357,0.1291229555841546,0.2390046779911565,0.3409993704489868,11.932457070312548,89095.30858399306,3.185639551403119,Delaware,New Castle County,56807.0,89901.0,89498.15429199653,305946.5646785826,-150647.32886179825
17113,McLean,IL,7.1,10.2,12.5,5.5,12.2,9.5,23.7,12.5,11.6,15.8,10.9,32.7,19.9,10.5,36.0,2.9,35.0,12.4,3.9,169572.0,65104.0,10676.0,0.7865390512584625,0.0414926992663883,0.2523942632038308,0.4145023942632038,0.2412544523860071,0.2882610336612176,0.2882610336612176,0.4516252683226004,17.717599902965627,87517.10954049017,6.2958507300733615,Illinois,McLean County,21011.0,78329.0,82923.05477024509,56185.124870490865,-48250.41112093089
47083,Houston,TN,12.8,11.2,20.0,8.6,20.5,11.7,23.8,15.7,12.8,23.1,12.8,34.0,28.3,15.3,39.2,3.9,39.7,20.5,5.3,8426.0,3349.0,177.0,0.0,0.0,0.0,0.0,0.0,0.0,0.0,0.3554474246380251,15.768257196814776,52387.77818656539,2.1006408734868267,Tennessee,Houston County,1106.0,54475.0,53431.38909328269,-72665.0694673259,21098.47346158684
16011,Bingham,ID,12.6,11.1,17.8,6.4,14.3,10.1,21.6,16.0,10.8,19.2,13.2,31.1,24.0,14.4,39.2,3.7,33.9,10.7,5.3,45607.0,14999.0,323.0,0.5020501238844914,0.0,0.1296730765014142,0.1296730765014142,0.0,0.0,0.1712675685749994,0.1917249545025982,12.608021429077407,61100.8215844059,0.7082246146424891,Idaho,Bingham County,5300.0,76842.0,68971.41079220295,-38660.381558869325,12604.07514619221
5001,Arkansas,AR,11.8,10.8,19.6,7.8,17.6,12.1,30.5,21.9,13.9,24.9,17.5,38.9,33.7,16.2,39.0,4.5,43.7,21.4,6.1,19019.0,8005.0,247.0,0.6714338293285662,0.0,0.2886587097113413,0.2886587097113413,0.2886587097113413,0.132393921867606,0.3506493506493506,0.2886587097113413,19.950969368036393,52535.16988274883,1.2987012987012987,Arkansas,Arkansas County,2425.0,60831.0,56683.084941374414,-65088.2859230202,17624.99371083167
13289,Twiggs,GA,15.8,11.2,18.3,7.8,19.0,13.7,28.7,24.0,20.6,24.8,19.6,39.9,31.1,16.0,39.5,5.1,40.7,20.5,6.8,9023.0,3634.0,89.0,0.0,0.0,0.0,0.0,0.0,1.0,1.0,1.0,25.943406527446673,50106.44541726699,0.98636817023163,Georgia,Twiggs County,1160.0,55439.0,52772.72270863349,-74013.75732493993,22070.60469056397
6075,San Francisco,CA,6.2,8.5,11.6,3.6,8.8,9.3,27.9,12.3,9.6,16.1,9.7,38.4,18.5,9.4,17.1,2.5,32.5,4.4,3.8,805235.0,345811.0,24264.0,0.9966655696784168,0.0002123603668494,0.0062540748973902,0.0703831800654467,0.0062540748973902,0.0264196166336535,0.0599365402646432,0.2965097145553782,11.118551304634078,130236.48172893628,3.013281836979267,California,San Francisco County,87135.0,141446.0,135841.24086446816,424446.23912234436,-50452.39630139027
18049,Fulton,IN,9.9,11.6,17.4,8.3,19.1,11.5,23.5,15.9,9.5,21.6,12.3,33.1,26.9,13.9,41.7,3.7,38.0,17.7,5.0,20836.0,8237.0,224.0,0.2855634478786715,0.0,0.0,0.0,0.0,0.0,0.2855634478786715,0.0,13.854879939494865,62584.04837780764,1.075062392013822,Indiana,Fulton County,2541.0,62878.0,62731.024188903815,-61856.64010744766,15144.619278485692
48103,Crane,TX,31.0,9.1,17.9,6.0,14.5,14.5,23.8,15.7,12.8,28.3,12.8,34.0,35.9,16.6,40.0,4.9,39.4,16.2,8.2,4375.0,1471.0,86.0,1.0,0.0,0.0,0.0,0.0,0.0,0.0,0.0,7.616812459995731,77440.0,1.9657142857142855,Texas,Crane County,368.0,59915.0,68677.5,-76003.45157862647,25578.78516452186
48385,Real,TX,20.3,10.4,18.2,7.6,17.0,12.6,23.8,15.7,12.8,25.2,12.8,34.0,31.5,16.0,38.4,4.7,39.7,21.0,6.8,3309.0,1374.0,70.0,0.0,0.0,1.0,1.0,1.0,1.0,0.0,1.0,22.812879708384003,50000.0,2.1154427319431854,Texas,Real County,521.0,45417.0,47708.5,-77037.12732078647,24409.066061213627
29137,Monroe,MO,10.3,10.9,20.3,8.6,20.2,11.0,21.0,16.3,13.7,22.4,13.8,32.1,31.1,15.4,38.0,4.1,40.3,23.0,5.4,8840.0,3638.0,128.0,0.0,0.0,0.3105203619909502,0.3105203619909502,0.0,0.0,0.0,0.6936651583710407,14.107355094328362,55526.807239819005,1.4479638009049771,Missouri,Monroe County,1360.0,48299.0,51912.9036199095,-72560.70403994994,20764.157585883415
47097,Lauderdale,TN,15.7,11.8,21.9,10.0,23.7,15.1,23.8,15.7,12.8,29.3,12.8,34.0,33.5,19.1,47.2,5.6,46.6,18.8,7.6,27815.0,9795.0,2734.0,0.2473126011145065,0.0,0.1492719755527593,0.2473126011145065,0.1492719755527593,0.4600035951824555,0.4600035951824555,0.7067769189286356,21.193816163667517,45089.46708610462,9.829228833363294,Tennessee,Lauderdale County,4252.0,49205.0,47147.23354305231,-59644.550303725424,14855.626922860745
29186,Ste. Genevieve,MO,8.9,10.5,18.4,7.3,17.5,9.8,20.6,12.9,10.0,19.4,11.8,32.0,28.2,13.5,37.1,3.4,38.6,14.4,4.5,18145.0,7040.0,277.0,0.274951777349132,0.0,0.274951777349132,0.274951777349132,0.274951777349132,0.0,0.0,0.274951777349132,14.873928076024352,69173.33259851199,1.5265913474786443,Missouri,Ste. Genevieve County,1431.0,61310.0,65241.666299255994,-64496.419048127726,15616.245631707074
51051,Dickenson,VA,11.7,11.6,20.9,9.8,21.3,12.6,22.9,18.9,18.6,24.9,13.9,36.4,31.2,16.9,39.0,4.8,39.2,17.2,6.3,15903.0,6590.0,335.0,0.0,0.0,0.0,0.0,0.0,1.0,1.0,1.0,24.172871767877098,41504.55159403886,2.1065207822423444,Virginia,Dickenson County,2716.0,43831.0,42667.77579701943,-65357.749844428756,16894.20099285848
19111,Lee,IA,7.8,10.3,15.2,6.8,18.0,10.0,24.5,13.8,12.6,18.6,11.0,31.8,26.1,12.4,37.5,3.5,36.5,16.1,4.4,35862.0,14610.0,1594.0,0.6588868440131616,0.0,0.3422564274162065,0.3422564274162065,0.3422564274162065,0.1233060063577045,0.1233060063577045,0.3422564274162065,15.20035415800443,60855.082231888904,4.444816240031231,Iowa,Lee County,4151.0,59803.0,60329.04111594445,-49017.9394636877,7509.7188301188
6013,Contra Costa,CA,8.1,9.4,12.7,4.0,9.3,9.6,26.0,13.8,11.5,17.6,12.4,36.3,22.7,10.5,27.8,2.9,35.8,8.4,4.3,1049025.0,375364.0,10314.0,0.97443721550964,0.0,0.0724167679511927,0.3101813588808655,0.0724167679511927,0.0742136746026071,0.1498477157360406,0.3926522246848264,9.113303721022488,116400.44573675556,0.9831986844927432,California,Contra Costa County,95048.0,125727.0,121063.72286837778,710974.1045574355,-80310.86034710128
29201,Scott,MO,10.2,11.1,19.9,8.3,19.6,11.1,20.5,18.0,15.2,22.3,15.7,33.2,34.7,15.5,38.2,4.2,41.4,21.0,5.5,39191.0,15538.0,559.0,0.6108800489908397,0.0,0.3758515985813069,0.5249674670204894,0.275445893189763,0.2285728866321349,0.2285728866321349,0.5946008012043581,20.784782529670515,52534.13765915644,1.4263478859942331,Missouri,Scott County,5378.0,58847.0,55690.56882957822,-46118.24084141797,6910.559401540017
20113,McPherson,KS,8.2,10.1,14.5,5.8,14.6,8.8,20.8,10.9,6.1,15.9,10.0,31.0,25.3,11.1,38.0,2.9,33.9,13.2,3.7,29180.0,11748.0,925.0,0.5928032899246058,0.0,0.0,0.0,0.0,0.0,0.4277244688142563,0.0,9.911624863752262,71913.38427004797,3.169979437971213,Kansas,McPherson County,2579.0,77701.0,74807.19213502399,-55224.18640454931,10640.793830256342
40017,Canadian,OK,9.5,10.7,14.9,5.7,13.2,9.9,22.8,13.7,10.0,16.5,11.3,32.4,26.6,12.7,38.6,3.0,35.7,11.7,4.3,115541.0,42434.0,2488.0,0.7629672583758147,0.0,0.07054638613133,0.1321695328930855,0.07054638613133,0.0292623397754909,0.0292623397754909,0.1321695328930855,8.500699824510127,81884.26325719875,2.1533481621242676,Oklahoma,Canadian County,13659.0,85427.0,83655.63162859937,14076.474068571886,-20337.40054190419
32001,Churchill,NV,11.7,11.3,17.1,6.9,16.4,9.8,26.2,16.2,13.8,20.9,13.8,36.1,25.2,13.2,37.9,3.6,36.2,15.8,5.1,24877.0,9671.0,366.0,0.4709169112031193,0.0,0.1561281505004622,0.3678900188929533,0.1561281505004622,0.211761868392491,0.211761868392491,0.4523857378301242,12.639719374661976,63968.33352092294,1.4712384933874665,Nevada,Churchill County,2276.0,73268.0,68618.16676046146,-59232.950848704015,16870.379407608496
5011,Bradley,AR,16.1,10.9,21.3,8.8,19.3,14.3,30.7,27.8,19.6,29.6,21.7,36.3,38.6,19.1,42.6,5.6,43.8,26.6,8.0,11508.0,4673.0,220.0,0.0,0.0,0.2575599582898853,0.2575599582898853,0.0,0.0,0.0,0.7828467153284672,23.375453773418663,53817.00364963504,1.9117135905457072,Arkansas,Bradley County,2057.0,39565.0,46691.00182481752,-71223.42880131678,22541.887589659156
17097,Lake,IL,9.7,9.1,11.6,4.7,10.5,9.8,24.2,13.0,10.2,15.4,11.6,31.5,19.4,9.8,32.9,2.7,33.8,9.8,4.0,703462.0,241712.0,20709.0,0.916704811347308,0.0173939743724607,0.0563896841620442,0.1681355922565824,0.0563896841620442,0.0474041241744401,0.1222141352340282,0.2052491819032158,8.743539277912344,111722.32797365032,2.943869036280567,Illinois,Lake County,55934.0,108917.0,110319.66398682517,493590.5391423193,-152591.0282910421
37197,Yadkin,NC,12.8,11.0,17.6,7.6,16.7,10.4,22.2,16.4,13.5,20.1,13.1,33.3,25.3,13.7,36.3,4.0,33.8,15.1,5.4,38406.0,15486.0,304.0,0.1856480758214862,0.0,0.0,0.0,0.0,0.1178982450658751,0.3989741186272978,0.2731864812789668,15.180048886086343,54756.29706295891,0.7915429880747799,North Carolina,Yadkin County,5050.0,60321.0,57538.648531479455,-45075.72637132572,10151.575640607789
1007,Bibb,AL,13.0,10.4,19.6,8.9,19.9,13.9,28.0,24.3,18.7,26.3,17.2,37.2,31.9,17.4,43.7,5.1,41.4,21.7,6.7,22915.0,7953.0,2224.0,0.0,0.0,0.0,0.0,0.0,0.3825878245690595,0.5018110408029675,0.3825878245690595,13.855111154228592,57929.82295439668,9.705433122408904,Alabama,Bibb County,4258.0,51215.0,54572.411477198344,-62522.80460844898,15298.078912754052
2068,Denali,AK,9.5,9.8,13.5,5.4,15.2,7.7,25.1,11.9,7.7,15.9,10.5,32.3,20.4,10.1,29.9,2.8,32.3,12.9,3.9,1826.0,806.0,36.0,0.0,0.0,0.0,0.0,0.0,0.0,0.0,0.0,16.9499310978411,102500.0,1.9715224534501643,Alaska,Denali Borough,131.0,88935.0,95717.5,-78835.9633691675,24581.36472348772
36091,Saratoga,NY,4.9,10.4,11.4,4.7,10.7,7.6,21.6,9.6,8.1,12.6,9.7,32.3,18.5,8.8,32.8,2.5,30.7,11.6,3.2,219607.0,88296.0,3950.0,0.5603464370443565,0.0087155691758459,0.0227633909665903,0.060166570282368,0.0227633909665903,0.0,0.1315805051751538,0.1060667465062589,6.106207707527269,98956.60712545592,1.798667619884612,New York,Saratoga County,15723.0,99653.0,99304.80356272796,98370.9846745639,-87581.03875282114
13159,Jasper,GA,13.9,10.4,16.8,7.3,17.3,12.1,24.2,18.4,15.3,21.5,15.0,37.5,29.0,14.1,36.6,4.2,37.4,16.3,5.7,13900.0,5044.0,94.0,0.0,0.0,0.0,0.0,0.0,0.613453237410072,0.613453237410072,1.0,17.887599481368962,48775.45330935252,0.6762589928057554,Georgia,Jasper County,2125.0,59574.0,54174.726654676255,-68871.38289128247,19816.5413839995
1011,Bullock,AL,18.2,11.5,23.2,11.2,24.9,21.3,34.4,44.0,40.4,37.8,31.2,40.2,42.7,25.1,51.0,9.0,50.5,35.1,11.9,10914.0,3745.0,1690.0,0.6507238409382444,0.0,0.7821147150448965,0.7821147150448965,0.6507238409382444,0.6507238409382444,0.6507238409382444,0.7821147150448965,33.79592381334088,37805.50375664285,15.484698552318124,Alabama,Bullock County,2344.0,36723.0,37264.251878321425,-74281.99187099983,23466.951149839682
27101,Murray,MN,8.9,10.2,14.6,5.3,15.5,9.1,22.5,12.6,9.0,16.8,10.5,32.4,24.4,10.9,36.7,3.1,32.7,6.8,4.0,8725.0,3717.0,163.0,0.0,0.0,0.0,0.0,0.0,0.0,0.0,0.0,7.390831442912337,76928.28802292264,1.8681948424068768,Minnesota,Murray County,647.0,74475.0,75701.64401146132,-72931.65948275334,20813.874236367144
20059,Franklin,KS,9.2,10.5,15.7,6.5,16.5,9.6,21.8,12.5,7.6,17.8,11.1,32.4,26.2,12.4,40.3,3.3,32.9,12.5,4.2,25992.0,10104.0,478.0,0.5053477993228686,0.0,0.1794398276392736,0.1794398276392736,0.1794398276392736,0.1794398276392736,0.3900046168051708,0.1794398276392736,10.410958510368443,67415.72076023392,1.8390273930440135,Kansas,Franklin County,2444.0,72142.0,69778.86038011697,-57484.47514836638,12740.364488142839
6083,Santa Barbara,CA,12.1,9.7,15.8,5.2,11.6,10.3,26.0,18.6,16.6,22.4,15.9,35.9,24.2,13.6,27.6,3.9,32.2,11.7,5.8,423895.0,142104.0,17782.0,0.8826619799714552,0.0293020677290366,0.0402175066938746,0.1908515080385472,0.0402175066938746,0.0447304167305582,0.1065334575779379,0.3562202904021043,14.548430275898257,84731.88180327676,4.194906757569681,California,Santa Barbara County,58387.0,95977.0,90354.4409016384,319738.6552524788,23971.486451387933
23009,Hancock,ME,8.1,12.3,16.2,6.2,13.9,8.1,22.3,10.6,13.7,15.6,10.6,32.7,18.7,10.2,29.4,2.9,31.1,8.0,3.8,54418.0,24221.0,1176.0,0.0,0.0,0.091403579697894,0.091403579697894,0.0,0.0904847660700503,0.3427909882759381,0.1818883457679444,11.29504321168978,69625.48381050388,2.161049652688449,Maine,Hancock County,5591.0,69630.0,69627.74190525194,-33151.80005419967,-3470.08276280867
6111,Ventura,CA,10.7,9.5,14.5,4.5,10.5,9.9,24.6,16.0,13.4,21.0,14.6,34.1,22.8,12.0,25.7,3.4,34.1,11.6,5.0,823318.0,266920.0,10600.0,0.9214799142008312,6.801746105393056e-05,0.0514321319344408,0.171045695587853,0.0514321319344408,0.0334512302658268,0.0818577997808866,0.2980112180226838,9.611735944547432,98442.25211279238,1.2874733699494,California,Ventura County,74630.0,107327.0,102884.6260563962,657348.8438346952,5931.053980985289
46135,Yankton,SD,9.3,9.9,13.6,5.4,14.5,9.4,23.8,15.7,12.8,15.3,12.8,34.0,23.0,10.4,38.8,2.9,30.1,12.1,3.9,22438.0,8770.0,2296.0,0.4284249933149122,0.0,0.4284249933149122,0.4284249933149122,0.4284249933149122,0.1353953115250913,0.1353953115250913,0.4284249933149122,12.991118205948297,66966.04768695962,10.232641055352529,South Dakota,Yankton County,2037.0,73855.0,70410.52384347981,-61192.98954881416,14293.544180029947
26095,Luce,MI,8.4,11.3,16.6,8.2,18.6,11.6,26.6,19.2,18.8,21.4,15.2,33.9,26.0,13.8,41.3,4.1,37.0,15.4,5.5,6631.0,2412.0,1211.0,0.6762177650429799,0.0,0.6762177650429799,0.6762177650429799,0.6762177650429799,0.0,0.0,0.6762177650429799,16.807976738547968,54118.9111747851,18.262705474287436,Michigan,Luce County,912.0,54338.0,54228.45558739255,-75267.80030472788,22419.805541734644
48271,Kinney,TX,25.9,8.8,16.0,5.8,13.2,13.2,23.8,15.7,12.8,24.4,12.8,34.0,30.5,14.6,38.4,4.3,40.3,15.0,6.7,3598.0,1350.0,332.0,1.0,0.0,1.0,1.0,1.0,0.0,0.0,1.0,18.620890311318,54083.0,9.22734852695942,Texas,Kinney County,320.0,66341.0,60212.0,-76326.12533328157,25150.614725619038
30093,Silver Bow,MT,10.4,11.2,16.0,6.6,14.8,8.7,21.7,13.8,10.0,19.2,10.7,31.0,21.3,12.2,32.8,3.5,32.8,10.5,4.6,34200.0,14932.0,998.0,0.8376023391812866,0.0,0.0,0.4192397660818713,0.0,0.1357894736842105,0.2358479532163742,0.4888304093567251,19.401335093994724,58681.37947368421,2.91812865497076,Montana,Silver Bow County,5584.0,57504.0,58092.689736842105,-49556.96422276216,8707.245219606466
31139,Pierce,NE,8.3,9.3,12.3,5.5,14.3,8.6,20.7,10.8,7.5,14.6,8.8,30.5,25.1,10.1,39.2,2.8,29.7,10.3,3.6,7266.0,2911.0,116.0,0.0,0.0,0.0,0.0,0.0,0.0,0.0,0.0,7.447720701654724,71371.83181943298,1.5964767409854117,Nebraska,Pierce County,573.0,75938.0,73654.91590971648,-74090.36339086357,21433.800231428133
51640,Galax,VA,13.8,11.7,20.3,9.2,19.5,13.9,22.2,21.8,20.9,25.5,16.5,35.7,31.8,17.7,39.4,5.2,38.1,27.4,7.1,7042.0,2922.0,377.0,1.0,0.0,0.0,1.0,0.0,0.0,0.0,1.0,25.762588723062105,43325.62723658052,5.353592729338256,Virginia,Galax city,1503.0,41438.0,42381.81361829026,-73811.97411918693,22859.489466157032
47093,Knox,TN,10.2,10.6,16.8,6.8,15.7,11.1,23.8,15.7,12.8,19.0,12.8,34.0,23.1,13.1,34.1,3.3,35.0,8.2,4.5,432226.0,177249.0,12348.0,0.8711761902338129,0.0138099050034009,0.149220546658461,0.2451194513981111,0.149220546658461,0.1768357294563492,0.221594721280071,0.2776255940179443,15.838213992894229,73957.76860253664,2.8568387834142324,Tennessee,Knox County,58146.0,71662.0,72809.88430126832,281363.1580104322,-169857.6106571861
48335,Mitchell,TX,23.9,9.3,17.5,7.0,16.7,13.5,23.8,15.7,12.8,26.2,12.8,34.0,32.2,15.9,39.1,4.8,41.3,18.6,7.1,9403.0,2809.0,2406.0,0.7798574922896948,0.0,0.0,0.0,0.0,0.0,0.0,0.0,9.088937594764063,76584.8169733064,25.587578432415185,Texas,Mitchell County,999.0,56033.0,66308.9084866532,-72611.2948927279,24600.997462800246
39129,Pickaway,OH,8.8,11.0,15.4,7.6,18.0,11.1,22.3,14.1,11.6,19.2,11.7,35.9,28.5,12.2,39.6,3.4,41.8,16.5,4.4,55698.0,19624.0,4455.0,0.2932780351179576,0.0645983697798843,0.086538116269884,0.1667923444288843,0.086538116269884,0.0327659880067506,0.0327659880067506,0.2156630399655283,11.17993262857896,74192.53104240727,7.998491866853388,Ohio,Pickaway County,6668.0,72927.0,73559.76552120363,-33334.88298195231,-3845.855890119572
47143,Rhea,TN,14.4,11.2,21.2,9.6,22.0,12.8,23.8,15.7,12.8,25.5,12.8,34.0,29.8,16.3,42.4,4.5,41.4,16.3,6.1,31809.0,12276.0,924.0,0.4078405482725015,0.0,0.4078405482725015,0.4078405482725015,0.4078405482725015,0.4078405482725015,0.5522650822094376,0.559652928416486,22.295622912249502,49738.55440284196,2.904838253324531,Tennessee,Rhea County,4998.0,58133.0,53935.77720142098,-50583.14807489634,10345.554918199925
39101,Marion,OH,9.8,11.0,16.9,8.5,19.9,12.5,23.5,16.8,14.7,21.5,13.5,36.9,32.5,14.1,44.1,4.0,44.3,20.0,5.1,66501.0,24691.0,5457.0,0.6134343844453467,0.0715778710094585,0.3237846047427858,0.504804439030992,0.2432294251214267,0.308762274251515,0.4350761642682065,0.504804439030992,15.08470020507058,58585.34417527556,8.205891640727208,Ohio,Marion County,9145.0,57306.0,57945.67208763778,-22571.899834082964,-7249.691787475407
36103,Suffolk,NY,7.7,10.2,11.7,4.5,9.7,8.3,24.4,13.2,9.9,14.8,12.5,30.6,23.1,10.1,29.7,2.7,39.3,9.8,3.8,1493350.0,499922.0,29406.0,0.9730605685204406,0.0061713596946462,0.0242890146315331,0.0717239762949074,0.0242890146315331,0.0234024173837345,0.2190631800984364,0.079225901496635,7.062393874685154,114894.81567817324,1.969129808819098,New York,Suffolk County,95543.0,128329.0,121611.90783908662,1125778.554329684,-466416.82266336965
28045,Hancock,MS,10.4,9.4,16.9,6.9,16.0,10.8,25.5,15.8,8.4,19.6,12.8,34.0,29.0,13.9,37.0,3.7,36.4,12.3,5.1,43929.0,17380.0,547.0,0.6377563796125566,0.0,0.4772701404539142,0.4772701404539142,0.3146668487787111,0.3146668487787111,0.5929568166814633,0.4772701404539142,17.305538876572722,58906.9491679756,1.2451911038266292,Mississippi,Hancock County,6083.0,67728.0,63317.4745839878,-41792.44514382858,4857.901851072194
31011,Boone,NE,9.8,9.1,13.2,6.0,15.5,9.4,21.1,12.7,9.4,15.5,10.0,29.4,26.8,10.9,33.4,3.1,30.2,11.7,4.2,5505.0,2336.0,95.0,0.0,0.0,0.0,0.0,0.0,0.0,0.0,0.0,6.035892771220823,68910.51262488647,1.7257039055404175,Nebraska,Boone County,484.0,71367.0,70138.75631244323,-75608.83485074113,22376.2029794721
17051,Fayette,IL,10.1,10.5,16.0,7.9,17.8,11.0,26.9,17.9,18.0,21.2,14.4,35.2,25.6,13.6,40.1,4.0,38.3,17.3,5.2,22140.0,8311.0,1784.0,0.3264227642276422,0.0,0.7687895212285456,0.7687895212285456,0.3264227642276422,0.0943541102077687,0.0943541102077687,1.0,17.818290157883077,53855.08075880759,8.057813911472447,Illinois,Fayette County,3324.0,57113.0,55484.0403794038,-60712.10175860929,14058.556455116273
47065,Hamilton,TN,10.9,11.1,16.7,6.7,15.7,11.0,23.8,15.7,12.8,19.4,12.8,34.0,21.5,12.6,34.5,3.4,38.0,8.7,4.7,336463.0,136682.0,9778.0,0.90201002784853,0.0,0.1911265131678668,0.2900824161943512,0.1911265131678668,0.1581154540023717,0.3221691538148325,0.2940888002544113,14.1758262125117,72446.4914433385,2.9061144910435917,Tennessee,Hamilton County,45380.0,72568.0,72507.24572166926,181544.48401970867,-109873.48208143716
30027,Fergus,MT,9.8,11.3,15.6,6.5,15.1,8.4,22.1,12.9,9.5,17.6,10.5,31.6,21.7,11.5,31.2,3.4,30.2,15.1,4.4,11586.0,5099.0,465.0,0.5674952528914207,0.0,0.5674952528914207,0.5674952528914207,0.5674952528914207,0.5674952528914207,0.5674952528914207,0.5674952528914207,13.89966323894419,59574.3749352667,4.013464526152252,Montana,Fergus County,1677.0,59731.0,59652.687467633354,-70161.4072029504,19307.885712095376
4025,Yavapai,AZ,11.8,11.0,14.7,6.2,12.9,8.0,25.8,13.8,10.1,17.6,11.8,31.0,19.9,11.7,27.6,3.3,34.2,11.9,4.6,211033.0,90903.0,3525.0,0.5248563020949331,0.0,0.2439997535930399,0.2655793169788611,0.1845493358858567,0.1188960968189809,0.1825970345870077,0.3050423393497699,13.951633106234556,60650.32664559571,1.6703548734084244,Arizona,Yavapai County,29898.0,66106.0,63378.16332279786,113448.92921498025,-54485.59998943191
26113,Missaukee,MI,7.9,11.8,17.0,8.1,17.8,10.2,23.5,15.8,15.5,20.0,12.2,33.3,26.2,12.9,39.2,3.7,35.0,14.1,4.8,14849.0,5843.0,194.0,0.0,0.0,0.2614317462455384,0.2614317462455384,0.0,0.0,0.0,0.6741194693245336,15.502343504389051,53157.57081284935,1.306485285204391,Michigan,Missaukee County,1618.0,61868.0,57512.78540642468,-66536.00969274937,17750.976321099322
6091,Sierra,CA,8.6,10.8,17.6,6.9,15.6,10.1,25.6,17.4,18.8,22.7,14.4,35.7,24.0,14.2,32.4,4.1,35.0,14.1,5.5,3240.0,1482.0,33.0,0.0,0.0,0.0,0.0,0.0,0.0,0.0,0.0,8.30175680330692,76875.0,1.0185185185185186,California,Sierra County,325.0,60000.0,68437.5,-77668.40898332572,23922.843748388543
1133,Winston,AL,12.6,10.4,20.1,9.4,20.2,12.7,24.7,21.5,16.4,25.5,14.6,37.1,31.8,17.1,39.0,4.8,37.3,14.5,6.4,24484.0,10163.0,301.0,0.0,0.0,0.0881391929423296,0.0881391929423296,0.0,0.5898545989217449,0.5898545989217449,0.6779937918640745,16.178746858761034,47868.712220225454,1.229374285247509,Alabama,Winston County,4506.0,48032.0,47950.35611011273,-57476.81531254428,13268.754308054531
51065,Fluvanna,VA,7.7,11.1,14.6,5.5,12.6,9.9,20.7,11.8,9.7,16.2,10.6,33.4,21.4,11.5,38.8,2.9,37.7,6.7,3.9,25691.0,9449.0,1272.0,0.3635903623837141,0.0,0.0,0.0,0.0,0.0,0.0,0.0,4.954134889354799,89221.66136000934,4.951150208244131,Virginia,Fluvanna County,2027.0,91959.0,90590.33068000468,-61599.43328320579,13512.32333385532
40119,Payne,OK,9.7,11.5,17.1,7.6,17.0,11.7,23.6,18.1,15.9,19.6,13.6,31.1,29.5,15.1,38.0,4.1,38.3,12.2,5.7,77350.0,30177.0,7764.0,0.6427020038784744,0.0823787976729153,0.2529282482223658,0.325442792501616,0.2529282482223658,0.1083128636069812,0.2151777634130575,0.4659340659340659,29.63000347657447,58677.3149062702,10.03749191984486,Oklahoma,Payne County,17305.0,48937.0,53807.1574531351,-14899.309330571225,-4900.744839991978
13299,Ware,GA,16.8,10.9,19.2,8.8,20.0,14.7,26.4,25.5,23.8,26.8,20.1,39.2,35.6,17.4,41.5,5.6,39.0,27.6,7.5,36312.0,13654.0,2409.0,0.4567360652126019,0.0,0.5468990967173386,0.5914022912535801,0.1140118968935889,0.3847488433575677,0.5274014100022031,0.7017790262172284,23.968578017959032,49121.75958360873,6.63417052214144,Georgia,Ware County,7690.0,44833.0,46977.37979180437,-52218.28096608257,11502.7422505728
5027,Columbia,AR,11.6,11.1,20.1,8.2,18.0,13.5,29.5,25.0,17.3,26.2,19.7,36.7,34.6,17.2,39.9,5.1,42.1,23.6,6.9,24552.0,9759.0,1315.0,0.4237536656891496,0.0,0.6309872922776149,0.6309872922776149,0.4237536656891496,0.3547572499185402,0.3547572499185402,0.8265314434669273,25.17061605974525,50979.27785923754,5.355979146301727,Arkansas,Columbia County,4642.0,47363.0,49171.13892961877,-62233.010784002836,16346.16596375306
45005,Allendale,SC,18.2,11.0,19.3,8.8,19.8,17.9,33.9,36.2,26.9,29.7,27.0,38.9,36.6,20.2,46.9,6.9,46.1,18.1,9.3,10419.0,3706.0,1342.0,0.0,0.0,0.0,0.0,0.0,0.8974949611287072,0.8974949611287072,1.0,27.108258147577363,42646.596026490064,12.880314809482677,South Carolina,Allendale County,1824.0,31603.0,37124.79801324503,-74580.27976984005,22984.668841185758
27117,Pipestone,MN,9.6,10.4,15.3,6.0,17.2,10.0,22.3,14.6,11.0,17.9,11.6,30.9,26.0,12.0,38.9,3.5,31.0,12.3,4.6,9596.0,4054.0,205.0,0.452688620258441,0.0,0.0,0.1911213005418924,0.0,0.0,0.0,0.452688620258441,11.20532177847973,66027.85379324718,2.136306794497707,Minnesota,Pipestone County,1043.0,66073.0,66050.4268966236,-71931.93340672694,20723.978768109388
48275,Knox,TX,20.3,10.2,17.6,7.0,16.0,12.5,23.8,15.7,12.8,24.2,12.8,34.0,30.6,15.2,38.0,4.4,39.8,17.9,6.5,3719.0,1506.0,104.0,0.0,0.0,0.0,0.0,0.0,0.0,0.0,0.0,14.548017499230117,59954.938693197095,2.796450658779242,Texas,Knox County,364.0,56304.0,58129.46934659855,-76931.22786221757,24759.102096752355
39103,Medina,OH,6.7,10.6,12.6,5.7,13.2,9.4,20.3,9.6,7.3,14.7,8.9,34.5,22.6,9.5,35.9,2.6,35.6,10.1,3.3,172332.0,65143.0,1198.0,0.6447264582317852,0.0,0.0166190840934939,0.0166190840934939,0.0166190840934939,0.0166190840934939,0.1153006986514402,0.0166190840934939,6.481327794604735,91984.59750945849,0.6951697885476871,Ohio,Medina County,11133.0,92660.0,92322.29875472924,62229.256082412525,-66388.69163489885
48169,Garza,TX,31.0,9.3,19.0,7.2,16.9,14.5,23.8,15.7,12.8,29.5,12.8,34.0,35.9,17.3,39.9,5.3,40.9,19.1,8.3,6461.0,1671.0,2109.0,1.0,0.0,0.0,0.0,0.0,0.0,0.0,0.0,17.6938821924039,63184.0,32.6420058814425,Texas,Garza County,569.0,50545.0,56864.5,-74170.8538578186,24679.1602813381
47091,Johnson,TN,15.1,11.3,21.9,10.5,23.6,13.4,23.8,15.7,12.8,27.2,12.8,34.0,31.3,17.8,39.7,4.9,39.5,25.1,6.6,18244.0,7195.0,1827.0,0.0,0.0,0.2280749835562376,0.2280749835562376,0.0,0.5820543740407805,0.5820543740407805,0.8659285244463933,22.801844183502308,42306.54094496821,10.014251260688445,Tennessee,Johnson County,3583.0,52152.0,47229.2704724841,-63521.620031492785,16011.701784581965
40125,Pottawatomie,OK,10.7,12.4,18.9,8.0,18.5,11.5,25.6,19.4,16.6,21.8,14.8,34.8,31.5,16.6,41.4,4.2,38.4,21.8,6.0,69442.0,25911.0,3053.0,0.3913193744419803,0.0,0.2252527288960571,0.2767633420696408,0.1967253247314305,0.1095878574925837,0.2234526655338267,0.2767633420696408,16.558793061691752,58187.83710146597,4.396474755911408,Oklahoma,Pottawatomie County,10879.0,60828.0,59507.91855073298,-24042.46156031071,-135.82541209955525
13193,Macon,GA,20.6,11.1,20.5,9.8,23.2,18.5,31.8,36.2,34.5,32.4,27.7,41.8,40.2,21.1,43.9,7.7,47.8,37.2,10.1,14740.0,4999.0,1960.0,0.0,0.0,0.0,0.0,0.0,0.5234735413839892,0.5234735413839892,1.0,27.474276032566756,41036.0197421981,13.297150610583447,Georgia,Macon County,2537.0,37177.0,39106.50987109905,-71617.47863253707,21508.564386732636
33017,Strafford,NH,7.0,10.7,12.7,5.5,11.3,7.8,23.1,10.5,7.5,13.9,9.4,34.4,19.1,9.4,33.3,2.6,32.0,10.0,3.5,123143.0,47100.0,8421.0,0.6550270823351713,0.075546316071559,0.2993755227662149,0.4223707397091186,0.2993755227662149,0.2177955710028178,0.3248580918119584,0.5221977700721925,11.78484172042508,93271.27014933855,6.8383911387573795,New Hampshire,Strafford County,10821.0,86564.0,89917.63507466928,20525.179969662,-37037.82012124178
51001,Accomack,VA,13.0,11.7,18.5,7.8,17.1,13.4,24.2,21.3,19.8,24.2,17.3,36.5,31.0,16.0,40.3,4.7,38.1,24.3,6.4,33164.0,13798.0,428.0,0.0,0.0,0.1327041370160415,0.1327041370160415,0.0,0.929441563140755,0.929441563140755,0.9998492341092752,19.824376470096873,54707.39585092269,1.2905560246049934,Virginia,Accomack County,4883.0,57500.0,56103.69792546134,-54002.68735387508,14480.413947296933
46102,Oglala Lakota,SD,18.9,14.9,27.1,15.0,40.3,23.8,23.8,15.7,12.8,41.1,12.8,34.0,41.7,28.8,47.7,10.8,40.5,43.8,17.5,13586.0,3144.0,147.0,0.0,0.0,0.0,0.0,0.0,0.0,0.6747387016045929,0.0,10.8853118712274,69727.0,1.7396907216494848,South Dakota,Oglala Lakota County,7039.0,34769.0,52248.0,-72467.59551367082,20919.823844716866
48059,Callahan,TX,13.3,10.3,15.8,6.5,14.8,10.2,23.8,15.7,12.8,19.4,12.8,34.0,24.8,12.7,36.0,3.5,36.9,14.7,4.7,13544.0,5447.0,75.0,0.3502658003544004,0.0,0.0,0.0,0.0,0.0,0.0,0.0,14.083841772169636,61737.30537507383,0.5537507383343178,Texas,Callahan County,1394.0,68455.0,65096.15268753691,-67835.34069804076,19241.09532881033
37005,Alleghany,NC,13.7,11.0,18.4,8.4,17.9,11.2,22.3,18.5,16.0,22.1,14.0,33.2,26.8,14.9,36.6,4.5,35.1,19.2,6.1,11155.0,4778.0,111.0,0.0,0.0,0.0,0.0,0.0,0.3469296279695203,0.3469296279695203,1.0,24.331589296996512,44018.47225459435,0.9950694755714926,North Carolina,Alleghany County,1907.0,44272.0,44145.236127297176,-69725.74634442209,20678.83154973571
20057,Ford,KS,22.2,9.2,17.4,6.5,15.8,12.9,25.2,23.4,12.4,24.5,19.4,31.7,34.2,15.7,39.6,4.6,38.3,10.8,6.9,33848.0,11145.0,708.0,0.734607657764122,0.0,0.3451902623493264,0.4876506735996218,0.3451902623493264,0.1424604112502954,0.1424604112502954,0.6386492554951548,14.492907559270035,58690.16695225715,2.0917040888678797,Kansas,Ford County,4769.0,70495.0,64592.58347612857,-44600.77823409851,25958.47714576387
33001,Belknap,NH,7.2,10.4,13.5,5.7,12.4,7.7,21.2,10.2,7.5,14.3,9.1,32.1,18.9,9.7,30.1,2.7,35.5,8.1,3.6,60088.0,24766.0,858.0,0.265460657702037,0.0,0.084476101717481,0.148632006390627,0.084476101717481,0.0,0.2709193183331114,0.2079949407535614,8.62551125026162,81128.90959925443,1.4279057382505658,New Hampshire,Belknap County,5546.0,87983.0,84555.95479962722,-30185.45734356428,-6734.867879609508
22063,Livingston,LA,8.5,9.9,18.7,7.2,17.0,11.7,26.7,18.7,14.4,21.2,14.0,34.6,26.9,14.1,38.6,3.8,38.4,14.9,5.2,128026.0,46007.0,1192.0,0.4827847468482964,0.0,0.0397106837673597,0.0397106837673597,0.0397106837673597,0.1386437129957977,0.5986127817787013,0.1386437129957977,12.289679034329149,73790.50235108494,0.9310608782591036,Louisiana,Livingston Parish,18935.0,78617.0,76203.75117554248,31479.79073923052,-37434.11630972066
22071,Orleans,LA,8.4,10.6,17.6,6.6,15.2,14.4,31.4,24.9,21.4,22.0,19.8,40.0,26.1,15.2,34.2,5.0,39.4,24.4,6.8,343829.0,142158.0,13165.0,0.9949742459187562,0.0136695857533832,0.1834342071203999,0.4314906537842939,0.1834342071203999,0.270759592704513,0.2774809571036765,0.6137062318768923,24.336081612811498,67757.56128482473,3.828938222197662,Louisiana,Orleans Parish,82338.0,55339.0,61548.28064241236,134839.55485564808,-52131.3947185726
19183,Washington,IA,8.2,9.9,14.4,6.2,15.6,9.6,23.8,12.2,10.4,17.1,10.0,33.8,24.6,11.3,38.8,3.1,31.7,10.5,4.1,21704.0,8741.0,310.0,0.3410892001474382,0.0,0.183560633984519,0.3410892001474382,0.183560633984519,0.0,0.0,0.3410892001474382,9.241838323163314,75396.98180058975,1.4283081459638776,Iowa,Washington County,1876.0,71339.0,73367.99090029488,-61086.488252130395,14668.44801142973
28105,Oktibbeha,MS,10.4,9.8,16.8,7.4,15.6,13.9,26.1,21.0,14.2,21.9,17.0,33.9,30.8,16.6,39.6,5.0,38.9,19.2,6.8,47671.0,18820.0,4367.0,0.5889324746701349,0.0,0.5047722934278702,0.5889324746701349,0.5047722934278702,0.3802521449099033,0.544293176144826,0.8359589687650772,30.53340607547863,68084.54760756015,9.160705670113906,Mississippi,Oktibbeha County,13109.0,43482.0,55783.273803780074,-45912.79518050897,8286.681068746559
46017,Buffalo,SD,14.6,13.8,22.6,10.5,32.1,18.7,23.8,15.7,12.8,32.3,12.8,34.0,37.6,21.6,49.0,6.9,38.9,26.9,11.4,1912.0,532.0,3.0,0.0,0.0,0.0,0.0,0.0,0.0,0.0,1.0,39.15395966551889,34904.0,0.1569037656903765,South Dakota,Buffalo County,568.0,47000.0,40952.0,-79380.35879640012,25364.626804962445
12086,Miami-Dade,FL,26.2,8.6,14.5,4.7,11.4,13.3,23.8,15.7,12.8,21.8,12.8,34.0,31.2,13.4,29.3,4.3,38.9,13.7,7.6,2496435.0,867352.0,40057.0,0.989829496862526,0.0052851366047984,0.0365204782019159,0.290251899208271,0.0365204782019159,0.1071495953229305,0.1570070921133536,0.498463609106586,18.054669336280252,62907.451170569235,1.6045681141307504,Florida,Miami-Dade County,394945.0,68694.0,65800.72558528461,2651247.0739791356,126350.76200216185
41071,Yamhill,OR,9.7,11.8,15.4,5.9,12.2,9.7,23.8,15.7,12.8,18.6,12.8,34.0,20.1,11.6,37.3,3.2,34.2,16.6,4.4,99193.0,34726.0,5461.0,0.6049015555533153,0.0,0.1114493966308106,0.2799592713195488,0.1114493966308106,0.0351335275674694,0.1116913491879467,0.4300101821701128,13.85470957096154,70552.5898097648,5.505428810500741,Oregon,Yamhill County,10684.0,87084.0,78818.29490488241,7502.209522636724,-8133.696448151462
1055,Etowah,AL,11.3,10.3,18.8,8.2,18.1,13.4,25.1,20.8,15.7,24.9,15.4,36.9,31.7,16.6,43.6,4.5,46.2,17.3,5.9,104430.0,42036.0,2085.0,0.6761562769319162,0.0,0.2457435602796131,0.3364741932394905,0.2457435602796131,0.0785406492387245,0.1768744613616776,0.3976730824475725,17.323395132895,56931.458163363015,1.9965527147371445,Alabama,Etowah County,17401.0,53070.0,55000.72908168151,6538.272081704534,-20058.956085467053
13171,Lamar,GA,12.9,10.7,16.2,6.8,16.2,12.1,25.2,18.4,15.2,20.8,15.7,38.0,28.0,13.8,37.1,4.2,39.9,12.1,5.5,18317.0,6618.0,1455.0,0.4215755855216465,0.0,0.4215755855216465,0.4215755855216465,0.4215755855216465,0.6505432112245455,0.6505432112245455,0.6505432112245455,20.628852182642543,57001.42135720915,7.9434405197357645,Georgia,Lamar County,1895.0,68457.0,62729.21067860458,-66932.24117140136,18128.694414370053
13277,Tift,GA,16.5,10.7,17.7,7.8,18.0,14.3,26.2,24.1,21.2,24.8,19.5,37.6,32.4,15.8,39.7,5.2,38.4,14.2,7.0,40118.0,14836.0,1568.0,0.4564783887531781,0.0,0.4564783887531781,0.4564783887531781,0.4564783887531781,0.6010768233710554,0.6010768233710554,0.7491649633580936,24.2338146273782,53832.310857968994,3.9084700134602928,Georgia,Tift County,8266.0,53165.0,53498.65542898449,-48527.033677740066,13972.244122890846
18053,Grant,IN,9.7,11.8,17.8,8.7,19.1,13.0,24.3,18.1,11.9,23.4,13.8,34.9,28.3,14.6,42.2,4.2,40.6,23.4,5.5,70061.0,27245.0,5022.0,0.6004624541471004,0.0,0.3275145944248583,0.4845206320206677,0.3275145944248583,0.3240747348738956,0.3240747348738956,0.544325659068526,19.785899132383012,52599.421104466106,7.168039280055951,Indiana,Grant County,11499.0,54007.0,53303.21055223305,-19535.272175034923,-7002.999362121944
1111,Randolph,AL,10.9,10.4,18.3,7.9,17.6,12.7,25.6,20.7,15.5,23.5,15.1,36.5,28.2,15.6,38.0,4.4,40.1,15.8,5.8,22913.0,9164.0,407.0,0.2216209138916772,0.0,0.2499454458167852,0.2499454458167852,0.0,0.1577706978571116,0.343953214332475,0.4503120499279884,17.833554323127842,51483.98782350631,1.7762842054728756,Alabama,Randolph County,3983.0,51551.0,51517.493911753154,-61528.129533387066,15575.672904132864
17083,Jersey,IL,7.4,10.5,14.1,6.4,14.6,9.2,24.2,12.4,11.8,16.8,10.8,34.4,21.7,11.2,39.2,3.0,36.9,13.7,3.9,22985.0,8828.0,848.0,0.2768327169893408,0.0,0.0,0.0,0.0,0.224059169023276,0.224059169023276,0.3185555797259082,9.352160841109583,77119.05016314988,3.689362627800739,Illinois,Jersey County,2028.0,79104.0,78111.52508157495,-61080.67901782773,12890.287324886893
8113,San Miguel,CO,7.6,10.5,12.2,4.5,9.4,7.1,23.8,15.7,12.8,12.6,12.8,34.0,14.2,8.4,25.3,2.4,27.8,8.1,3.3,7359.0,3454.0,9.0,0.0,0.0,0.0,0.0,0.0,0.0,0.0,0.0,8.805789468216485,84436.793314309,0.1222992254382389,Colorado,San Miguel County,674.0,80117.0,82276.8966571545,-74128.85868789513,22191.171523544825
48461,Upton,TX,27.8,9.8,19.1,7.2,17.0,14.8,23.8,15.7,12.8,29.2,12.8,34.0,36.3,17.7,41.2,5.4,40.4,16.6,8.5,3355.0,1256.0,61.0,0.0,0.0,0.0,0.0,0.0,0.0,0.0,0.664381520119225,19.00035778605318,68914.62086438152,1.818181818181818,Texas,Upton County,539.0,52321.0,60617.81043219076,-77013.81660755942,25397.184375298584
27161,Waseca,MN,9.3,10.4,14.8,5.5,15.7,9.5,22.3,13.4,9.8,16.9,11.2,31.2,25.3,11.1,39.2,3.2,29.8,12.0,4.2,19136.0,7281.0,1344.0,0.5209552675585284,0.0,0.6602738294314381,0.6602738294314381,0.5209552675585284,0.0,0.0,0.6602738294314381,9.240552706097814,69548.04494147157,7.023411371237458,Minnesota,Waseca County,1309.0,75052.0,72300.02247073578,-63975.760570716906,16111.37146062817
49007,Carbon,UT,12.1,11.7,18.4,6.6,12.3,10.8,21.7,17.1,10.1,19.4,13.0,32.8,21.1,13.4,35.1,4.0,35.6,19.9,5.5,21403.0,7978.0,544.0,0.4069055739849553,0.0,0.2063262159510349,0.414754940896136,0.2063262159510349,0.2063262159510349,0.0,0.414754940896136,15.819642431039073,61725.15231509601,2.541699761715648,Utah,Carbon County,3377.0,53673.0,57699.07615754801,-60613.362876883926,16660.274454727314
17055,Franklin,IL,9.2,11.0,16.5,8.3,18.1,10.9,25.4,17.4,18.5,21.2,13.7,34.7,25.8,14.3,41.4,4.1,39.6,16.5,5.3,39561.0,16617.0,517.0,0.5566087813755972,0.0,0.2884911908192412,0.4955385354263036,0.193700867015495,0.2603827001339703,0.340941836657314,0.755769571042188,19.68953519812339,53244.819923662195,1.3068425975076463,Illinois,Franklin County,6227.0,53471.0,53357.9099618311,-43501.24328460446,4543.305765495355
40085,Love,OK,14.2,11.5,19.1,7.9,18.8,12.2,25.7,21.0,17.1,22.9,16.0,34.1,33.7,16.4,38.8,4.4,37.1,21.2,6.4,9423.0,3713.0,88.0,0.0,0.0,0.0,0.0,0.0,0.0,0.0,0.3040432983126392,13.854145962721171,61752.068237291736,0.9338851745728536,Oklahoma,Love County,1491.0,62940.0,62346.03411864587,-72271.24691697366,22478.733360733433
27169,Winona,MN,7.7,10.3,14.1,5.4,14.9,9.1,20.9,11.9,9.0,15.9,9.8,31.1,22.7,10.9,36.3,3.1,30.1,8.2,4.0,51461.0,19554.0,4499.0,0.5411670974135754,0.0,0.141738403839801,0.4112823303083889,0.141738403839801,0.1693515477740425,0.2992363148792289,0.4112823303083889,15.471482486030114,74684.66829249334,8.742542896562446,Minnesota,Winona County,6239.0,70198.0,72441.33414624666,-36929.87453349578,-512.6498471746891
22109,Terrebonne,LA,9.7,10.4,19.7,7.9,18.8,13.2,29.1,22.5,17.8,24.4,16.5,36.5,32.2,16.0,41.0,4.5,42.7,16.6,6.2,111860.0,40091.0,1479.0,0.6450563204005006,0.0,0.133559806901484,0.2314410870731271,0.133559806901484,0.3857232254603969,0.5331217593420347,0.4425084927588056,21.90859196177721,60510.856973001966,1.3221884498480243,Louisiana,Terrebonne Parish,17391.0,64819.0,62664.92848650098,7940.34378737837,-16398.21936647107
12031,Duval,FL,13.7,10.3,15.0,6.5,14.0,11.8,23.8,15.7,12.8,19.9,12.8,34.0,26.7,13.1,34.3,3.8,42.9,14.9,5.5,864263.0,342450.0,19985.0,0.9460071760563624,0.0070395238486432,0.200971232136514,0.3896348680899217,0.200971232136514,0.2511284180856984,0.4478636711278858,0.4057619034946538,15.815273737916238,67933.05394538469,2.312374821090339,Florida,Duval County,143754.0,68447.0,68190.02697269234,558531.1993683924,-244143.0350641752
1095,Marshall,AL,13.1,9.8,18.0,7.7,16.8,12.4,24.6,19.2,13.2,23.5,13.9,37.4,29.7,15.3,37.6,4.1,40.3,22.9,5.7,93019.0,35810.0,1047.0,0.4439738118018899,0.0,0.3609800148356787,0.3609800148356787,0.3609800148356787,0.1794257087261742,0.22268568787022,0.614820628043733,21.524106839807224,54230.03270299616,1.125576495124652,Alabama,Marshall County,15841.0,60946.0,57588.01635149808,7623.375893856937,-8306.074896340015
4017,Navajo,AZ,13.6,13.8,20.3,9.0,19.5,12.3,31.8,26.2,21.1,24.7,19.3,34.1,25.2,16.0,37.9,5.3,37.8,24.5,8.5,107449.0,35658.0,2227.0,0.3063220690746308,0.0,0.5457472847583504,0.5804986551759439,0.3678117060186693,0.3885936583867695,0.4824800603076808,0.6877495369896416,28.254643809376976,47205.56970283576,2.0726111922865735,Arizona,Navajo County,25979.0,52752.0,49978.78485141788,-3091.2200918069575,8445.999032479169
24011,Caroline,MD,11.2,11.8,17.2,8.0,17.4,11.8,25.3,20.0,17.8,21.1,16.4,36.0,27.3,13.9,41.3,4.2,41.3,15.1,5.6,33066.0,12158.0,442.0,0.2408516300731869,0.0,0.2408516300731869,0.2408516300731869,0.2408516300731869,0.410784491622815,0.410784491622815,0.8118611262323837,14.799860717808508,66174.56236012823,1.3367204983971452,Maryland,Caroline County,4064.0,66368.0,66271.2811800641,-52957.48518160789,11789.06128249633
26063,Huron,MI,7.7,11.7,16.6,7.9,17.5,10.1,24.2,15.9,15.2,19.2,12.2,34.2,26.0,12.9,38.8,3.6,35.4,9.7,4.7,33118.0,14348.0,524.0,0.1174889788030678,0.0,0.2384805845763633,0.2384805845763633,0.1174889788030678,0.2384805845763633,0.2384805845763633,0.3096201461440908,12.81685457864163,58146.686816836766,1.5822211486200857,Michigan,Huron County,3757.0,56963.0,57554.84340841838,-50840.25238625243,7846.124302787473
48021,Bastrop,TX,22.3,9.5,16.2,6.1,14.0,12.0,23.8,15.7,12.8,23.2,12.8,34.0,30.8,14.3,40.1,4.1,34.5,13.6,6.2,74171.0,25840.0,2337.0,0.2713729085491634,0.0,0.2501381941729247,0.2501381941729247,0.1637297596095509,0.251634735948012,0.3592778848876245,0.4460098960510172,10.07741888675367,74794.22498011352,3.150827142683798,Texas,Bastrop County,12335.0,82730.0,78762.11249005675,-11810.839415611932,15410.600257323156
37129,New Hanover,NC,8.7,10.6,14.3,5.7,12.2,9.2,20.5,11.8,9.6,15.9,10.2,32.6,20.3,11.1,31.8,3.1,32.1,9.4,4.2,202667.0,86046.0,6698.0,0.960575722737298,0.0,0.1478977830628568,0.2867067652849255,0.1478977830628568,0.1734224121341905,0.3554402048680841,0.3330339917204084,17.81229695727763,74582.56083131442,3.3049287747881992,North Carolina,New Hanover County,27891.0,72892.0,73737.28041565721,86002.3256746039,-57309.60267661771
36087,Rockland,NY,8.5,10.6,12.4,5.4,11.8,9.9,24.4,16.8,14.4,17.1,15.3,35.2,26.3,11.3,30.9,3.5,43.7,10.3,4.9,311687.0,99242.0,7183.0,1.0,0.0,0.0597554598042266,0.1639657733559628,0.0597554598042266,0.103392185108779,0.2107691369867848,0.309720970075749,13.530282802197387,105463.83437551132,2.3045555316711956,New York,Rockland County,51969.0,110631.0,108047.41718775568,177601.47842941177,-63941.0653856242
25005,Bristol,MA,6.3,12.7,16.4,6.5,16.0,9.1,25.5,15.7,18.5,19.0,14.3,34.9,23.9,12.1,32.0,3.4,35.3,14.5,4.5,548285.0,213010.0,15868.0,0.8352809214186053,0.0100422225667308,0.0696371412677713,0.3141596067738493,0.0696371412677713,0.2000492444622778,0.3998869201236583,0.4173814713151007,11.450471325909536,86696.43379811595,2.8941152867577995,Massachusetts,Bristol County,65846.0,84198.0,85447.21689905797,378781.6496840457,-215775.37121670152
39087,Lawrence,OH,9.1,11.8,17.4,8.8,19.8,12.2,22.6,16.9,15.1,22.1,13.3,39.4,30.6,14.2,41.2,4.0,43.3,22.8,5.1,62450.0,24974.0,669.0,0.3625620496397118,0.0,0.0228823058446757,0.1790232185748599,0.0,0.0717854283426741,0.2614731785428342,0.3695596477181745,18.492678055774352,58804.60871096877,1.0712570056044837,Ohio,Lawrence County,9902.0,54842.0,56823.30435548439,-23447.796534056055,-7266.283754259221
13273,Terrell,GA,18.4,12.0,20.4,9.4,21.9,17.3,30.8,33.7,32.5,30.5,26.7,41.6,37.9,20.1,44.1,7.1,45.5,25.7,9.3,9315.0,3519.0,270.0,0.3482555018786903,0.0,0.3482555018786903,0.3482555018786903,0.3482555018786903,0.3482555018786903,0.3482555018786903,0.8489533011272141,32.8570520762061,39612.276865271066,2.898550724637681,Georgia,Terrell County,2838.0,43812.0,41712.13843263553,-74517.41475212532,22715.347190467466
29127,Marion,MO,9.2,10.7,19.0,7.7,17.8,10.6,20.3,14.5,11.8,20.6,12.8,32.2,30.0,14.3,39.8,3.7,40.9,17.9,4.9,28781.0,11377.0,1368.0,0.6244049894027309,0.0,0.4018970848823877,0.5013029429137278,0.4018970848823877,0.1122615614467878,0.1122615614467878,0.6135645043605156,18.790111068603125,56988.198568500055,4.753135749279038,Missouri,Marion County,3735.0,63908.0,60448.09928425003,-54705.60914250313,11100.290373133046
48459,Upshur,TX,14.8,10.8,17.7,7.5,16.8,11.4,23.8,15.7,12.8,22.3,12.8,34.0,28.2,14.7,37.3,4.2,39.4,12.8,5.6,39309.0,14925.0,516.0,0.1105853621308097,0.0,0.2997277977053601,0.2997277977053601,0.0,0.208374672466865,0.3189600345976748,0.2997277977053601,13.276756830074811,62894.77445368745,1.312676486300847,Texas,Upshur County,5460.0,62794.0,62844.387226843726,-46548.507791513184,8670.228566637223
17013,Calhoun,IL,7.1,10.3,13.3,5.7,13.4,8.5,24.4,10.9,9.6,15.3,10.0,33.8,19.6,10.2,35.1,2.7,34.7,7.7,3.5,5089.0,2085.0,90.0,0.0,0.0,0.0,0.0,0.0,0.0,0.0,0.0,13.2415279593153,70979.1788170564,1.7685203379838867,Illinois,Calhoun County,251.0,92095.0,81537.0894085282,-76022.94077797217,22577.770480136413
30019,Daniels,MT,9.6,11.1,15.1,5.9,14.2,8.2,21.8,11.8,8.2,16.8,9.9,31.2,20.3,10.7,34.0,3.1,32.9,12.1,4.1,1751.0,798.0,41.0,0.0,0.0,0.0,0.0,0.0,0.0,0.0,0.0,4.16666666666667,70500.0,2.3415191319246147,Montana,Daniels County,177.0,58000.0,64250.0,-78997.3182535201,24460.850530105374
47141,Putnam,TN,12.5,10.9,18.6,8.4,18.8,11.7,23.8,15.7,12.8,22.0,12.8,34.0,25.5,15.0,38.8,4.0,37.5,19.0,5.4,72321.0,28930.0,2715.0,0.7943335960509396,0.0,0.274691998174804,0.3239722902061642,0.274691998174804,0.2536469351917147,0.4746892327263174,0.4118444158681434,20.319996590475352,52997.28874047648,3.7540963205707887,Tennessee,Putnam County,13172.0,56537.0,54767.14437023824,-13656.384530515861,-7227.6619342574995
1121,Talladega,AL,11.4,10.7,18.4,7.9,18.0,14.2,27.0,23.6,18.3,24.9,17.7,36.9,31.1,16.2,45.4,4.8,44.7,18.4,6.4,82291.0,31890.0,3143.0,0.3719483297079875,0.0,0.2053444483600879,0.2322732741126004,0.2053444483600879,0.4210545503153443,0.4210545503153443,0.5489300166482362,19.845395195437344,51801.18757822848,3.8193727139055302,Alabama,Talladega County,13665.0,56249.0,54025.09378911424,-17642.573633081236,-6794.679642729421
51155,Pulaski,VA,9.0,11.0,17.0,7.1,16.2,10.8,21.4,13.8,12.1,18.7,11.3,34.4,25.8,13.5,35.5,3.5,37.6,14.9,4.7,34872.0,14821.0,960.0,0.2179972470750172,0.0,0.2179972470750172,0.2179972470750172,0.2179972470750172,0.6982392750630879,0.7756939665060794,0.6982392750630879,13.38892141346895,62902.79809015829,2.752924982794219,Virginia,Pulaski County,4743.0,60767.0,61834.899045079146,-50922.75978288229,7487.569101647598
17149,Pike,IL,9.0,10.7,15.9,7.8,17.4,10.4,25.0,16.4,17.0,20.1,13.1,34.8,25.1,13.3,40.7,3.8,36.9,16.6,4.9,16430.0,6639.0,627.0,0.2898356664637858,0.0,0.8427875836883749,0.8427875836883749,0.2898356664637858,0.0,0.0,1.0,13.971864799267674,53738.72507608034,3.816189896530736,Illinois,Pike County,2163.0,58029.0,55883.86253804017,-65569.4681646992,16633.57725682897
2230,Skagway,AK,10.0,10.1,13.5,5.5,14.6,7.8,24.2,11.9,7.8,16.2,10.5,32.4,19.9,10.2,35.0,2.9,36.0,14.3,3.9,968.0,436.0,32.0,0.0,0.0,0.0,0.0,0.0,0.0,0.0,0.0,5.31309297912713,84688.0,3.3057851239669422,Alaska,Skagway Municipality,81.0,78594.0,81641.0,-79704.98257059586,24929.149978384925
17139,Moultrie,IL,8.8,10.8,15.5,7.2,16.4,9.5,25.8,14.8,13.9,18.9,12.1,35.2,23.2,12.3,38.4,3.4,36.2,13.9,4.4,14846.0,5758.0,395.0,0.2860703219722484,0.0,0.0,0.0,0.0,0.0,0.3295163680452647,0.1699447662670079,9.127809659447712,69469.08574700257,2.6606493331537115,Illinois,Moultrie County,1393.0,71676.0,70572.54287350128,-67325.24812875323,17265.469589212207
38031,Foster,ND,7.0,10.2,12.9,5.5,13.9,8.7,20.7,10.3,6.5,15.5,9.0,30.0,22.1,10.1,35.9,3.0,32.9,9.1,3.8,3343.0,1495.0,61.0,0.0,0.0,0.0,0.0,0.0,0.0,0.0,0.0,7.20973782771536,77891.0,1.824708345797188,North Dakota,Foster County,299.0,83412.0,80651.5,-77590.8787728914,23543.77735498949
8069,Larimer,CO,8.7,11.2,13.9,4.8,10.2,6.9,23.8,15.7,12.8,13.4,12.8,34.0,13.9,9.0,24.4,2.6,27.2,7.6,3.6,299630.0,120295.0,8530.0,0.7986249707973166,0.0202683309414945,0.0841137402796782,0.2842939625538164,0.0841137402796782,0.0474919066849113,0.2040583386176284,0.2929012448686713,12.802127455990025,85815.20751593632,2.8468444414778227,Colorado,Larimer County,39240.0,91364.0,88589.60375796816,181333.64389768723,-96987.8238152379
36019,Clinton,NY,6.7,11.7,14.4,6.7,15.2,9.1,23.5,14.7,13.8,17.4,12.9,33.9,25.9,11.3,33.8,3.5,36.3,14.1,4.5,82128.0,31582.0,7153.0,0.2880016559516852,0.0317553087862848,0.0788890512370933,0.2168931424118449,0.0,0.286954510033119,0.5202367036820573,0.3057544321059809,14.880609216404531,69707.0991135788,8.709575297097214,New York,Clinton County,10097.0,69208.0,69457.5495567894,-11326.82887587446,-15603.466423870366
12077,Liberty,FL,18.1,10.1,18.3,9.1,19.3,13.0,23.8,15.7,12.8,25.6,12.8,34.0,31.0,16.4,44.2,4.9,40.7,20.7,6.9,8365.0,2525.0,1882.0,0.0,0.0,0.0,0.0,0.0,0.7481171548117155,0.7481171548117155,0.7481171548117155,13.820006044133876,45990.18912133891,22.498505678421996,Florida,Liberty County,1290.0,53824.0,49907.09456066946,-73580.26261269709,22074.124015717924
20019,Chautauqua,KS,11.5,10.9,18.4,8.3,20.1,11.3,22.8,18.0,11.8,22.0,14.6,31.8,30.6,15.3,40.9,4.3,37.0,13.9,5.7,3669.0,1612.0,79.0,0.0,0.0,1.0,1.0,0.0,0.0,0.0,1.0,17.0341286620356,54094.0,2.153175252112292,Kansas,Chautauqua County,560.0,54592.0,54343.0,-77152.42777965857,23663.25787385502
39021,Champaign,OH,8.0,11.1,14.9,7.0,16.8,10.2,21.7,12.6,10.0,17.4,10.7,35.9,25.9,11.6,43.0,3.1,42.2,13.8,4.0,40097.0,15329.0,793.0,0.3080030925006858,0.0,0.0,0.1030002244556949,0.0,0.1030002244556949,0.3080030925006858,0.1030002244556949,11.201311090371734,66358.81170661146,1.9777040676359827,Ohio,Champaign County,3131.0,74239.0,70298.90585330574,-45917.1450266643,4517.916289046443
39139,Richland,OH,9.5,11.1,16.0,8.1,18.6,12.1,23.2,16.4,14.8,20.5,13.6,34.1,28.8,13.3,39.2,3.9,41.4,14.0,5.0,124475.0,48921.0,7263.0,0.7321309499899579,0.0432697328780879,0.2671781482225346,0.3414822253464551,0.2671781482225346,0.2103956617794738,0.5300903795942961,0.3414822253464551,14.206055580709512,60175.70598112071,5.83490660775256,Ohio,Richland County,16434.0,57649.0,58912.35299056035,24632.0012940858,-35262.99991886396
47063,Hamblen,TN,15.6,11.1,20.6,9.1,21.1,12.9,23.8,15.7,12.8,25.4,12.8,34.0,30.0,16.8,40.3,4.5,40.7,17.7,6.3,62544.0,24560.0,918.0,0.8214217191097467,0.0,0.4143962650294193,0.5190585827577385,0.4143962650294193,0.1832789716039908,0.1832789716039908,0.5190585827577385,19.39911951161352,51741.218901893066,1.467766692248657,Tennessee,Hamblen County,10970.0,52794.0,52267.60945094653,-22795.752018879874,1731.1516404904723
18123,Perry,IN,8.9,11.0,16.2,7.8,18.6,11.1,24.5,14.1,8.3,20.1,11.3,33.8,24.5,12.8,37.5,3.4,35.8,14.8,4.5,19338.0,7476.0,1532.0,0.4235701727169303,0.0,0.0,0.0,0.0,0.0,0.0,0.1215223911469645,13.717095688732313,65096.133622918605,7.922225669665942,Indiana,Perry County,2285.0,61099.0,63097.5668114593,-63887.95975741686,15103.905219303484
45055,Kershaw,SC,12.5,9.9,15.6,6.6,14.6,12.1,26.1,19.3,11.3,19.4,15.0,33.7,26.1,13.4,36.3,3.9,39.7,15.0,5.3,61697.0,23928.0,526.0,0.4600709921065854,0.0,0.3502925587954033,0.3502925587954033,0.2275961554046388,0.1008801076227369,0.192894306044054,0.5655218243998897,16.509115810462937,58266.40060294666,0.8525536087654181,South Carolina,Kershaw County,9358.0,64343.0,61304.700301473335,-31533.79171933124,831.1544454678442
48489,Willacy,TX,40.7,8.9,21.1,7.1,17.4,19.0,23.8,15.7,12.8,37.5,12.8,34.0,44.5,21.7,44.4,7.4,41.9,17.3,12.6,22134.0,5764.0,3254.0,0.7691786391976145,0.0,0.7691786391976145,0.7691786391976145,0.7691786391976145,0.0,0.0,1.0,31.417050163868726,34907.34887503389,14.701364416734435,Texas,Willacy County,4593.0,45645.0,40276.174437516944,-51469.67602843598,29574.47636932276
1085,Lowndes,AL,14.7,11.8,21.6,9.9,22.2,19.4,32.6,40.3,37.0,33.8,29.0,40.3,39.3,23.1,51.3,7.9,49.5,28.8,10.4,11299.0,4352.0,96.0,0.0,0.0,0.5149128241437295,0.5149128241437295,0.0,1.0,1.0,1.0,27.92520640189249,42085.1186830693,0.8496327108593681,Alabama,Lowndes County,2913.0,35160.0,38622.55934153465,-73921.44419125188,22497.36647016603
45085,Sumter,SC,13.0,10.6,16.1,7.0,15.6,13.8,26.9,23.9,16.2,21.6,19.1,35.1,26.5,15.1,43.2,4.8,43.2,18.5,6.4,107456.0,40398.0,2774.0,0.470220369267421,0.0,0.1539886092912447,0.3043012954139368,0.1197513400833829,0.3950826384752829,0.5140708755211435,0.5466888773079214,20.4891404152162,52066.25735184634,2.5815217391304346,South Carolina,Sumter County,16710.0,55990.0,54028.12867592317,-6030.046489299333,-7788.061371160056
6035,Lassen,CA,11.9,10.3,18.1,6.9,16.2,10.6,29.0,19.9,19.1,24.6,16.7,36.8,25.6,14.8,34.3,4.4,39.8,12.4,6.0,34895.0,10058.0,9779.0,0.1743802837082676,0.2700100300902708,0.430577446625591,0.430577446625591,0.1605674165353202,0.2641925777331996,0.1036251611978793,0.5897693079237714,16.461326974146704,65286.582175096715,28.024072216649948,California,Lassen County,3279.0,64395.0,64840.79108754836,-54063.62695413801,16414.169055015547
29219,Warren,MO,9.4,10.6,18.4,7.3,17.3,10.0,20.7,13.3,10.0,19.9,12.1,31.9,29.6,13.6,38.7,3.4,37.7,18.5,4.6,32513.0,12339.0,317.0,0.2587272783194415,0.0,0.2587272783194415,0.2587272783194415,0.2587272783194415,0.2587272783194415,0.4896502937286623,0.4812844093131978,13.414264675666782,68694.22781656568,0.9749946175376004,Missouri,Warren County,3351.0,77989.0,73341.61390828283,-51694.83369361165,9167.32228992273
41021,Gilliam,OR,10.0,12.7,17.9,7.4,15.7,10.2,23.8,15.7,12.8,21.1,12.8,34.0,22.7,13.5,35.8,3.8,31.6,20.7,5.0,1871.0,864.0,20.0,0.0,0.0,1.0,1.0,1.0,1.0,0.0,1.0,10.678590215676,52917.0,1.0689470871191875,Oregon,Gilliam County,248.0,64219.0,58568.0,-78742.2916930119,24483.47035935221
2016,Aleutians West,AK,13.1,7.8,12.2,4.8,14.9,11.4,33.5,16.4,8.9,18.7,12.7,37.7,25.6,10.9,30.5,3.1,38.9,15.0,5.0,5561.0,1212.0,2543.0,0.0,0.0,0.2130911706527603,0.2130911706527603,0.2130911706527603,0.2130911706527603,0.2130911706527603,0.2130911706527603,9.200934484189622,89652.68728645927,45.72918539830965,Alaska,Aleutians West Census Area,459.0,107344.0,98498.34364322964,-77496.03629293627,25248.245036528016
38007,Billings,ND,7.6,9.6,12.7,5.5,14.0,9.2,21.8,11.2,6.9,16.0,9.2,29.7,22.7,10.2,36.4,3.0,31.9,10.0,3.9,783.0,358.0,9.0,0.0,0.0,0.0,0.0,0.0,0.0,0.0,0.0,8.56236786469345,106964.0,1.1494252873563218,North Dakota,Billings County,122.0,81250.0,94107.0,-79800.2864602746,24961.986193219833
48007,Aransas,TX,17.6,10.0,16.0,6.5,14.6,11.4,23.8,15.7,12.8,22.0,12.8,34.0,27.6,13.7,36.4,3.9,40.1,15.7,5.6,23158.0,9795.0,459.0,0.490327316694015,0.0,0.4401070904223162,0.4401070904223162,0.4401070904223162,0.1547197512738578,0.1547197512738578,0.7124967613783574,19.66366537469295,60339.91545038432,1.982036445288885,Texas,Aransas County,4513.0,61754.0,61046.95772519216,-57431.29465809115,18925.608411040495
46109,Roberts,SD,10.9,11.7,17.5,7.7,21.5,12.8,23.8,15.7,12.8,21.9,12.8,34.0,29.8,14.8,43.5,4.5,36.3,20.9,6.6,10149.0,3823.0,281.0,0.0,0.0,0.2819982264262489,0.2819982264262489,0.0,0.0,0.0,0.5554241797221401,18.09963982132347,59046.30505468519,2.768745689230466,South Dakota,Roberts County,1728.0,63691.0,61368.652527342594,-73243.24631140885,22208.630121704726
5051,Garland,AR,11.0,10.3,18.6,7.3,16.1,11.1,26.5,17.9,10.9,22.7,15.1,35.7,28.3,15.2,39.3,3.9,38.0,18.1,5.5,96024.0,40994.0,2166.0,0.5493626593351663,0.0,0.1811630425726901,0.3197221527951345,0.1811630425726901,0.3050695659418478,0.5316379238523702,0.4312151128884445,18.7372600355874,56068.48369157711,2.25568607848038,Arkansas,Garland County,16237.0,55409.0,55738.74184578855,4594.376436200648,-17139.45411432516
19011,Benton,IA,6.5,9.9,13.6,5.7,15.2,8.6,23.7,10.5,8.6,15.7,8.8,31.8,22.1,10.0,40.6,2.8,34.7,8.8,3.5,26076.0,10302.0,313.0,0.2074704709311244,0.0,0.0,0.0,0.0,0.0,0.0,0.1046939714680165,9.190669606759556,80460.52642276423,1.200337475072864,Iowa,Benton County,1979.0,84742.0,82601.26321138212,-58167.16315696881,11136.38020257396
46009,Bon Homme,SD,10.7,9.9,15.4,6.7,18.6,10.7,23.8,15.7,12.8,18.7,12.8,34.0,25.2,12.2,37.5,3.7,30.7,13.1,5.0,7070.0,2457.0,1556.0,0.0,0.0,0.0,0.0,0.0,0.0,0.0,0.0,10.433240853120196,68944.01923620934,22.008486562942007,South Dakota,Bon Homme County,645.0,61275.0,65109.50961810467,-74752.24856549803,21931.24719508918
44005,Newport,RI,5.8,10.8,11.8,4.9,9.8,7.8,18.3,9.7,8.6,13.1,9.2,31.6,18.4,8.6,27.9,2.4,29.7,4.9,3.2,82888.0,34911.0,3576.0,0.8978259820480649,0.022741530740276,0.0,0.0978428723096226,0.0,0.0513946530257697,0.1844295917382492,0.1114395328636232,8.890090174617491,97217.37664076829,4.314255380754753,Rhode Island,Newport County,7027.0,100859.0,99038.18832038414,-13860.5034772988,-14021.291012504884
18119,Owen,IN,9.0,11.6,17.2,8.3,18.7,11.1,24.5,15.3,9.3,21.2,11.8,34.1,25.6,13.5,41.2,3.6,37.8,16.0,4.8,21575.0,8486.0,197.0,0.0,0.0,0.0,0.0,0.0,0.0,0.0,0.237172653534183,16.12391390199721,60199.7191193511,0.9130938586326768,Indiana,Owen County,2504.0,59586.0,59892.85955967555,-60968.63658759835,13895.355296921623
13309,Wheeler,GA,19.2,10.0,19.1,9.0,21.6,15.1,29.8,27.3,23.9,28.1,21.2,39.5,35.0,17.6,41.6,5.9,43.0,20.3,7.9,7421.0,2152.0,1959.0,0.0,0.0,0.0,0.0,0.0,0.6426357633742084,0.6426357633742084,1.0,26.923544603650065,42653.42622288101,26.398059560706105,Georgia,Wheeler County,1406.0,45262.0,43957.713111440506,-74706.8404439833,22862.489431212813
22049,Jackson,LA,10.3,10.6,21.3,9.2,21.3,14.4,30.3,26.7,23.8,27.3,19.4,36.9,35.0,17.9,45.1,5.5,41.7,25.8,7.3,16274.0,6261.0,1038.0,0.1032321494408258,0.0,0.2794641759862357,0.2794641759862357,0.1032321494408258,0.3182376797345459,0.8237679734545902,0.4944697062799557,25.18040474307696,49711.484699520704,6.378272090451027,Louisiana,Jackson Parish,3426.0,43345.0,46528.24234976035,-67722.57592917382,18676.525412482013
47015,Cannon,TN,13.2,11.2,20.3,9.0,20.9,11.9,23.8,15.7,12.8,23.8,12.8,34.0,28.0,15.7,42.5,4.1,40.0,14.0,5.5,13801.0,5472.0,164.0,0.0,0.0,0.0,0.0,0.0,0.4783711325266285,0.4783711325266285,0.7579885515542352,16.533991413273995,58240.43511339758,1.1883196869792043,Tennessee,Cannon County,2397.0,58092.0,58166.217556698786,-67927.9579257121,18215.490769216856
5107,Phillips,AR,14.3,12.4,23.1,10.0,21.8,17.2,34.5,36.0,29.6,33.7,27.6,39.8,41.9,22.8,48.6,7.4,50.5,35.1,9.9,21757.0,8491.0,246.0,0.4069954497403135,0.0,0.4914280461460679,0.4914280461460679,0.4069954497403135,0.7286850209128096,1.0,0.7286850209128096,33.50357051014733,39855.43209082134,1.130670588776026,Arkansas,Phillips County,4534.0,38874.0,39364.71604541067,-66595.6767755645,19124.79740155897
8007,Archuleta,CO,10.7,11.0,14.7,5.4,12.1,8.0,23.8,15.7,12.8,15.7,12.8,34.0,17.7,10.1,27.2,3.0,29.6,8.3,4.2,12084.0,5267.0,129.0,0.4426514399205561,0.0,0.5409632571996028,0.5409632571996028,0.4426514399205561,0.0,0.0,1.0,10.532303768941404,60442.316699768286,1.067527308838133,Colorado,Archuleta County,1134.0,76524.0,68483.15834988415,-69391.66617132036,21577.245605039352
28097,Montgomery,MS,13.5,10.5,20.2,9.0,20.3,15.3,31.3,28.8,19.5,27.7,21.7,37.7,37.7,19.5,43.8,6.1,40.5,37.2,8.2,10925.0,4438.0,99.0,0.5011441647597255,0.0,0.7549656750572082,0.7549656750572082,0.5011441647597255,0.5011441647597255,0.5011441647597255,1.0,27.37059595465963,37893.56192219679,0.9061784897025172,Mississippi,Montgomery County,2451.0,45057.0,41475.2809610984,-72642.66116078258,21461.864549022044
40009,Beckham,OK,14.9,11.2,19.6,8.8,20.2,12.4,27.4,22.7,19.8,24.0,16.8,34.5,34.6,17.7,40.1,4.8,39.1,19.2,6.8,22119.0,8163.0,1907.0,0.649667706496677,0.0,0.0,0.0,0.0,0.0,0.649667706496677,0.0793887607938876,14.145174107279306,64069.09810570098,8.621547086215472,Oklahoma,Beckham County,4339.0,52323.0,58196.04905285049,-60959.875154700756,17265.990933621055
13117,Forsyth,GA,9.0,8.4,10.4,3.8,8.8,8.8,21.0,8.6,5.1,12.9,7.9,34.8,19.6,8.3,26.8,2.2,31.8,4.3,3.1,175511.0,59433.0,642.0,0.8948669883938899,0.0,0.0128652904946128,0.0128652904946128,0.0128652904946128,0.0,0.0,0.0128652904946128,5.9463013833643075,113312.0959028209,0.365789038863661,Georgia,Forsyth County,11712.0,138000.0,125656.04795141044,63061.36845902796,-44329.32832914822
28151,Washington,MS,15.0,11.3,21.1,9.4,21.2,17.6,34.1,37.3,27.9,31.2,28.1,38.2,39.4,21.9,44.2,7.6,42.8,23.5,10.1,51137.0,18936.0,548.0,0.7511586522478831,0.0,0.5515771359289751,0.7599585427381348,0.4671177425347596,0.3816610282183155,0.4480122025148131,0.8579893227995385,33.79376516640356,38936.060719244386,1.0716311085906487,Mississippi,Washington County,12339.0,40117.0,39526.53035962219,-49035.462011197844,12454.287595924516
45029,Colleton,SC,14.5,10.9,17.8,8.2,18.0,13.8,27.4,26.0,17.3,24.2,19.6,34.5,31.3,16.4,39.1,5.1,39.4,25.2,6.9,38892.0,15131.0,388.0,0.3509462100174843,0.0,0.5499331482052864,0.7029209091844081,0.1979584490383626,0.1529877609791216,0.1529877609791216,0.8166718091124139,21.28230162561516,45383.56065514759,0.9976344749562892,South Carolina,Colleton County,7055.0,48779.0,47081.2803275738,-51275.50399116226,11884.026335710752
28093,Marshall,MS,14.9,10.5,20.5,8.9,20.8,15.7,32.3,29.7,19.4,28.2,22.6,40.1,36.9,19.7,42.1,6.1,41.8,23.2,8.4,37144.0,13369.0,1737.0,0.1346650872280853,0.0,0.5035806590566444,0.5035806590566444,0.1346650872280853,0.4013299590781822,0.6274768468662503,0.5816821020891665,18.27224673257408,50373.20334374327,4.676394572474693,Mississippi,Marshall County,7263.0,51875.0,51124.101671871635,-55690.11428486738,13200.562608761173
55011,Buffalo,WI,8.4,10.9,14.3,6.0,15.4,9.4,20.5,12.3,12.9,17.0,10.1,31.7,27.5,11.8,39.4,3.2,34.3,10.9,4.1,13587.0,5708.0,107.0,0.0,0.0,0.0,0.0,0.0,0.0,0.0,0.2134393169941856,9.394661941645786,67385.77265032752,0.7875174799440642,Wisconsin,Buffalo County,1154.0,68722.0,68053.88632516377,-68670.9680604202,18139.337600600367
45039,Fairfield,SC,14.7,10.9,17.7,7.8,17.7,15.4,29.3,29.2,20.5,25.1,22.5,35.9,31.0,17.2,45.6,5.6,41.7,22.9,7.5,23956.0,9419.0,397.0,0.2618550676239773,0.0,0.6110369009851394,0.6110369009851394,0.2618550676239773,0.522833528134914,0.522833528134914,1.0,22.984349134913405,44938.43408749374,1.6572048756052764,South Carolina,Fairfield County,3460.0,46972.0,45955.217043746874,-65190.645411639074,18366.16088848673
13093,Dooly,GA,17.6,10.5,17.5,7.5,18.4,15.2,30.2,26.2,22.4,25.8,21.7,40.1,32.8,16.4,41.1,5.4,43.2,18.6,7.3,14918.0,5286.0,1978.0,0.864995307681995,0.0,0.864995307681995,0.864995307681995,0.864995307681995,0.864995307681995,0.864995307681995,1.0,25.51362757850119,44735.51521651696,13.259150020109937,Georgia,Dooly County,1777.0,56545.0,50640.25760825848,-70475.5501980539,21158.818294918394
41065,Wasco,OR,11.8,12.2,17.4,7.0,14.8,10.9,23.8,15.7,12.8,21.0,12.8,34.0,22.3,13.3,38.0,3.8,31.0,20.9,5.3,25213.0,10031.0,741.0,0.6417324396144846,0.0,0.1149803672708523,0.3701661841113711,0.1149803672708523,0.0,0.0,0.483560068218776,13.355189818186382,58944.94661484155,2.93896006028636,Oregon,Wasco County,3160.0,63602.0,61273.473307420776,-57609.98231707298,16598.371067328277
16049,Idaho,ID,10.5,10.9,17.2,6.5,14.0,8.8,21.0,13.6,9.7,17.9,11.4,31.0,22.4,13.4,32.1,3.5,30.8,14.9,4.7,16267.0,6834.0,524.0,0.0,0.0,0.472059998770517,0.472059998770517,0.0853875945165058,0.472059998770517,0.3866724042540111,0.738243068789574,14.38074885388039,50487.42478637733,3.2212454662814287,Idaho,Idaho County,1791.0,60975.0,55731.21239318866,-65346.24608329921,17480.17527397644
48031,Blanco,TX,13.4,9.6,13.7,5.1,11.7,9.2,23.8,15.7,12.8,16.7,12.8,34.0,22.0,10.8,34.3,2.8,36.5,12.1,4.0,10497.0,4309.0,106.0,0.0,0.0,0.0,0.0,0.0,0.0,0.4728017528817757,0.5271982471182243,9.549694680454818,65403.44831856721,1.0098123273316186,Texas,Blanco County,1031.0,87564.0,76483.7241592836,-70734.0542054462,21710.8391719605
51137,Orange,VA,9.2,10.8,15.6,6.0,13.9,10.2,21.5,12.9,10.6,17.4,11.3,35.2,23.3,12.2,36.9,3.2,39.2,10.8,4.3,33481.0,12895.0,601.0,0.4395030017024581,0.0,0.1473671634658463,0.1473671634658463,0.1473671634658463,0.1473671634658463,0.3557241420507153,0.1473671634658463,8.697175729610267,77151.75260595561,1.7950479376362711,Virginia,Orange County,3688.0,94175.0,85663.3763029778,-53382.082422433145,10334.350852346786
37153,Richmond,NC,14.0,12.2,19.8,9.1,20.0,13.8,26.2,26.0,24.4,25.8,20.0,35.5,30.9,17.7,43.0,5.8,37.9,27.1,7.8,46639.0,18430.0,1160.0,0.5173567186260426,0.0,0.2724329423872724,0.3932116897875168,0.1936147859087887,0.4309054653830485,0.5366109908016896,0.6913312892643496,24.045073594848933,44704.41250884453,2.48718883337979,North Carolina,Richmond County,10478.0,43626.0,44165.206254422264,-44385.39135028894,10514.649477713341
18127,Porter,IN,8.7,11.0,14.2,6.4,14.7,10.6,22.5,13.0,6.8,17.9,10.9,32.1,24.5,11.3,39.8,2.9,38.1,12.5,4.1,164343.0,61998.0,3405.0,0.7785241841757787,0.0,0.1580414133854195,0.2332499710970348,0.1580414133854195,0.0611160803928369,0.101634995101708,0.2574250196235921,10.562062964759663,83295.23926483026,2.071886237929209,Indiana,Porter County,15723.0,85828.0,84561.61963241512,58885.9524003611,-47928.51946520459
12133,Washington,FL,16.4,10.5,18.6,9.1,19.7,12.6,23.8,15.7,12.8,23.9,12.8,34.0,30.8,16.1,39.8,4.8,43.1,17.8,6.7,24896.0,8864.0,2694.0,0.0,0.0,0.6700674807197944,0.6700674807197944,0.0,0.1671352827763496,0.1671352827763496,0.9336841259640104,22.9893257016896,48808.61696658098,10.821015424164525,Florida,Washington County,4279.0,52723.0,50765.808483290486,-59304.59079205555,14581.243954879088
6097,Sonoma,CA,8.8,9.8,14.1,4.7,10.8,8.6,24.6,13.5,11.8,17.7,12.5,33.2,20.0,11.4,26.1,3.1,34.0,7.9,4.3,483878.0,185825.0,10043.0,0.8063065483448307,0.0,0.0653759832023774,0.1608690620362984,0.0653759832023774,0.0401547497509702,0.0997131508355411,0.2309094441160788,10.270877610953583,93912.3656314195,2.0755231690632763,California,Sonoma County,41044.0,102840.0,98376.18281570976,334819.92930677114,-71011.93454266063
48455,Trinity,TX,15.9,10.9,17.9,7.7,17.4,11.8,23.8,15.7,12.8,23.1,12.8,34.0,29.1,15.1,37.8,4.4,39.3,19.3,5.9,14585.0,6142.0,48.0,0.1559821734658896,0.0,0.1559821734658896,0.1559821734658896,0.1559821734658896,0.4434007541995201,0.4434007541995201,1.0,16.346219003858184,46875.01254713747,0.329105245114844,Texas,Trinity County,2194.0,51663.0,49269.00627356874,-67368.42899153553,19411.119081205645
39119,Muskingum,OH,8.5,11.6,16.2,8.2,18.5,12.0,21.3,15.0,13.8,20.1,12.3,35.0,28.5,12.8,43.9,3.7,41.7,22.9,4.8,86074.0,34271.0,1898.0,0.4327555359341961,0.0,0.2557102028487116,0.3055394195692079,0.2557102028487116,0.2121778934405279,0.270093175639566,0.4319190464019332,16.477346902405298,57644.73110346911,2.2050793503264634,Ohio,Muskingum County,13148.0,59203.0,58423.865551734554,-4095.0985706840147,-18374.73097826612
8043,Fremont,CO,13.8,11.0,17.0,6.7,15.6,9.3,23.8,15.7,12.8,19.5,12.8,34.0,21.6,12.3,30.4,3.7,34.9,23.4,5.1,46824.0,16582.0,8704.0,0.7742824192721681,0.1696992995045275,0.5289167948060823,0.6410601400990945,0.4549803519562617,0.2636468477703741,0.2636468477703741,0.6991927216811892,12.430931555003122,63541.91600461302,18.58875790193063,Colorado,Fremont County,5800.0,61027.0,62284.45800230651,-39605.070531766716,5990.692085522547
18143,Scott,IN,9.9,11.7,18.0,8.9,20.0,11.8,23.9,16.9,10.7,22.8,12.7,33.6,28.6,14.3,41.8,3.9,37.7,24.8,5.2,24181.0,9397.0,312.0,0.3923741780736942,0.0,0.1650882924610231,0.1650882924610231,0.1650882924610231,0.1650882924610231,0.3923741780736942,0.3541210040941235,15.83402144613438,56918.833795128405,1.2902692196352508,Indiana,Scott County,3467.0,54583.0,55750.9168975642,-58524.51931325978,12652.07486870788
45069,Marlboro,SC,18.1,11.0,20.3,9.7,21.4,17.4,32.9,34.7,25.5,30.5,25.2,38.8,37.3,20.5,40.9,6.8,44.6,31.4,9.2,28933.0,10383.0,3291.0,0.3860297929699651,0.0,0.3860297929699651,0.3860297929699651,0.3860297929699651,0.6631873639097224,0.6631873639097224,0.9220267514602702,26.23277338569773,43155.4452701068,11.374555006394084,South Carolina,Marlboro County,6241.0,36293.0,39724.22263505341,-62187.674292309384,17142.61507365355
13099,Early,GA,16.3,11.7,18.9,8.4,19.5,15.4,29.0,29.0,26.7,27.2,23.3,41.3,34.3,17.9,41.1,5.9,44.2,27.6,7.9,11008.0,4228.0,172.0,0.0,0.0,0.0,0.0,0.0,0.0,0.0,1.0,28.405016967022338,41160.28343023256,1.5625,Georgia,Early County,2216.0,53750.0,47455.141715116275,-72618.24307120874,21725.817021674775
17153,Pulaski,IL,11.7,11.7,18.4,9.3,20.7,14.5,29.8,27.3,30.2,26.7,21.1,37.2,30.9,17.5,45.7,5.7,42.7,20.0,7.5,6161.0,2642.0,21.0,0.0,0.0,1.0,1.0,0.0,1.0,1.0,1.0,18.8701452540702,47371.5018665801,0.3408537575068982,Illinois,Pulaski County,1286.0,43227.0,45299.25093329005,-75648.08451172571,22997.608892939512
8009,Baca,CO,13.4,12.2,19.2,8.1,17.8,10.0,23.8,15.7,12.8,21.5,12.8,34.0,23.7,14.1,30.3,4.5,36.0,11.5,6.1,3788.0,1685.0,82.0,0.0,0.0,0.4588173178458289,0.4588173178458289,0.0,0.0,0.0,1.0,19.514121410701577,48170.93241816262,2.1647307286166844,Colorado,Baca County,810.0,40380.0,44275.46620908131,-76862.27368638299,23759.87733520337
46051,Grant,SD,10.2,9.9,14.2,5.7,15.3,9.4,23.8,15.7,12.8,16.1,12.8,34.0,24.1,10.7,37.5,3.1,29.5,10.1,4.2,7356.0,3089.0,104.0,0.0,0.0,0.0,0.0,0.0,0.0,0.0,0.0,7.815616930180055,70976.43665035345,1.4138118542686242,South Dakota,Grant County,822.0,73818.0,72397.21832517673,-74176.81563711971,21492.324779840295
31077,Greeley,NE,9.5,9.3,13.2,6.1,15.2,9.3,21.4,12.5,9.2,15.7,10.0,30.3,26.0,11.0,35.3,3.1,33.8,11.8,4.1,2538.0,1069.0,53.0,0.0,0.0,0.0,0.0,0.0,0.0,0.0,0.0,9.52380952380952,60852.0,2.0882584712371943,Nebraska,Greeley County,244.0,58894.0,59873.0,-78200.23673214752,24037.993453898758
45023,Chester,SC,14.5,10.8,18.0,8.2,18.1,13.7,27.6,25.4,17.2,23.9,19.1,36.9,31.2,16.3,37.7,5.2,39.4,19.7,6.8,33140.0,12876.0,218.0,0.2649969824984912,0.0,0.3044055522027761,0.363910681955341,0.2054918527459263,0.3642426071213036,0.3642426071213036,0.9220277610138804,20.95773453635517,56248.95105612553,0.6578153289076645,South Carolina,Chester County,6177.0,51216.0,53732.475528062765,-55680.626551092966,13051.831014562498
40137,Stephens,OK,11.9,11.7,18.7,8.0,19.1,11.4,24.9,19.8,16.8,22.3,14.6,33.4,32.5,16.5,39.2,4.2,35.0,21.0,6.0,45048.0,18127.0,540.0,0.5678831468655656,0.0,0.1982995915467945,0.1982995915467945,0.1982995915467945,0.1982995915467945,0.318993074054342,0.2698898952228734,14.72988528004448,60722.4616631149,1.1987213638785297,Oklahoma,Stephens County,7464.0,60236.0,60479.23083155745,-41338.91061974138,7124.164861354115
48479,Webb,TX,36.3,8.6,18.4,5.2,13.1,16.8,23.8,15.7,12.8,32.0,12.8,34.0,40.0,18.9,42.8,5.9,37.5,15.3,10.3,250304.0,67106.0,3479.0,0.9297813858348248,0.0,0.2220020455126566,0.5371348440296599,0.2220020455126566,0.0939337765277422,0.0939337765277422,0.7395806699053951,31.209309668841048,48475.44131935566,1.389909869598568,Texas,Webb County,55716.0,62506.0,55490.72065967783,270625.958295209,86023.33518923543
48381,Randall,TX,14.2,9.8,14.4,5.4,12.2,10.0,23.8,15.7,12.8,18.3,12.8,34.0,23.2,11.8,35.4,3.1,36.3,13.3,4.4,120725.0,47975.0,2000.0,0.7736757092565748,0.0,0.0769765997100849,0.1295837647546076,0.0769765997100849,0.0196231103748188,0.0712776972458065,0.1460426589355974,9.00069706236337,83502.95961068544,1.6566576931041623,Texas,Randall County,13392.0,80905.0,82203.97980534272,26026.32024503262,-18760.52971341045
51133,Northumberland,VA,8.8,11.1,15.2,5.8,13.2,10.8,22.6,14.0,11.7,17.9,12.6,35.0,22.8,12.4,37.2,3.3,35.0,11.5,4.4,12330.0,5540.0,0.0,0.0,0.0,0.0,0.0,0.0,0.3165450121654501,0.3165450121654501,0.5708029197080292,14.199940678132783,68685.81824817519,0.0,Virginia,Northumberland County,1238.0,69500.0,69092.9091240876,-71174.9665762659,20175.760183828665
13121,Fulton,GA,10.2,9.4,11.8,4.4,9.9,10.7,23.6,14.7,11.1,16.3,13.4,36.7,20.1,10.7,28.1,3.3,39.8,11.6,4.4,920581.0,376377.0,31392.0,1.0,0.0168306754104201,0.2280244758473181,0.3824856259253667,0.2280244758473181,0.3132641234177112,0.4032583770466694,0.40985421163374,15.56824809123733,98660.73030944588,3.4100204110230385,Georgia,Fulton County,133805.0,91490.0,95075.36515472294,505606.2198013509,-198595.4224641345
29211,Sullivan,MO,14.1,10.5,20.5,8.2,19.3,11.9,21.6,18.7,14.5,24.0,15.9,33.0,33.4,16.0,40.4,4.3,41.1,20.4,6.0,6714.0,2740.0,108.0,0.0,0.0,0.551534107834376,0.551534107834376,0.0,0.0,0.0,1.0,16.655489154733864,51032.60515341078,1.6085790884718498,Missouri,Sullivan County,849.0,55500.0,53266.30257670539,-74042.22216279776,23201.607335734283
18035,Delaware,IN,8.7,12.0,17.3,8.7,19.0,12.9,23.3,17.3,11.5,22.7,13.6,34.1,25.6,14.5,38.9,4.1,40.5,19.7,5.4,117671.0,46516.0,8830.0,0.7576718137858945,0.0583236311410627,0.3369564293666239,0.4614475954143331,0.3369564293666239,0.2154651528413967,0.335307764869849,0.4996303252288159,24.408979512583247,57773.44221175991,7.503972941506404,Indiana,Delaware County,20789.0,56932.0,57352.72110587996,21631.03549455965,-31034.275262937485
48045,Briscoe,TX,21.7,10.4,18.7,7.9,17.3,13.3,23.8,15.7,12.8,26.5,12.8,34.0,31.9,16.7,39.8,5.1,41.5,24.3,7.3,1637.0,692.0,0.0,0.0,0.0,1.0,1.0,1.0,1.0,0.0,1.0,15.627051871306598,54200.0,0.0,Texas,Briscoe County,187.0,41188.0,47694.0,-78808.84189017079,24944.699807380293
48473,Waller,TX,18.7,10.0,15.9,5.8,13.6,12.2,23.8,15.7,12.8,22.4,12.8,34.0,28.3,14.0,38.6,4.0,38.7,13.2,5.9,43205.0,14040.0,3703.0,0.2882073834046985,0.073857192454577,0.2143501909501215,0.2143501909501215,0.2143501909501215,0.2143501909501215,0.4543455618562666,0.2143501909501215,15.75941367088146,71866.88408748987,8.570767272306446,Texas,Waller County,7387.0,76135.0,74000.94204374493,-44031.383208324565,20911.56573802669
40071,Kay,OK,11.6,12.0,19.0,8.2,19.6,11.9,25.6,20.1,17.4,22.1,15.2,33.3,30.7,16.5,43.1,4.4,36.9,21.1,6.2,46562.0,18577.0,1273.0,0.7963790215196942,0.0,0.3068811477170224,0.3592414415188351,0.3068811477170224,0.2177956273355955,0.3848417164211159,0.3592414415188351,17.643723291438953,57707.02048881062,2.7339890898157297,Oklahoma,Kay County,6616.0,56673.0,57190.010244405305,-41027.67718435109,7932.266509339177
38059,Morton,ND,7.2,10.2,12.4,5.2,13.6,8.3,20.7,10.3,6.1,15.0,9.2,29.0,21.7,9.8,38.4,2.8,34.3,7.3,3.7,27471.0,11289.0,597.0,0.4455971752029413,0.0,0.0,0.0,0.0,0.0,0.2586363801827381,0.0,8.101710291259579,93123.88504240836,2.173200829966146,North Dakota,Morton County,2297.0,79483.0,86303.44252120418,-57637.70026965525,11297.016328087586
26111,Midland,MI,6.0,11.1,13.9,6.3,13.5,8.7,21.0,11.8,10.7,15.8,9.7,30.3,20.2,10.5,31.7,2.9,30.6,11.4,3.8,83629.0,33437.0,1272.0,0.4608329646414521,0.0,0.0817419794568869,0.1254229991988425,0.0289134152028602,0.0725944349448158,0.2873883461478673,0.1770199332767341,10.786557087873277,77033.43474153703,1.521003479654187,Michigan,Midland County,8986.0,77538.0,77285.71737076851,-8916.930013733436,-17417.61739523031
2150,Kodiak Island,AK,10.5,9.3,13.1,5.2,15.0,9.3,27.2,14.8,8.9,17.7,11.7,34.0,22.8,10.7,31.4,3.0,38.7,13.3,4.5,13592.0,4630.0,336.0,0.769496762801648,0.0,0.0,0.0,0.0,0.0,0.3006915832842848,0.0,9.325034046210968,92577.35712183638,2.472042377869335,Alaska,Kodiak Island Borough,966.0,83716.0,88146.6785609182,-71551.57934746529,22775.09516810439
51163,Rockbridge,VA,8.3,10.7,15.9,6.5,14.6,10.1,20.3,11.9,10.3,17.7,10.1,33.8,23.4,12.3,34.3,3.2,35.8,8.2,4.2,22307.0,9555.0,175.0,0.0,0.0,0.7115703590801093,0.7115703590801093,0.0,0.3294033263101268,0.3294033263101268,0.7115703590801093,13.816238099298534,64421.566324472136,0.784507105392926,Virginia,Rockbridge County,1773.0,63975.0,64198.28316223607,-60828.53995264367,13875.040395297012
29189,St. Louis,MO,7.3,10.7,15.4,5.5,13.6,9.6,21.1,12.6,9.7,16.8,12.6,34.1,24.2,11.8,31.5,3.0,35.0,12.2,4.1,998954.0,404765.0,19454.0,0.9956194179111352,0.0,0.1224350670801658,0.2904117707121649,0.1224350670801658,0.2144312951347109,0.3569143323916817,0.3014643316909487,9.78503908238379,93072.23071332612,1.9474370191220016,Missouri,St. Louis County,93427.0,81340.0,87206.11535666307,632256.9260761107,-386099.42579989386
38043,Kidder,ND,7.9,10.3,13.8,5.9,15.3,9.1,21.5,11.5,7.4,16.7,9.8,29.2,24.1,10.9,40.2,3.2,35.0,15.2,4.1,2435.0,1059.0,0.0,0.0,0.0,1.0,1.0,1.0,1.0,0.0,1.0,10.0,62132.0,0.0,North Dakota,Kidder County,243.0,61850.0,61991.0,-78207.55529957486,24169.964895617675
34025,Monmouth,NJ,8.3,8.9,10.8,4.0,9.8,7.8,19.8,9.8,5.8,13.0,9.3,29.3,18.4,7.9,30.3,2.4,34.7,6.5,3.3,630380.0,233983.0,7670.0,0.93772327802278,0.0,0.045304419556458,0.1354563913829753,0.045304419556458,0.0806196262571782,0.2254433833560709,0.1581998159840096,7.470076592034852,122030.50753989656,1.216726418985374,New Jersey,Monmouth County,40958.0,122727.0,122378.75376994828,413979.3994276918,-224527.05466536176
39151,Stark,OH,8.1,11.3,15.1,7.3,17.6,11.1,21.6,14.0,12.3,19.2,12.0,36.2,27.5,12.2,40.5,3.4,35.8,19.0,4.5,375586.0,151089.0,9264.0,0.8130601247117837,0.0,0.0848141304521467,0.2437178169580335,0.0848141304521467,0.1469277342605954,0.2825131927175134,0.2464708482211797,14.025122611546353,66672.08755651169,2.466545611391266,Ohio,Stark County,46553.0,65740.0,66206.04377825584,236142.3426448675,-158635.1366162105
13175,Laurens,GA,14.8,11.2,18.0,8.0,18.6,13.9,26.9,24.5,22.5,24.9,19.6,42.6,32.8,16.0,44.1,5.2,41.6,19.1,6.9,48434.0,18641.0,1058.0,0.3636082091093033,0.0,0.2818474625263245,0.3675104265598546,0.1821860676384358,0.3679440062765826,0.3679440062765826,0.8043936077961762,26.67531158949164,47677.060123054056,2.184415906181608,Georgia,Laurens County,10944.0,49705.0,48691.030061527024,-42978.88942462885,7780.672910530502
13261,Sumter,GA,15.5,11.3,17.6,7.7,17.8,15.1,27.8,26.9,24.4,25.7,22.2,39.5,32.5,16.7,40.9,5.6,43.4,16.6,7.4,32819.0,12123.0,1907.0,0.2636277765928273,0.0,0.198726347542582,0.2636277765928273,0.198726347542582,0.6042231634114384,0.6042231634114384,0.8800694719522228,27.83842526848584,47169.320180383314,5.810658460038392,Georgia,Sumter County,6209.0,41877.0,44523.16009019165,-58488.051143278666,16629.372982003217
13031,Bulloch,GA,12.9,10.6,16.3,7.2,16.0,12.9,25.0,19.6,17.5,21.5,16.6,36.1,27.4,14.7,41.7,4.6,38.3,17.8,6.0,70217.0,25575.0,4818.0,0.5380321004884857,0.0,0.1663130011250836,0.4242704758107011,0.1663130011250836,0.4242704758107011,0.5380321004884857,0.8862383753222154,31.55138002075118,51411.200962729825,6.861586225557914,Georgia,Bulloch County,16801.0,56832.0,54121.60048136491,-25387.955567403864,-548.4333605065221
12125,Union,FL,17.6,10.3,18.4,9.0,20.3,12.9,23.8,15.7,12.8,24.7,12.8,34.0,29.7,16.5,41.5,4.9,40.7,15.3,6.8,15535.0,4048.0,4778.0,0.4711297071129707,0.0,0.7604763437399421,0.7604763437399421,0.4711297071129707,0.0,0.0,1.0,21.94117173724653,49843.068619246864,30.7563566140972,Florida,Union County,1995.0,64922.0,57382.53430962343,-68821.38496408628,18909.620152787033
48113,Dallas,TX,20.6,9.7,15.0,5.5,12.5,12.5,23.8,15.7,12.8,22.6,12.8,34.0,30.8,14.0,35.7,4.3,35.7,12.7,6.4,2368139.0,855960.0,30398.0,0.9798715362569512,0.0049743701699942,0.1864991877588266,0.4946508629772154,0.1864991877588266,0.1729146811061344,0.2236549459301164,0.5767267039645899,16.570235894700293,72872.1499823279,1.2836239764642194,Texas,Dallas County,359950.0,74149.0,73510.57499116394,1995149.051837574,53172.710407794795
45043,Georgetown,SC,10.8,9.6,14.1,6.0,12.7,11.6,23.6,16.7,10.3,17.6,14.2,30.8,22.6,12.3,32.5,3.6,37.4,16.8,4.8,60158.0,24524.0,559.0,0.3972206522823232,0.0,0.3007081352438578,0.3007081352438578,0.1148808138568436,0.2409987034143422,0.5347252235779115,0.4271751055553708,19.209540775809383,60420.74272748429,0.9292197214003124,South Carolina,Georgetown County,9157.0,66734.0,63577.371363742146,-35279.70681785335,2507.171319784251
32009,Esmeralda,NV,16.6,11.2,19.4,8.5,19.0,12.1,27.7,23.8,21.6,26.6,18.8,37.1,28.9,16.5,36.6,5.1,38.0,18.7,7.3,783.0,389.0,1.0,0.0,0.0,1.0,1.0,1.0,1.0,0.0,1.0,7.172131147540981,45417.0,0.1277139208173691,Nevada,Esmeralda County,3494.5,64001.5,63238.92615563523,-79688.00922639719,25155.427219263827
54021,Gilmer,WV,11.6,11.7,20.1,9.3,21.5,14.5,27.3,20.6,22.1,26.7,16.7,34.9,34.2,16.6,43.8,4.5,42.7,17.9,6.0,8693.0,2753.0,2239.0,1.0,0.0,0.2649258023697227,0.2649258023697227,0.2649258023697227,0.0,0.7350741976302773,0.2649258023697227,17.328305440858443,52581.07040147245,25.75635568848499,West Virginia,Gilmer County,684.0,50991.0,51786.03520073622,-73369.5071646497,21727.587318549216
17183,Vermilion,IL,10.2,11.0,16.5,8.0,17.8,11.7,27.3,20.1,20.7,22.0,16.1,35.1,27.5,14.4,44.1,4.2,38.4,17.4,5.6,81625.0,32655.0,2903.0,0.5565451761102603,0.0,0.2539540581929556,0.4391056661562021,0.2539540581929556,0.4082205206738131,0.4082205206738131,0.6632404287901991,19.73013540582008,56711.220312404286,3.5565084226646246,Illinois,Vermilion County,12065.0,54537.0,55624.11015620214,-11236.064469556659,-10510.590230184887
27089,Marshall,MN,8.7,10.2,14.7,5.4,15.9,9.1,22.2,12.5,8.9,16.8,10.2,31.3,23.5,10.8,39.2,3.0,31.7,12.5,4.0,9439.0,3981.0,76.0,0.0,0.0,0.0,0.0,0.0,0.0,0.0,0.0,7.4605551453142365,74872.87572836106,0.8051700391990677,Minnesota,Marshall County,655.0,71701.0,73286.93786418054,-72240.87420305624,20529.328791788837
1125,Tuscaloosa,AL,9.6,10.2,16.5,6.7,15.0,12.4,24.7,20.1,14.3,21.2,15.5,33.8,26.8,14.8,43.2,4.1,41.9,15.0,5.5,194656.0,76141.0,10423.0,0.685177954956436,0.0361201298701298,0.0627003534440243,0.314801495972382,0.0627003534440243,0.0805266726943942,0.1831024987670557,0.3765309058030577,18.910976640854788,68549.48327305606,5.354574223245109,Alabama,Tuscaloosa County,36620.0,63947.0,66248.24163652802,63196.940192309645,-49390.259880054466
19123,Mahaska,IA,7.4,10.2,14.9,6.6,17.1,9.7,24.4,13.0,11.4,17.9,10.4,33.0,27.1,11.7,39.0,3.3,35.1,16.7,4.2,22381.0,8975.0,659.0,0.5426031008444663,0.0,0.1454358607747643,0.4083821098252982,0.1454358607747643,0.1454358607747643,0.1454358607747643,0.4083821098252982,14.263123554551322,65653.93985970243,2.9444618202939994,Iowa,Mahaska County,2527.0,69019.0,67336.46992985121,-60411.19516692725,13813.232265663404
51159,Richmond,VA,12.8,11.0,17.8,7.3,17.8,12.7,26.9,19.4,16.5,23.0,15.8,37.2,28.3,15.3,37.4,4.3,39.8,19.7,5.8,9254.0,3159.0,1792.0,0.0,0.0,0.0,0.0,0.0,0.5852604279230603,0.5852604279230603,1.0,12.954368861783946,56779.72271450184,19.36459909228442,Virginia,Richmond County,692.0,64184.0,60481.86135725092,-73834.90703384667,21996.76597104201
48197,Hardeman,TX,18.4,10.5,17.7,7.2,16.5,11.9,23.8,15.7,12.8,23.4,12.8,34.0,29.3,15.0,38.0,4.3,38.2,13.4,6.1,4139.0,1722.0,21.0,0.0,0.0,1.0,1.0,0.0,0.0,0.0,1.0,12.5763747454175,52522.0,0.5073689296931626,Texas,Hardeman County,445.0,61179.0,56850.5,-76468.57285034962,24127.762055386003
27133,Rock,MN,8.5,10.1,14.5,5.5,16.0,9.2,21.5,12.6,9.4,16.4,10.3,31.3,24.5,10.9,37.0,3.1,30.6,12.3,4.1,9687.0,3918.0,260.0,0.4093114483328172,0.0,0.3336430267368638,0.3336430267368638,0.0,0.0,0.0,0.3336430267368638,9.53102686818501,69881.86951584597,2.684009497264375,Minnesota,Rock County,889.0,70698.0,70289.93475792298,-72042.76492352472,20264.011021344828
6073,San Diego,CA,8.7,8.9,13.9,4.4,10.1,9.4,28.6,15.2,13.8,18.4,13.8,36.2,20.4,11.1,25.4,3.2,34.5,10.3,4.7,3095313.0,1086865.0,101966.0,0.9370315699898524,0.0111804525099723,0.0407134916565788,0.2093503952588962,0.0382478282487102,0.0219002084764933,0.0786524658410958,0.3466273039269373,12.54270748059666,90039.51966473181,3.2942064340504498,California,San Diego County,330602.0,102285.0,96162.2598323659,2526852.96296285,-160191.47101480016
46035,Davison,SD,9.6,10.2,14.6,6.2,16.4,9.9,23.8,15.7,12.8,16.9,12.8,34.0,23.9,11.4,38.6,3.3,31.1,13.2,4.4,19504.0,8296.0,769.0,0.8503383921246924,0.0,0.3133203445447087,0.3133203445447087,0.3133203445447087,0.3133203445447087,0.3133203445447087,0.3133203445447087,12.76285059118717,66539.53978671042,3.942780968006563,South Dakota,Davison County,2376.0,61401.0,63970.26989335521,-63490.43276431273,15394.436844046391
12103,Pinellas,FL,12.3,9.7,14.2,6.1,12.7,9.8,23.8,15.7,12.8,17.1,12.8,34.0,21.8,11.6,31.7,3.2,38.0,14.6,4.6,916542.0,415876.0,19678.0,0.9978298866827708,0.0,0.0954358883717276,0.2438709846357286,0.0954358883717276,0.1317200957512039,0.2662573019021496,0.2686390803694757,13.089899409601882,70132.2553096312,2.146982898765142,Florida,Pinellas County,107618.0,70293.0,70212.6276548156,685270.2185779996,-346169.42018297414
37105,Lee,NC,14.4,10.9,17.2,6.9,15.6,11.7,24.8,19.1,15.2,21.5,15.8,35.2,26.5,14.3,37.7,4.3,39.1,16.2,6.0,57866.0,22058.0,999.0,0.5050979849998272,0.0,0.1444889918086614,0.2634362147029344,0.1444889918086614,0.3530052189541354,0.3530052189541354,0.4616355027131649,16.330801509710742,57635.55431514188,1.7264023779075797,North Carolina,Lee County,9787.0,63060.0,60347.77715757094,-31052.745159359154,11971.770440439272
48319,Mason,TX,15.7,9.7,14.6,5.6,12.4,9.9,23.8,15.7,12.8,18.9,12.8,34.0,23.9,12.0,34.3,3.3,36.6,11.8,4.7,4012.0,1754.0,3.0,0.0,0.0,0.0,0.0,0.0,0.0,0.0,0.53938185443669,14.738840053362612,52275.826520438684,0.0747756729810568,Texas,Mason County,253.0,68750.0,60512.91326021934,-76451.65346868962,24007.190694574394
54039,Kanawha,WV,8.1,12.1,19.3,8.0,19.6,12.4,25.1,17.9,18.2,22.3,14.6,35.5,30.4,15.2,40.3,3.8,40.5,15.6,5.0,193063.0,84201.0,3163.0,0.6379264799573197,0.0,0.1382709271066957,0.193770945235493,0.1382709271066957,0.1952367879914846,0.4877319838601907,0.3526517250845579,17.28412468582299,62757.90550234897,1.6383253134987026,West Virginia,Kanawha County,28216.0,58887.0,60822.45275117448,84191.1491958662,-69890.7624166824
55071,Manitowoc,WI,8.7,10.8,13.9,5.9,15.3,9.2,20.3,12.6,13.1,16.8,10.3,31.4,28.1,11.5,38.9,3.2,36.4,15.6,4.1,81442.0,34013.0,1100.0,0.6339480857542791,0.0,0.2263205716951941,0.2908327398639522,0.2263205716951941,0.1733749171189312,0.306610839615923,0.3162618796198521,10.707156071480108,69016.55936740257,1.3506544534760934,Wisconsin,Manitowoc County,7826.0,68611.0,68813.77968370129,-10400.58753656283,-14937.17131747962
51017,Bath,VA,11.4,11.6,20.1,9.3,20.3,12.6,22.1,18.9,18.5,24.1,14.2,35.2,29.5,16.6,38.7,4.7,38.9,22.0,6.2,4731.0,2162.0,53.0,0.0,0.0,1.0,1.0,0.0,0.0,0.0,1.0,11.2918215613383,56716.0,1.120270555907842,Virginia,Bath County,841.0,61709.0,59212.5,-76208.24942468377,22999.697570127282
1019,Cherokee,AL,10.8,10.3,18.5,8.2,18.1,11.8,24.3,18.4,13.4,23.1,13.2,35.6,28.8,15.5,39.3,4.2,37.4,18.1,5.5,25989.0,10626.0,290.0,0.1545653930509061,0.0,0.0,0.0,0.0,0.0,0.1545653930509061,0.3119396667821001,15.132349228397906,52070.3095540421,1.1158567086074875,Alabama,Cherokee County,3606.0,50769.0,51419.654777021045,-57006.88253411535,12325.888457162899
39039,Defiance,OH,9.6,10.7,14.7,6.8,16.4,10.9,22.3,13.8,10.6,18.2,11.8,35.1,26.4,11.6,35.5,3.2,38.6,13.2,4.3,39037.0,15268.0,720.0,0.5290365550631452,0.0,0.0938852883162128,0.0938852883162128,0.0938852883162128,0.0938852883162128,0.4168096933678305,0.0938852883162128,10.832096731797373,68435.11796500755,1.844404026948792,Ohio,Defiance County,3731.0,73615.0,71025.05898250378,-46337.31811456649,7824.345862336562
37133,Onslow,NC,11.3,10.4,16.1,6.6,15.1,10.7,22.9,15.8,12.8,18.8,13.1,33.5,22.9,13.0,36.0,3.8,38.6,14.2,5.2,177772.0,60092.0,17805.0,0.6715905766937426,0.0936480435614157,0.2098080687622347,0.2206196701392795,0.2098080687622347,0.08919289876921,0.4212305649933623,0.2545676484485746,13.170594900536967,56092.5331323268,10.015638008235268,North Carolina,Onslow County,21794.0,64568.0,60330.266566163395,66941.90598802775,-33406.3935205029
18019,Clark,IN,8.5,11.4,15.4,7.1,16.5,10.9,25.2,14.3,8.0,19.8,11.6,33.0,24.0,12.7,43.5,3.3,37.1,19.7,4.4,110232.0,44248.0,1515.0,0.644685753683141,0.0,0.0918698744466216,0.2192829668335873,0.0918698744466216,0.0617787938166775,0.2744393642499456,0.2192829668335873,10.118266149476662,68391.58600043545,1.3743740474635315,Indiana,Clark County,11232.0,72298.0,70344.79300021773,12035.626124518647,-23881.722292543313
8019,Clear Creek,CO,7.8,10.7,12.6,4.4,9.9,6.8,23.8,15.7,12.8,12.5,12.8,34.0,13.9,8.2,23.2,2.3,29.3,5.6,3.2,9088.0,4208.0,84.0,0.0,0.0,0.2771786971830985,0.2771786971830985,0.0,0.0,0.0,0.4543353873239437,5.50170549949534,89729.10222271127,0.9242957746478874,Colorado,Clear Creek County,631.0,96667.0,93198.05111135564,-72970.90269584229,20884.774084129658
31163,Sherman,NE,9.8,9.5,13.9,6.4,16.1,9.7,21.2,13.7,10.3,16.9,10.5,30.4,26.9,11.8,41.9,3.3,33.4,10.1,4.4,3152.0,1392.0,56.0,0.0,0.0,0.0,0.0,0.0,0.0,0.0,0.0,11.4026236125126,68594.0,1.7766497461928936,Nebraska,Sherman County,277.0,61935.0,65264.5,-77672.79240837209,23649.489215015263
13001,Appling,GA,18.7,10.8,19.7,9.3,20.8,14.6,26.0,25.7,23.3,27.3,19.8,37.9,33.7,17.5,40.7,5.7,38.3,23.8,7.7,18236.0,6969.0,426.0,0.5322439131388462,0.0,0.6131827155077868,0.6131827155077868,0.5322439131388462,0.5322439131388462,0.5322439131388462,0.825071287563062,23.071171312433947,49067.93364772976,2.3360386049572273,Georgia,Appling County,4310.0,43728.0,46397.96682386488,-64461.15957979392,19222.47966523245
31091,Hooker,NE,8.8,9.6,13.4,6.2,15.6,9.4,21.0,12.5,9.5,15.9,9.7,31.0,26.0,11.3,40.3,3.1,33.3,12.9,4.1,736.0,326.0,26.0,0.0,0.0,1.0,1.0,1.0,1.0,0.0,1.0,17.047184170471798,59167.0,3.532608695652174,Nebraska,Hooker County,45.0,45854.0,52510.5,-79799.58932494614,24990.127174814505
20069,Gray,KS,13.3,10.2,16.5,6.6,16.1,9.8,22.8,15.0,8.3,19.6,12.9,32.0,28.4,13.0,39.9,3.5,32.0,16.6,4.8,6006.0,2153.0,78.0,0.0,0.0,0.0,0.0,0.0,0.0,0.0,0.0,5.943683061080744,72062.95970695971,1.2987012987012987,Kansas,Gray County,383.0,77885.0,74973.97985347986,-74999.47497606467,22932.41337823211
40047,Garfield,OK,12.5,11.1,17.3,7.3,17.3,11.3,25.8,18.5,14.9,20.5,14.5,32.6,31.3,14.7,42.1,3.9,37.1,23.9,5.6,60580.0,24175.0,1830.0,0.7032023770221195,0.0,0.0,0.2033014196104325,0.0,0.2031693628260152,0.2031693628260152,0.3105645427533839,14.982930962995738,65106.92570155167,3.0207989435457248,Oklahoma,Garfield County,7645.0,67302.0,66204.46285077583,-27625.68530594281,2475.508435997337
48055,Caldwell,TX,26.4,9.4,17.3,6.2,14.6,13.5,23.8,15.7,12.8,26.1,12.8,34.0,33.0,15.7,42.4,4.6,37.7,19.1,7.3,38066.0,12301.0,3376.0,0.4897283665213051,0.0,0.4897283665213051,0.4897283665213051,0.4897283665213051,0.1365785740555876,0.1365785740555876,0.9381074975043344,18.19634076709734,60401.3521515263,8.868806809226081,Texas,Caldwell County,6238.0,68503.0,64452.17607576315,-40848.27605849342,23977.53326999648
27057,Hubbard,MN,7.7,10.1,14.0,5.3,14.8,9.3,20.7,12.0,9.0,15.5,9.9,31.5,21.9,10.4,35.3,3.0,30.4,9.9,3.9,20428.0,8661.0,154.0,0.1768650871353045,0.0,0.2329645584491874,0.4098296455844918,0.0,0.0,0.0,0.657822596436264,10.927731819732962,65689.54410612884,0.7538672410417074,Minnesota,Hubbard County,2072.0,70622.0,68155.77205306443,-62688.72760205134,14905.912089708021
39043,Erie,OH,8.2,11.1,14.5,6.9,15.6,11.0,21.5,14.0,11.5,17.1,12.1,35.2,26.0,11.4,40.3,3.3,36.6,12.3,4.3,77079.0,31860.0,1677.0,0.6279920600941891,0.0,0.1326301586683791,0.3238884780549825,0.1326301586683791,0.2887556922118865,0.2887556922118865,0.3238884780549825,12.10670672225233,66732.7709363121,2.175689876620091,Ohio,Erie County,9228.0,68431.0,67581.88546815605,-16427.663797608955,-10845.02533505786
18081,Johnson,IN,7.3,10.9,14.1,6.3,14.2,10.7,22.5,11.7,6.1,17.3,9.8,31.7,21.9,10.9,38.6,2.7,38.2,9.8,3.7,139654.0,52242.0,2332.0,0.662587537771922,0.0,0.1170392541567015,0.1170392541567015,0.1170392541567015,0.0263794807166282,0.0948272158334168,0.1170392541567015,8.810659422481745,82422.95079983388,1.6698411789136007,Indiana,Johnson County,11600.0,87227.0,84824.97539991693,38534.203293400715,-44129.02602848824
1081,Lee,AL,9.1,10.0,15.4,6.4,13.8,12.7,23.5,17.5,12.8,20.1,13.7,33.5,25.7,13.8,39.9,3.9,37.5,13.3,5.1,140247.0,55682.0,4410.0,0.771595827361726,0.0283571128081171,0.3625460794170285,0.49004256775546,0.3625460794170285,0.1967100900554022,0.3026588804038589,0.5638266772194771,23.880446332329825,65793.72518485243,3.1444522877494707,Alabama,Lee County,32119.0,61123.0,63458.362592426216,30930.562370347383,-29010.06491084948
19155,Pottawattamie,IA,8.6,10.4,15.2,6.5,17.4,9.7,25.7,14.8,12.1,18.0,11.3,35.9,26.2,12.1,39.2,3.4,35.5,14.0,4.4,93158.0,36775.0,2076.0,0.6323343137465381,0.0,0.1808432984821486,0.3831447648081753,0.1808432984821486,0.0731016123145623,0.1036947980849739,0.4245904806887224,10.989517652009658,73400.34401769038,2.2284720582236632,Iowa,Pottawattamie County,9885.0,71446.0,72423.1720088452,988.5198391372396,-17682.37448580687
13305,Wayne,GA,16.7,10.8,19.0,8.9,20.0,14.1,25.6,24.1,21.7,25.6,18.7,37.9,32.6,16.6,43.0,5.4,39.7,20.4,7.2,30099.0,10562.0,2316.0,0.163360909000299,0.0,0.2814711452207714,0.2814711452207714,0.163360909000299,0.4407455397189275,0.4407455397189275,0.7391275457656401,19.97318331239811,53026.47443436659,7.69460779427888,Georgia,Wayne County,5874.0,49562.0,51294.2372171833,-55320.68228146856,13649.666849748657
48265,Kerr,TX,16.9,9.8,15.3,6.0,13.4,10.8,23.8,15.7,12.8,20.2,12.8,34.0,25.7,12.9,35.3,3.6,38.5,18.1,5.2,49625.0,20550.0,1910.0,0.2195667506297229,0.0,0.1513753148614609,0.1513753148614609,0.1513753148614609,0.1078488664987405,0.1078488664987405,0.445984886649874,13.411165656328397,63309.70494710327,3.8488664987405543,Texas,Kerr County,5999.0,67927.0,65618.35247355164,-32874.00672985714,10735.405767680437
29013,Bates,MO,10.5,11.0,20.8,8.8,21.0,11.1,21.0,16.8,14.3,23.1,14.2,32.4,32.2,16.0,41.0,4.2,40.5,21.0,5.6,17049.0,6744.0,311.0,0.2651181887500733,0.0,0.2651181887500733,0.2651181887500733,0.2651181887500733,0.2651181887500733,0.2651181887500733,0.741275148102528,12.39172163736305,59762.345650771305,1.8241539093201948,Missouri,Bates County,2937.0,57914.0,58838.172825385656,-64950.1250467909,16490.449645005152
26065,Ingham,MI,7.1,11.6,14.7,6.7,14.6,10.6,23.5,15.3,14.4,17.7,12.5,34.1,22.9,11.7,36.6,3.4,35.4,14.4,4.6,280895.0,111162.0,18478.0,0.8697271222342868,0.0505633777746132,0.2975311059292618,0.4283522312607914,0.2975311059292618,0.3220812047206251,0.4156891365100838,0.4659321098631161,19.36209231734534,71152.0592249773,6.578258779971164,Michigan,Ingham County,43352.0,64354.0,67753.02961248865,147733.28144334294,-75113.96824101527
22073,Ouachita,LA,8.8,10.9,19.4,8.0,18.2,13.9,29.9,25.2,21.6,24.0,19.3,37.8,32.3,16.9,44.1,5.1,40.9,25.3,6.8,153720.0,58691.0,5534.0,0.7256700494405413,0.0,0.2110005204267499,0.4237639864689045,0.2110005204267499,0.3010213374967473,0.3827673692427791,0.4999544626593807,24.89237086981517,53883.49262295082,3.6000520426749936,Louisiana,Ouachita Parish,36927.0,51241.0,52562.24631147541,34479.34952370764,-32082.961444943296
12101,Pasco,FL,15.2,9.8,15.2,6.3,13.7,10.3,23.8,15.7,12.8,18.0,12.8,34.0,24.8,12.3,31.8,3.3,37.6,14.6,5.0,464697.0,189612.0,5674.0,0.8720478074960674,0.0,0.1986003783110284,0.3777257008330159,0.1986003783110284,0.1596481147930802,0.1984906293778526,0.4289418696483945,13.742310230416846,63432.03156465396,1.221010680077556,Florida,Pasco County,64423.0,67384.0,65408.015782326984,342813.37280270486,-159501.28485628692
17141,Ogle,IL,9.4,10.2,14.3,6.3,14.2,9.7,24.7,14.0,12.9,17.8,12.1,33.5,22.5,11.6,40.9,3.2,37.0,8.7,4.3,53497.0,20856.0,525.0,0.3298315793408976,0.0,0.1560274407910724,0.1560274407910724,0.1560274407910724,0.0,0.2049086864684001,0.1560274407910724,9.961967874249432,74502.97936332879,0.9813634409406136,Illinois,Ogle County,4541.0,79244.0,76873.48968166439,-33091.57391379601,1489.3601398898863
12073,Leon,FL,11.5,10.4,13.8,6.1,12.9,11.3,23.8,15.7,12.8,18.5,12.8,34.0,23.6,12.4,35.6,3.6,40.7,11.4,5.2,275487.0,110945.0,14994.0,0.838384388374043,0.0237833364187783,0.2129065981334872,0.4035362830187994,0.2129065981334872,0.2572208488966812,0.3549278187355483,0.4608311825966379,21.85404058936507,70171.48988155522,5.4427250650665915,Florida,Leon County,51451.0,65074.0,67622.7449407776,120928.97579936788,-68681.58459564643
20155,Reno,KS,10.7,10.3,16.5,6.9,17.6,10.9,22.3,15.5,9.0,19.0,13.3,30.1,28.4,13.4,44.5,3.6,39.9,13.7,4.7,64511.0,25794.0,3129.0,0.6741950985103315,0.0,0.0389545968904527,0.3124583404380648,0.0,0.0419618359659592,0.2784641378989629,0.4262373858721768,13.17744558038524,60959.277162034385,4.850335601680333,Kansas,Reno County,7252.0,60498.0,60728.63858101719,-22873.871359658253,-2809.0769682370446
28141,Tishomingo,MS,12.2,9.8,19.6,8.7,19.5,11.9,26.2,19.3,11.1,23.2,14.0,34.8,33.1,16.5,39.4,4.6,36.1,19.8,6.1,19593.0,8148.0,280.0,0.0,0.0,0.0,0.0,0.0,0.1304037156127188,0.5156943806461491,0.1304037156127188,18.04117351700474,45893.33557903333,1.429081814933905,Mississippi,Tishomingo County,3667.0,46257.0,46075.167789516665,-61892.685551883405,15770.923682732151
22081,Red River,LA,11.7,11.2,23.0,10.1,23.7,16.1,32.3,33.2,30.9,30.6,24.2,39.1,38.0,20.4,43.9,6.5,45.4,28.1,8.8,9091.0,3472.0,164.0,0.0,0.0,0.0,0.0,0.0,0.4570454295457045,0.4570454295457045,0.4570454295457045,23.320478976885337,51685.31558684413,1.8039819601803977,Louisiana,Red River Parish,2121.0,44539.0,48112.15779342207,-73691.40764071174,21942.622643622704
13165,Jenkins,GA,18.6,11.2,20.2,9.7,22.3,16.3,29.1,31.0,29.1,29.5,23.7,40.7,36.6,19.3,42.6,6.6,43.6,23.7,8.8,8340.0,3192.0,84.0,0.0,0.0,0.0,0.0,0.0,0.7442446043165467,0.7442446043165467,1.0,29.805221706905677,41434.37841726618,1.0071942446043165,Georgia,Jenkins County,1769.0,36906.0,39170.18920863309,-73770.0554875259,22743.55143261377
29063,DeKalb,MO,9.7,10.5,18.7,7.4,18.1,10.1,21.2,13.7,10.3,20.0,12.4,32.5,28.2,13.9,39.2,3.5,36.9,19.2,4.6,12892.0,3839.0,3560.0,0.0,0.0,0.0,0.0,0.0,0.0,0.6903506050263729,0.0,14.47323408052314,60899.69221222463,27.614024201054917,Missouri,DeKalb County,775.0,69093.0,64996.34610611232,-70319.48301580345,19031.256666509296
48485,Wichita,TX,16.1,10.3,16.4,6.7,15.3,11.6,23.8,15.7,12.8,21.9,12.8,34.0,27.0,14.2,36.2,4.0,39.5,13.7,5.6,131500.0,49016.0,12017.0,0.8234296577946768,0.0472623574144486,0.2168821292775665,0.374745247148289,0.2168821292775665,0.095893536121673,0.2470950570342205,0.4042357414448669,17.820713204787552,61849.82004562738,9.138403041825097,Texas,Wichita County,18767.0,62168.0,62008.91002281369,32877.23611784195,-13251.76847195558
31027,Cedar,NE,8.1,9.1,12.1,5.3,13.2,8.4,20.1,10.4,7.2,14.0,8.6,29.4,23.3,9.8,40.5,2.7,30.1,11.4,3.6,8852.0,3539.0,144.0,0.0,0.0,0.0,0.0,0.0,0.0,0.0,0.0,9.16627348026246,74074.00406687755,1.6267510167193855,Nebraska,Cedar County,506.0,73977.0,74025.50203343877,-72770.18745809227,20545.472110131097
27121,Pope,MN,7.7,10.2,14.2,5.3,15.2,8.9,21.7,11.4,8.5,15.7,9.7,29.7,22.7,10.5,38.9,3.0,32.3,6.6,3.8,10995.0,4736.0,184.0,0.0,0.0,0.215825375170532,0.215825375170532,0.0,0.0,0.0,0.215825375170532,7.274054958707712,75852.89222373806,1.673487949067758,Minnesota,Pope County,1094.0,72205.0,74028.94611186904,-71025.0541005718,19369.33441840316
41009,Columbia,OR,8.6,12.3,16.3,6.4,14.4,9.6,23.8,15.7,12.8,18.7,12.8,34.0,20.7,11.7,33.1,3.2,34.0,11.4,4.3,49351.0,19183.0,499.0,0.4158780977082531,0.0,0.0,0.22329841340601,0.0,0.2635204960385808,0.3623432149297886,0.4843468217462665,11.98337384828223,71354.02994873458,1.011124394642459,Oregon,Columbia County,4578.0,86359.0,78856.51497436728,-37260.44167846941,2105.4953666830734
31039,Cuming,NE,10.8,9.1,13.0,5.7,14.2,9.5,21.3,13.3,9.2,16.0,10.6,31.8,26.5,11.3,41.2,3.1,31.0,7.6,4.3,9139.0,3756.0,130.0,0.0,0.0,0.0,0.0,0.0,0.0,0.0,0.0,7.130404968429293,69306.0680599628,1.422475106685633,Nebraska,Cuming County,686.0,70708.0,70007.0340299814,-72319.70257297208,21276.86671302798
48423,Smith,TX,15.6,10.5,15.7,6.2,14.0,11.7,23.8,15.7,12.8,20.6,12.8,34.0,26.4,13.7,37.9,3.9,40.1,15.6,5.4,209714.0,79055.0,4127.0,0.6001173026121289,0.0,0.1364381967822844,0.239693105848918,0.1364381967822844,0.105839381252563,0.1406868401728067,0.3967689329277015,16.63333788509077,65734.12634826478,1.9679182124226329,Texas,Smith County,28262.0,71923.0,68828.56317413239,99614.6847775025,-29022.020859549866
27109,Olmsted,MN,6.8,9.8,11.7,4.2,11.4,8.4,19.7,10.1,7.0,13.4,8.6,28.2,20.6,9.5,36.5,2.5,30.5,6.7,3.4,144248.0,57080.0,2770.0,0.7271504630913427,0.0,0.0615606455548777,0.1869419333370306,0.0615606455548777,0.0714325328600743,0.1621096999611779,0.2477885308635128,8.928066027577108,95194.37090288948,1.9203039210249016,Minnesota,Olmsted County,12714.0,93494.0,94344.18545144472,35143.494626394415,-38726.15241567287
35041,Roosevelt,NM,16.5,10.0,17.6,6.5,15.0,11.7,24.3,22.5,19.2,23.8,18.2,35.1,27.6,14.7,34.7,4.7,35.7,13.6,7.0,19846.0,7299.0,1083.0,0.6426987806107024,0.0,0.4260304343444522,0.4260304343444522,0.4260304343444522,0.1864859417514864,0.1864859417514864,0.4260304343444522,25.313462871638205,51525.0499848836,5.457019046659275,New Mexico,Roosevelt County,3856.0,52445.0,51985.0249924418,-60198.59054180603,23956.848542363656
27113,Pennington,MN,8.3,10.4,14.6,5.3,16.0,9.3,22.6,12.4,9.0,16.4,10.4,32.3,23.5,10.7,40.5,3.1,29.8,9.7,4.0,13930.0,5836.0,327.0,0.4932519741564967,0.0,0.2182340272792534,0.2182340272792534,0.2182340272792534,0.1865039483129935,0.1865039483129935,0.4047379755922469,9.930875765400282,74310.09641062455,2.3474515434314425,Minnesota,Pennington County,1352.0,72561.0,73435.54820531228,-68536.37337675827,18392.127263363083
51600,Fairfax,VA,8.5,9.2,11.9,4.2,9.2,10.2,20.6,10.6,7.3,14.6,8.9,33.0,20.4,9.9,31.6,2.5,34.9,7.5,3.7,22565.0,8347.0,521.0,1.0,0.0,0.0,0.0,0.0,0.0,0.2272989142477287,0.0,8.705900523205862,136763.68061156658,2.308885442056282,Virginia,Fairfax city,2346.0,132774.0,134768.8403057833,-63849.4914215984,19957.663759695413
2110,Juneau,AK,8.7,10.2,13.1,5.2,13.8,7.8,23.9,11.8,7.7,16.1,10.2,32.2,17.0,10.0,34.5,2.9,32.8,13.0,3.9,31275.0,12187.0,887.0,0.4017905675459632,0.0,0.0,0.0,0.0,0.0,0.3286330935251798,0.0,7.980423430280701,111125.94980015988,2.8361310951239007,Alaska,Juneau City and Borough,2565.0,100513.0,105819.47490007996,-59359.466899747276,15460.605810902027
26119,Montmorency,MI,8.0,11.9,17.7,8.8,19.2,10.5,23.6,17.5,17.6,21.0,13.1,34.2,26.2,13.8,38.3,4.0,35.5,14.2,5.2,9765.0,4416.0,156.0,0.0,0.0,0.0,0.0,0.0,0.0,0.0,1.0,16.532136472865055,49790.2777265745,1.597542242703533,Michigan,Montmorency County,1659.0,47803.0,48796.638863287255,-71446.57240952735,20209.663756931182
19047,Crawford,IA,14.3,9.6,16.2,6.9,17.1,12.2,26.6,19.8,15.7,22.7,14.9,35.3,31.5,13.6,43.1,4.1,35.6,22.2,5.8,17096.0,6413.0,585.0,0.5193027608797379,0.0,0.1294454843238184,0.1294454843238184,0.0,0.0,0.0,0.1294454843238184,15.937783857783948,65654.1479878334,3.4218530650444543,Iowa,Crawford County,2635.0,65039.0,65346.5739939167,-64400.88336906536,21225.22243919797
37161,Rutherford,NC,12.0,11.4,18.2,8.2,17.8,11.1,23.1,18.1,15.8,21.4,14.0,33.7,26.8,14.7,38.0,4.4,34.3,20.2,5.9,67810.0,27466.0,1223.0,0.2458044536204099,0.0,0.1539595929803863,0.2199528093201592,0.0615690901047043,0.3294499336381065,0.4476920808140392,0.619613626308804,17.998131907098557,51493.117254092314,1.803568795162955,North Carolina,Rutherford County,11196.0,49771.0,50632.05862704616,-21024.014234652823,-5452.811459523327
46089,McPherson,SD,11.1,10.4,16.0,6.8,17.8,10.1,23.8,15.7,12.8,18.6,12.8,34.0,25.6,12.4,36.0,3.7,30.0,12.7,4.8,2459.0,1025.0,347.0,0.0,0.0,0.0,0.0,0.0,0.0,0.0,0.0,15.3574580759047,62143.0,14.111427409516065,South Dakota,McPherson County,269.0,62024.0,62083.5,-78200.6387791173,24059.378219527298
48501,Yoakum,TX,27.6,9.2,16.9,5.6,13.3,13.0,23.8,15.7,12.8,25.2,12.8,34.0,32.2,15.0,38.2,4.3,40.4,17.8,6.9,7879.0,2643.0,53.0,0.742987688792994,0.0,0.0,0.0,0.0,0.0,0.0,0.0,9.013291072452828,76593.22337860134,0.6726741972331512,Texas,Yoakum County,908.0,82261.0,79427.11168930067,-72364.79093514057,25949.63576554818
41031,Jefferson,OR,11.7,12.2,17.1,6.6,15.0,11.0,23.8,15.7,12.8,21.2,12.8,34.0,22.2,13.1,35.5,3.7,34.7,15.8,5.4,21720.0,7790.0,853.0,0.4013351749539595,0.0,0.244244935543278,0.4013351749539595,0.244244935543278,0.0,0.0,0.5455801104972375,19.68411553615561,60407.09484346225,3.927255985267035,Oregon,Jefferson County,2811.0,73051.0,66729.04742173113,-62077.19498828032,21087.832428864313
5043,Drew,AR,12.6,11.1,20.7,8.7,18.6,13.5,29.7,24.6,17.2,26.7,19.2,37.6,35.1,17.9,45.0,5.2,41.8,21.1,7.2,18509.0,7360.0,785.0,0.3303257874547517,0.0,0.3303257874547517,0.3303257874547517,0.3303257874547517,0.0,0.2205413582581447,0.6508725484899238,21.54872365778336,59629.05510832568,4.2411799665027825,Arkansas,Drew County,3720.0,41071.0,50350.02755416283,-66138.8078211208,17951.165364391796
26055,Grand Traverse,MI,5.7,11.1,13.8,6.0,13.2,8.4,20.8,11.0,9.8,15.6,9.5,32.5,21.0,10.2,35.3,2.7,31.1,13.4,3.5,86986.0,35328.0,2642.0,0.4600280504908836,0.0,0.0820591819373232,0.1211229393235693,0.0820591819373232,0.0820591819373232,0.2946451153059113,0.1211229393235693,9.986401016538093,76869.79074793645,3.0372703653461475,Michigan,Grand Traverse County,8091.0,79486.0,78177.89537396823,-5613.520342218981,-18882.945855587106
20087,Jefferson,KS,8.2,10.0,14.6,5.7,14.7,8.7,21.0,10.4,5.6,15.7,9.9,32.0,23.5,11.0,34.4,2.8,33.4,11.6,3.5,19126.0,7366.0,235.0,0.0,0.0,0.0,0.0,0.0,0.0,0.0,0.0,7.976598300370893,75860.0523371327,1.2286939245006796,Kansas,Jefferson County,1147.0,77393.0,76626.52616856634,-64211.364784310914,15304.06942023469
20077,Harper,KS,12.0,10.5,18.1,8.3,19.9,11.4,22.6,17.9,11.9,22.3,14.3,32.5,30.8,15.2,42.1,4.3,36.8,19.5,5.6,6034.0,2545.0,129.0,0.0,0.0,0.2449453099105071,0.2449453099105071,0.0,0.0,0.0,0.6014252568776931,15.665964168688737,59201.91779913822,2.137885316539609,Kansas,Harper County,812.0,55417.0,57309.45889956911,-75043.17428781443,22455.791253823343
19065,Fayette,IA,7.9,10.0,15.3,6.8,17.9,10.1,25.1,14.2,12.3,18.7,11.2,32.6,27.4,12.0,39.0,3.4,34.1,14.7,4.4,20880.0,8634.0,782.0,0.3198275862068965,0.0,0.0,0.3198275862068965,0.0,0.171743295019157,0.171743295019157,0.4926724137931034,12.65437002458206,61040.082183908045,3.745210727969349,Iowa,Fayette County,2333.0,58764.0,59902.04109195402,-61996.536966156804,14322.888880091257
30103,Treasure,MT,9.6,11.3,15.2,6.1,14.4,8.3,21.6,12.4,8.9,17.2,10.3,30.8,20.7,11.0,34.1,3.2,30.6,10.0,4.3,718.0,335.0,0.0,0.0,0.0,1.0,1.0,1.0,1.0,0.0,1.0,15.958815958816,47143.0,0.0,Montana,Treasure County,82.0,73036.0,60089.5,-79775.24926165347,25058.37591075911
27037,Dakota,MN,7.4,9.8,11.7,4.0,11.3,8.4,21.0,10.0,6.7,13.7,8.7,30.4,21.8,9.3,34.2,2.5,28.5,6.1,3.3,398552.0,152060.0,2853.0,0.9612999056584836,0.0,0.04199702924587,0.1746974046046689,0.04199702924587,0.0475973022340873,0.1081489993777474,0.1807091671852104,6.408144241838698,102642.5764592826,0.7158413456713302,Minnesota,Dakota County,24512.0,105212.0,103927.2882296413,234249.3939031791,-144842.04419039394
13235,Pulaski,GA,15.7,11.8,19.0,8.5,19.4,13.8,26.9,25.8,23.5,25.9,21.0,40.4,32.5,17.0,41.1,5.4,41.9,19.3,7.2,12010.0,4475.0,1248.0,0.0,0.0,0.0,0.0,0.0,0.6233971690258118,0.6233971690258118,1.0,25.621014860450472,47520.09700249792,10.391340549542049,Georgia,Pulaski County,1577.0,47688.0,47604.04850124896,-71467.37834102155,20937.340556147767
55117,Sheboygan,WI,8.3,10.3,13.2,5.3,14.0,9.3,20.8,12.0,12.0,16.8,10.1,31.3,27.6,11.2,36.4,3.0,32.6,8.1,4.0,115507.0,46390.0,3023.0,0.5827612179348438,0.0,0.0,0.12484957621616,0.0,0.0443782627892681,0.2255187997264235,0.1500601695135359,7.628009589873919,73149.20957171427,2.617157401715913,Wisconsin,Sheboygan County,9265.0,71898.0,72523.60478585714,16191.82424413324,-27083.16582510925
39143,Sandusky,OH,9.7,10.8,15.3,7.2,16.9,11.6,22.3,14.8,12.2,19.6,12.5,35.9,27.7,12.3,40.6,3.5,41.3,18.6,4.6,60944.0,24182.0,901.0,0.5445655027566291,0.0,0.0486348122866894,0.2385632711997899,0.0486348122866894,0.1677441585718036,0.2964688894723024,0.2385632711997899,13.480607181752902,63852.56210619585,1.4784064058808086,Ohio,Sandusky County,7654.0,62500.0,63176.281053097926,-26305.765801215246,-1117.1263314515127
39067,Harrison,OH,9.2,11.5,16.7,8.3,19.5,11.8,22.6,15.6,13.7,20.6,12.6,36.6,29.3,13.5,41.1,3.8,40.6,20.9,4.9,15864.0,6526.0,232.0,0.2239031770045385,0.0,0.1478819969742814,0.1478819969742814,0.0,0.4844931921331316,0.4844931921331316,0.632375189107413,16.67926923422254,60529.065809379725,1.4624306606152295,Ohio,Harrison County,2060.0,53851.0,57190.03290468986,-66419.58252435473,16971.86850109948
29039,Cedar,MO,10.8,11.2,21.5,9.5,21.4,11.7,20.6,18.0,15.9,24.3,14.7,33.4,32.7,16.8,40.1,4.6,40.4,18.8,6.1,13982.0,5838.0,156.0,0.3577456730081533,0.0,0.7626233729080246,0.7626233729080246,0.3577456730081533,0.3577456730081533,0.3577456730081533,1.0,18.460759403124644,46682.69239021599,1.115720211700758,Missouri,Cedar County,2417.0,45577.0,46129.846195107995,-67012.82487791403,18182.921078140796
20009,Barton,KS,12.3,10.2,16.8,7.2,16.9,10.8,21.8,16.5,9.9,20.2,14.0,31.1,28.7,13.7,39.2,3.8,34.6,15.6,5.1,27674.0,11283.0,672.0,0.7949338729493387,0.0,0.2159066271590662,0.4153356941533569,0.2159066271590662,0.2159066271590662,0.2159066271590662,0.4153356941533569,16.943955601717786,66062.78738165788,2.42827202428272,Kansas,Barton County,3640.0,56733.0,61397.89369082894,-55067.14364092304,15084.43390513546
19075,Grundy,IA,6.2,9.9,13.1,5.4,14.3,8.6,23.1,9.7,7.7,14.6,8.5,32.9,22.1,9.8,37.5,2.6,32.9,8.9,3.3,12453.0,5131.0,154.0,0.0,0.0,0.0,0.0,0.0,0.0,0.0,0.0,6.118912028441524,80503.51160362965,1.2366498032602586,Iowa,Grundy County,786.0,83617.0,82060.25580181483,-69853.68397155136,18506.192788930566
55031,Douglas,WI,7.4,11.1,13.8,5.7,14.7,9.4,19.9,11.9,12.5,16.3,9.8,31.3,25.8,11.3,40.9,3.1,33.9,11.8,3.9,44159.0,18555.0,1372.0,0.6299735048348015,0.0,0.0953825947145542,0.2608754727235671,0.0953825947145542,0.2166036368577187,0.3105142779501347,0.2608754727235671,12.5002924583095,66067.49002468353,3.1069544147285946,Wisconsin,Douglas County,4478.0,72579.0,69323.24501234177,-43055.82123039707,3064.2110291562203
35011,De Baca,NM,16.4,10.2,17.1,6.2,14.8,10.9,26.0,20.4,16.2,23.0,17.3,35.8,25.2,13.6,33.0,4.3,34.1,16.8,6.3,2022.0,912.0,9.0,0.0,0.0,0.0,0.0,0.0,0.0,0.0,0.0,16.757023164120298,60909.0,0.4451038575667655,New Mexico,De Baca County,322.0,40804.0,50856.5,-78219.73750473322,25068.100212725345
48393,Roberts,TX,11.7,9.9,14.2,5.3,12.7,8.9,23.8,15.7,12.8,16.2,12.8,34.0,21.9,10.7,33.8,2.7,37.6,12.9,3.7,929.0,359.0,0.0,0.0,0.0,0.0,0.0,0.0,0.0,0.0,0.0,12.2260668973472,79688.0,0.0,Texas,Roberts County,50.0,66118.0,72903.0,-79651.10712141379,24970.72916115358
48361,Orange,TX,13.7,10.6,16.7,6.9,15.8,10.9,23.8,15.7,12.8,20.9,12.8,34.0,26.7,13.7,38.2,3.8,41.9,17.4,5.1,81837.0,31031.0,639.0,0.5704998961350001,0.0,0.1788066522477608,0.2198883145765363,0.1788066522477608,0.0918533181812627,0.2203648716350794,0.243496218092061,13.912817908332444,67911.04826667644,0.7808204113053998,Texas,Orange County,10663.0,73372.0,70641.52413333821,-10336.559501612122,-10706.015060904607
48269,King,TX,17.0,10.6,18.4,7.9,17.8,12.2,23.8,15.7,12.8,24.1,12.8,34.0,29.1,15.4,37.8,4.6,40.4,26.0,6.2,286.0,113.0,0.0,0.0,0.0,0.0,0.0,0.0,0.0,0.0,0.0,8.7719298245614,66806.0,0.0,Texas,King County,29.0,70192.0,68499.0,-80208.31854466218,25276.006766897353
17111,McHenry,IL,8.4,9.6,12.3,5.0,11.4,8.8,23.4,11.6,9.4,15.4,10.4,33.1,20.1,9.7,31.7,2.6,31.0,13.4,3.6,308760.0,109199.0,1647.0,0.7481474284233709,0.0,0.0310143801010493,0.0571058427257416,0.0310143801010493,0.0159314678067107,0.1907760072548257,0.0571058427257416,7.084132464545483,99291.0780120482,0.5334240186552662,Illinois,McHenry County,18764.0,102836.0,101063.5390060241,179391.2510441087,-101660.37198300952
5121,Randolph,AR,12.2,10.8,21.6,9.4,20.5,12.2,27.3,21.1,14.5,26.6,15.9,35.4,36.1,17.3,41.4,4.9,38.1,29.2,6.5,17969.0,7299.0,349.0,0.2021815348656018,0.0,0.3467082197117258,0.5488897545773276,0.0,0.0,0.0,0.7885246813957371,18.30801447762225,45505.55150537036,1.9422338471812568,Arkansas,Randolph County,3879.0,52838.0,49171.77575268518,-63315.24436633143,16224.913351235275
1077,Lauderdale,AL,9.5,10.0,16.6,7.0,15.4,11.0,23.4,16.1,11.7,20.2,12.3,34.5,25.8,13.8,36.7,3.7,41.4,15.6,4.9,92709.0,38680.0,1891.0,0.488280533713016,0.0,0.1170220798412236,0.3178116471971438,0.0916415881953208,0.2614632883538815,0.3579479877897507,0.3341315298406843,15.680798223418371,62894.23876862009,2.0397156694603544,Alabama,Lauderdale County,12584.0,59082.0,60988.11938431005,-1562.506257315661,-18417.75973150702
54023,Grant,WV,8.8,12.1,19.5,8.5,20.2,12.2,23.6,16.0,17.6,22.9,13.0,34.7,30.8,15.0,43.3,3.7,47.3,18.4,4.9,11937.0,4941.0,126.0,0.0,0.0,0.0,0.0,0.0,0.3854402278629471,0.3854402278629471,0.3854402278629471,12.358384287137833,53977.32018094999,1.055541593365167,West Virginia,Grant County,1458.0,61530.0,57753.660090474994,-69538.739531026,19061.005527272937
18029,Dearborn,IN,7.5,11.0,15.0,6.8,16.5,9.9,22.8,11.5,6.4,17.9,9.5,31.9,22.5,11.6,35.4,3.0,35.6,17.6,3.9,50047.0,18743.0,530.0,0.4960337282954023,0.0,0.181449437528723,0.181449437528723,0.181449437528723,0.181449437528723,0.181449437528723,0.181449437528723,10.379657968293968,76594.27484164885,1.0590045357364075,Indiana,Dearborn County,4075.0,82693.0,79643.63742082442,-37564.69126313749,-1597.9669129343638
2198,Prince of Wales-Hyder,AK,11.8,12.1,17.5,7.6,22.0,11.0,28.3,21.8,16.2,23.9,17.3,35.1,25.1,15.0,37.7,4.4,36.2,21.0,6.7,5559.0,2194.0,50.0,0.0,0.0,0.3031120705162799,0.3031120705162799,0.3031120705162799,0.3031120705162799,0.0,0.5657492354740061,14.93856464137679,68040.43101277208,0.8994423457456378,Alaska,Prince of Wales-Hyder Census Area,858.0,59079.0,63559.71550638604,-76933.827264828,24177.795693574768
55097,Portage,WI,7.6,10.7,13.1,5.5,14.0,8.7,19.1,11.9,12.0,16.2,9.5,30.6,24.4,10.5,36.5,3.0,34.7,10.0,3.9,70019.0,27814.0,3509.0,0.447878432996758,0.0,0.0,0.2471186392264956,0.0,0.0,0.2762678701495308,0.2471186392264956,13.520448247793595,76284.6610062983,5.011496879418443,Wisconsin,Portage County,6898.0,73284.0,74784.33050314915,-21146.259295298347,-9554.498283709767
27019,Carver,MN,6.1,9.5,11.1,3.8,11.0,7.3,20.1,8.3,5.2,11.9,7.3,29.4,18.3,8.0,31.3,2.2,26.4,6.3,2.9,91042.0,32891.0,836.0,0.7902286856615628,0.0,0.0,0.0,0.0,0.0,0.1813888095604226,0.0,3.980950504945976,119871.50918257509,0.9182575075239996,Minnesota,Carver County,4534.0,123144.0,121507.75459128756,-7375.319833489935,-19567.446269848548
50007,Chittenden,VT,5.4,10.9,12.1,4.6,9.2,6.2,23.8,15.7,12.8,11.3,12.8,34.0,14.1,7.8,23.6,2.5,26.5,6.8,3.2,156545.0,61827.0,9795.0,0.6696413171931394,0.0396052253345683,0.0,0.2475007186432016,0.0,0.153872688364368,0.3011338592736913,0.3006100482289437,12.476504901995868,92418.00021399595,6.256986808904788,Vermont,Chittenden County,16606.0,94310.0,93364.00010699798,47863.651514558456,-52635.18396017258
37111,McDowell,NC,11.8,11.0,17.6,7.7,17.3,10.3,22.5,16.0,13.4,19.9,12.4,33.8,24.6,13.7,35.0,4.0,36.3,17.4,5.3,44996.0,17838.0,1666.0,0.1341674815539159,0.0,0.0,0.0616943728331407,0.0,0.278380300471153,0.3955684949773313,0.7285536492132634,17.292851122099375,50284.28558094053,3.702551337896702,North Carolina,McDowell County,6057.0,55527.0,52905.642790470265,-39459.34195452083,5092.38289873445
26085,Lake,MI,11.9,11.8,19.3,9.9,21.3,12.5,27.0,24.2,24.6,25.4,17.9,35.4,31.5,16.2,40.3,5.1,38.7,20.3,6.9,11539.0,5158.0,397.0,0.0,0.0,0.0,0.0,0.0,0.5547274460525176,0.5547274460525176,1.0,24.108486497889263,45372.09740878759,3.44050610971488,Michigan,Lake County,2489.0,49680.0,47526.04870439379,-70041.98731045109,19994.37596785533
28083,Leflore,MS,15.0,11.3,21.5,9.6,21.6,19.0,34.2,38.4,29.0,32.1,28.8,39.6,41.1,23.0,43.9,7.9,42.8,30.3,10.6,32317.0,11577.0,2279.0,0.5978896555992202,0.0,0.61503233592227,0.61503233592227,0.4358077791874246,0.61503233592227,0.61503233592227,0.8034780456106693,37.63394905014393,36900.786551969555,7.052015966828604,Mississippi,Leflore County,8321.0,33188.0,35044.39327598478,-60730.32111468064,18063.20147672188
6059,Orange,CA,9.2,9.0,13.5,4.1,9.3,10.1,28.5,15.5,12.3,19.9,13.1,35.5,23.4,11.3,23.9,3.1,36.0,8.3,4.6,3010232.0,992781.0,39236.0,0.99648365973121,0.0001823779695385,0.0111659167798362,0.1459299482564799,0.0111659167798362,0.0324553057704522,0.0728595005301916,0.2618083921770813,11.612536355882265,100565.02241355483,1.303421131660284,California,Orange County,296493.0,113702.0,107133.51120677742,2399578.9553628545,-25401.547863272117
13247,Rockdale,GA,14.3,11.1,15.3,5.9,14.2,14.7,28.1,23.5,19.9,21.9,20.8,39.2,29.4,14.6,38.9,4.7,42.7,18.2,6.4,85215.0,30027.0,864.0,0.7559349879716012,0.0,0.2792700815584111,0.2792700815584111,0.2792700815584111,0.2759842750689432,0.4009270668309569,0.3358446282931409,15.240200489850915,63924.5938743179,1.013906002464355,Georgia,Rockdale County,10026.0,72349.0,68136.79693715894,-23101.0188017857,5182.588123191606
35006,Cibola,NM,16.4,11.6,19.4,7.3,19.7,14.6,28.6,29.6,24.9,27.8,22.5,36.1,28.7,17.2,39.2,5.5,40.8,20.8,9.0,27213.0,8860.0,2531.0,0.542718553632455,0.0,0.378128100540183,0.4854665049792379,0.2671884760959835,0.417594532025135,0.417594532025135,0.7552640282218057,26.45068706862887,46613.92588101275,9.300701870429574,New Mexico,Cibola County,7041.0,51765.0,49189.462940506375,-58910.27155243078,28081.653521077165
13225,Peach,GA,14.4,10.7,15.8,6.4,15.2,13.4,26.3,21.4,17.5,21.8,18.9,37.7,29.0,14.2,40.4,4.5,41.5,18.1,6.0,27695.0,9958.0,2028.0,0.3586929048564722,0.0,0.0,0.0,0.0,0.4775952337967142,0.8362881386531865,0.5824517060841307,22.44966744697842,52885.21780104712,7.3226214118071855,Georgia,Peach County,4730.0,68365.0,60625.108900523555,-61492.870245318205,17628.349972224227
48203,Harrison,TX,15.1,10.8,16.8,6.9,15.7,11.9,23.8,15.7,12.8,22.4,12.8,34.0,28.7,14.6,39.2,4.2,38.9,16.4,5.8,65631.0,24523.0,1363.0,0.3261111365056147,0.0,0.1394767716475446,0.1394767716475446,0.1394767716475446,0.2202465298410812,0.3815727323977998,0.279517301275312,16.29180511339008,62273.1068397556,2.0767625055233045,Texas,Harrison County,11691.0,66040.0,64156.55341987781,-27454.108447681618,4934.7495830333755
37169,Stokes,NC,10.5,11.0,17.0,7.3,16.5,9.9,22.0,14.5,12.1,18.9,11.7,34.2,24.1,13.0,36.8,3.7,33.0,15.3,4.9,47401.0,19416.0,456.0,0.1452290036075188,0.0,0.2869981645956836,0.2869981645956836,0.1452290036075188,0.2616189531866416,0.2616189531866416,0.4068479567941604,13.774680088729438,57201.059007193944,0.9620050209911184,North Carolina,Stokes County,5280.0,60039.0,58620.029503596976,-39168.171158656696,1766.6778060271427
29047,Clay,MO,8.1,10.3,15.9,5.8,14.1,9.7,19.1,11.3,8.3,16.8,11.2,33.4,23.9,12.2,37.1,3.0,33.9,10.1,4.0,221939.0,87217.0,2646.0,0.8294666552521188,0.0,0.1564168532795047,0.2824289557040448,0.1564168532795047,0.1251605170790172,0.1251605170790172,0.2824289557040448,8.06471861497441,82340.34282843483,1.1922194837320164,Missouri,Clay County,21452.0,86150.0,84245.17141421742,102439.77537514249,-72962.21106409426
30079,Prairie,MT,13.2,11.9,18.8,8.4,19.2,10.2,23.5,18.7,15.4,22.7,14.0,31.9,26.5,14.2,34.0,4.6,34.0,27.1,6.1,1179.0,551.0,21.0,0.0,0.0,0.0,0.0,0.0,0.0,0.0,0.0,11.1535523300229,62202.0,1.7811704834605595,Montana,Prairie County,291.0,45192.0,53697.0,-79384.16959719465,24788.335904435826
48097,Cooke,TX,16.0,10.2,16.2,6.5,14.8,10.8,23.8,15.7,12.8,20.8,12.8,34.0,26.5,13.4,36.2,3.7,38.9,14.8,5.2,38437.0,14513.0,686.0,0.4218591461352343,0.0,0.0511226162291542,0.2617269818143976,0.0511226162291542,0.0938939043109503,0.2638083097015896,0.2617269818143976,14.209112926042195,68774.6016078258,1.7847386632671645,Texas,Cooke County,5872.0,72472.0,70623.30080391289,-45747.60424918904,12294.675050866575
51093,Isle of Wight,VA,8.3,10.9,15.1,5.7,13.3,10.8,21.8,12.9,10.7,17.3,11.6,33.9,22.4,12.3,36.1,3.2,37.2,11.3,4.2,35270.0,13718.0,310.0,0.3943011057555997,0.0,0.0,0.0,0.0,0.1144315282109441,0.1144315282109441,0.1144315282109441,10.078370803693591,85482.37927417069,0.8789339381910972,Virginia,Isle of Wight County,2891.0,96118.0,90800.18963708534,-55043.30106474331,10186.056054514982
40127,Pushmataha,OK,13.0,12.7,22.1,10.1,24.4,13.7,26.9,26.1,24.5,26.3,18.5,35.8,37.2,20.0,39.1,5.5,38.6,20.8,8.0,11572.0,4809.0,110.0,0.0,0.0,0.2620981679917041,0.2620981679917041,0.0,0.7712582094711372,0.7712582094711372,0.7712582094711372,18.36118761577719,48167.11666090563,0.9505703422053232,Oklahoma,Pushmataha County,2508.0,44634.0,46400.55833045281,-71084.49145011553,21098.408947223787
31009,Blaine,NE,8.6,9.7,13.3,6.0,15.5,9.4,20.8,12.4,9.5,15.8,9.7,31.2,26.3,11.1,38.8,3.1,33.6,10.0,4.1,478.0,196.0,0.0,0.0,0.0,1.0,1.0,1.0,1.0,0.0,1.0,12.5,54732.0,0.0,Nebraska,Blaine County,41.0,61250.0,57991.0,-80036.93971950724,25128.1238961051
27043,Faribault,MN,9.9,10.4,15.6,6.0,17.1,9.7,22.5,14.8,11.2,18.0,11.9,33.3,26.7,12.1,37.8,3.6,30.6,14.6,4.7,14553.0,6236.0,336.0,0.229712086854944,0.0,0.1690373118944547,0.1690373118944547,0.0,0.0,0.0,0.4990036418607847,11.595259058298629,66978.73503744933,2.3088023088023086,Minnesota,Faribault County,1609.0,64391.0,65684.86751872467,-67507.4576887905,18125.18517972409
29103,Knox,MO,11.4,11.3,22.0,9.9,22.2,11.6,21.2,18.5,16.2,24.8,14.8,32.5,33.0,17.0,39.8,4.7,38.7,18.6,6.2,4131.0,1708.0,87.0,0.0,0.0,0.4899540062938756,0.4899540062938756,0.0,0.0,0.0,1.0,19.13305318051104,55082.20793996611,2.1060275962236745,Missouri,Knox County,537.0,53333.0,54207.60396998306,-76634.79199251861,23181.235649021935
46083,Lincoln,SD,6.8,9.5,11.7,4.5,11.6,8.1,23.8,15.7,12.8,12.0,12.8,34.0,17.3,8.5,34.8,2.3,26.9,12.7,3.1,44828.0,16649.0,284.0,0.6590746854644418,0.0,0.0,0.0,0.0,0.0,0.0,0.0,3.802013285029286,95457.85839207638,0.6335326135451057,South Dakota,Lincoln County,3902.0,96552.0,96004.9291960382,-43112.43084134805,1583.863826855275
48281,Lampasas,TX,15.6,10.2,16.1,6.3,14.3,11.0,23.8,15.7,12.8,20.4,12.8,34.0,26.1,13.0,34.8,3.7,41.2,11.5,5.2,19677.0,7539.0,222.0,0.1867154545916552,0.0,0.1867154545916552,0.1867154545916552,0.1867154545916552,0.1867154545916552,0.1867154545916552,0.1867154545916552,11.136515398947628,70863.58692890176,1.1282207653605734,Texas,Lampasas County,2022.0,76919.0,73891.29346445088,-62769.14627091547,18932.21823232314
34041,Warren,NJ,9.8,9.3,12.4,4.7,11.7,8.0,23.6,12.3,7.1,15.3,11.4,34.4,23.6,9.3,32.3,2.7,37.5,8.6,3.8,108692.0,41480.0,1968.0,0.5383284878371913,0.0,0.1160158981341773,0.209445037353255,0.1160158981341773,0.2071265594523976,0.4536028410554594,0.2543609465278033,7.797784507888991,96181.75969712582,1.8106208368601184,New Jersey,Warren County,8827.0,99596.0,97888.87984856292,9043.481803268354,-24212.033602456937
27003,Anoka,MN,7.8,9.9,13.6,4.6,13.5,9.3,24.9,12.1,7.9,15.3,10.7,32.2,23.9,9.9,35.8,2.8,30.1,6.8,3.6,330844.0,121227.0,3009.0,0.8347620026356832,0.0,0.1350787682412254,0.2966322496403138,0.1350787682412254,0.1076519447231928,0.1880795782906747,0.302837591130563,6.152093557830513,93438.16315544488,0.9094920869050068,Minnesota,Anoka County,24172.0,98764.0,96101.08157772243,181210.72668592975,-125860.7218435934
31013,Box Butte,NE,11.2,9.4,13.7,6.1,15.3,10.4,22.0,14.8,10.5,17.7,11.5,31.2,28.7,11.8,39.0,3.4,31.6,14.7,4.7,11308.0,4738.0,186.0,0.800229925716307,0.0,0.0,0.0,0.0,0.0,0.4273081004598514,0.0,12.014363351430625,73620.57463742483,1.6448532012734347,Nebraska,Box Butte County,1055.0,68778.0,71199.28731871242,-70508.12227416648,20731.314271676958
20127,Morris,KS,9.1,10.2,15.7,6.5,16.0,9.6,21.5,12.6,7.6,17.6,11.1,30.7,27.1,12.3,36.9,3.3,34.8,14.3,4.2,5923.0,2554.0,66.0,0.0,0.0,0.0,0.0,0.0,0.0,0.0,0.4247847374641229,9.324988616033872,66212.08661151443,1.1143001857166976,Kansas,Morris County,677.0,56716.0,61464.043305757215,-75241.00622740835,22379.18445583188
18103,Miami,IN,10.1,11.2,17.5,8.6,19.5,12.5,25.0,17.2,10.7,22.6,13.2,34.6,27.2,14.5,44.2,4.0,38.1,13.4,5.3,36903.0,13456.0,3416.0,0.4438392542611711,0.0,0.2095222610627862,0.4438392542611711,0.2095222610627862,0.0,0.0,0.5197951386066173,17.72469171078673,57955.87860065577,9.256699997290193,Indiana,Miami County,5083.0,61130.0,59542.93930032788,-48020.73901840832,7327.907986634476
6095,Solano,CA,9.4,10.1,14.6,4.6,11.3,10.5,29.2,17.1,14.9,20.3,15.0,37.4,24.3,12.2,31.2,3.4,38.1,10.1,5.0,413344.0,141758.0,12452.0,0.923117306650151,0.0188946736858403,0.0367925989006735,0.1820759464271889,0.0367925989006735,0.0318233723000696,0.0608790740884106,0.2650092900828366,10.22363105972054,88520.59102345745,3.0125029031508865,California,Solano County,42767.0,99994.0,94257.29551172872,218798.0629717455,-141.25075509411909
18067,Howard,IN,8.7,11.8,16.3,7.8,18.6,11.8,22.6,15.6,9.8,21.0,12.5,31.8,26.4,13.5,36.8,3.6,38.1,24.5,4.9,82752.0,34301.0,1282.0,0.666715003866976,0.0,0.2320668986852281,0.4103828306264501,0.2320668986852281,0.339302977571539,0.4069508894044857,0.4103828306264501,16.09292954072519,63082.6255437935,1.5492072699149266,Indiana,Howard County,10292.0,62496.0,62789.31277189675,-9607.132304589511,-14036.329261393428
56031,Platte,WY,13.0,10.5,15.7,6.6,15.8,9.6,23.8,15.7,12.8,19.0,12.8,34.0,26.5,12.3,36.0,3.5,34.5,12.0,4.7,8667.0,3838.0,103.0,0.0,0.0,0.2413753317180108,0.2413753317180108,0.0,0.0,0.0,0.2413753317180108,11.508788856322898,66360.78931579554,1.1884158301603782,Wyoming,Platte County,864.0,66299.0,66329.89465789776,-72752.24260432927,21240.78522213552
26087,Lapeer,MI,7.6,11.4,15.6,7.2,16.2,9.3,23.2,14.0,13.1,17.8,11.5,31.7,23.9,11.8,35.0,3.2,35.7,17.0,4.3,88319.0,32776.0,1716.0,0.1951448725642274,0.0107791075533011,0.1102933683578844,0.1589239008593847,0.1102933683578844,0.1283868703223541,0.1283868703223541,0.274369048562597,10.056784638125146,69366.135610684,1.942956781666459,Michigan,Lapeer County,8509.0,76228.0,72797.067805342,-3263.024605000741,-18758.078622482262
54005,Boone,WV,9.7,12.6,21.2,9.8,22.4,13.1,24.8,18.6,20.7,25.9,14.5,34.6,34.5,16.7,46.2,4.3,44.0,24.5,5.5,24629.0,9928.0,131.0,0.0,0.0,0.0,0.0,0.0,0.4205611271265581,0.7429859109180235,0.6775752162085347,24.0871105571934,48139.368508668646,0.5318932965203622,West Virginia,Boone County,3642.0,56152.0,52145.68425433432,-57396.52461326645,12168.919735859945
27027,Clay,MN,7.3,10.4,13.8,5.1,14.6,9.3,21.4,12.4,9.2,15.4,10.2,31.4,22.1,10.3,34.1,3.1,32.8,11.3,3.9,58999.0,22279.0,3743.0,0.6818590145595688,0.0,0.0,0.2686655706028916,0.0,0.1261546805878065,0.2907676401294937,0.2686655706028916,13.018125040310654,81401.96528754725,6.344175325005509,Minnesota,Clay County,9003.0,77664.0,79532.98264377363,-30725.360956161312,-3279.1249310423154
23013,Knox,ME,8.2,12.1,15.2,6.3,14.3,8.0,23.8,10.0,13.0,15.3,10.2,31.9,19.4,10.4,28.8,2.9,31.0,18.3,3.8,39736.0,17258.0,1361.0,0.3056925709683913,0.0,0.0,0.0704902355546607,0.0,0.0,0.1131467686732434,0.0704902355546607,11.107447442833134,68239.18766357962,3.4251056976041876,Maine,Knox County,3424.0,71903.0,70071.09383178981,-46215.60670905412,4058.4616178691795
45051,Horry,SC,13.0,9.3,15.5,6.7,15.1,10.9,23.5,16.6,9.6,18.8,13.1,31.4,23.1,12.7,32.4,3.6,36.6,11.8,4.9,269291.0,112225.0,2952.0,0.6350082253027394,0.0,0.1150762557976315,0.190418543508695,0.1150762557976315,0.1144932433686978,0.1597528324377717,0.3404681181324292,16.774427913426724,57225.95232295175,1.0962119045939152,South Carolina,Horry County,46454.0,64623.0,60924.476161475875,152122.8043159561,-81605.81710747257
23007,Franklin,ME,8.8,13.4,18.2,7.4,16.6,8.8,25.1,13.4,17.9,18.8,13.2,36.8,23.7,11.8,35.2,3.4,37.1,14.0,4.4,30768.0,13000.0,1110.0,0.2522100884035361,0.0,0.0,0.0,0.0,0.0,0.2522100884035361,0.2075208008320332,12.062594545079918,60590.207748309935,3.6076443057722303,Maine,Franklin County,3403.0,58522.0,59556.10387415497,-53194.275411309616,9098.906171730936
26109,Menominee,MI,7.5,11.7,16.5,7.8,17.4,9.9,24.3,15.6,14.9,19.2,12.2,34.3,25.0,12.8,38.9,3.5,37.3,9.5,4.6,24029.0,10474.0,382.0,0.31366265762204,0.0,0.1482375462982229,0.1482375462982229,0.1482375462982229,0.1482375462982229,0.4371800740771567,0.5682716717299929,12.951153645438406,58569.84422988888,1.5897457239169337,Michigan,Menominee County,2780.0,55688.0,57128.922114944435,-59323.85986978561,12899.280611327416
30025,Fallon,MT,9.5,11.2,15.4,6.2,14.7,8.3,22.5,11.8,8.4,17.4,9.8,31.3,22.0,11.1,31.4,3.2,33.9,10.0,4.1,2890.0,1233.0,34.0,0.0,0.0,0.0,0.0,0.0,0.0,0.0,0.0,9.72222222222222,81023.0,1.1764705882352942,Montana,Fallon County,332.0,72284.0,76653.5,-78024.10813692362,23832.316924179762
48193,Hamilton,TX,15.6,10.2,16.8,7.1,16.0,11.0,23.8,15.7,12.8,21.5,12.8,34.0,27.4,13.9,36.6,3.9,40.1,15.9,5.4,8517.0,3442.0,254.0,0.4049547962897734,0.0,0.4049547962897734,0.4049547962897734,0.4049547962897734,0.0,0.0,0.4049547962897734,16.192630189714823,62452.79722907127,2.9822707526124224,Texas,Hamilton County,1489.0,55339.0,58895.89861453563,-72518.12980441781,21715.225615137482
19187,Webster,IA,8.3,10.2,14.9,6.6,17.1,10.1,24.9,14.1,11.6,18.0,11.1,34.8,26.6,11.6,42.2,3.4,37.7,12.6,4.3,38013.0,15580.0,2627.0,0.6760055770394339,0.0,0.1689948175624128,0.2308157735511535,0.1689948175624128,0.1295346328887485,0.4114644989871886,0.3130771052008523,15.925709001450135,59254.326756635885,6.910793675847736,Iowa,Webster County,3994.0,68054.0,63654.16337831794,-46826.45861507068,7004.318971972556
5063,Independence,AR,12.1,10.5,20.0,8.3,17.8,11.4,27.5,19.2,12.0,24.2,14.7,35.0,34.1,15.9,42.0,4.3,40.8,19.5,5.9,36647.0,14391.0,900.0,0.0772232379185199,0.0,0.2170436870685185,0.2170436870685185,0.0772232379185199,0.0,0.3554997680574126,0.2170436870685185,17.318483740881987,52961.7628728136,2.4558626899882663,Arkansas,Independence County,7287.0,56009.0,54485.381436406795,-46671.86987496547,8906.590478034035
55075,Marinette,WI,8.4,11.2,15.0,6.3,16.6,9.9,21.1,13.4,14.5,17.8,10.8,31.1,27.5,12.2,37.6,3.4,33.1,13.7,4.3,41749.0,17974.0,1073.0,0.2764617116577642,0.0,0.3375649716160866,0.4460226592253706,0.1680040240484802,0.2764617116577642,0.2764617116577642,0.6365900979664184,13.225773827313583,59252.33102589283,2.570121440034492,Wisconsin,Marinette County,3713.0,63401.0,61326.66551294642,-43153.47215038084,3290.441411416741
19119,Lyon,IA,7.8,10.4,14.8,6.1,16.6,9.8,24.1,11.0,9.0,17.4,9.3,33.3,26.0,11.4,42.6,3.0,31.7,10.0,3.8,11581.0,4442.0,161.0,0.0,0.0,0.0,0.0,0.0,0.0,0.0,0.0,4.86846432293187,74083.0648475952,1.3902080994732753,Iowa,Lyon County,634.0,72881.0,73482.0324237976,-70416.5194120795,19150.84927258661
18037,Dubois,IN,9.4,10.9,15.4,7.0,15.7,10.7,23.7,13.2,7.4,19.3,10.8,33.4,23.7,12.1,39.9,3.2,33.9,12.5,4.3,41889.0,16133.0,893.0,0.5836615817995178,0.0,0.0,0.1311800233951634,0.0,0.0,0.0,0.1311800233951634,10.845563945761244,72318.94585690754,2.1318245840196712,Indiana,Dubois County,4055.0,71918.0,72118.47292845376,-44005.4157898155,5193.743024262669
53065,Stevens,WA,8.7,12.2,16.8,6.4,14.5,9.1,23.8,15.7,12.8,18.4,12.8,34.0,19.6,12.7,34.1,3.7,32.1,16.4,4.8,43531.0,17316.0,266.0,0.2918839447749879,0.0,0.432266660540764,0.4862971215915095,0.1675128069651512,0.1675128069651512,0.0,0.7692219337943075,15.658753082293703,60298.229859180814,0.6110587856929545,Washington,Stevens County,6072.0,67405.0,63851.6149295904,-42327.45425352846,5247.213556755116
8037,Eagle,CO,11.8,10.2,13.2,4.5,9.9,7.5,23.8,15.7,12.8,14.0,12.8,34.0,15.9,9.0,23.6,2.6,28.7,11.1,3.9,52197.0,19236.0,55.0,0.3701170565358162,0.0,0.0,0.0,0.0,0.0,0.0,0.0,7.272660552175635,93513.788436117,0.1053700404237791,Colorado,Eagle County,4553.0,103174.0,98343.8942180585,-33118.77372998259,14863.576304671851
2070,Dillingham,AK,13.4,12.6,18.7,8.2,25.7,12.5,31.6,27.4,20.0,26.5,20.9,36.7,29.3,17.0,38.5,5.1,37.8,19.7,8.4,4847.0,1563.0,52.0,0.0,0.0,0.5087683102950279,0.5087683102950279,0.5087683102950279,0.5087683102950279,1.0,0.5087683102950279,16.92797251888931,61344.823602228185,1.0728285537445843,Alaska,Dillingham Census Area,774.0,74250.0,67797.4118011141,-78228.45648270844,25237.60778219725
13013,Barrow,GA,14.9,9.8,15.5,6.2,14.7,11.6,24.7,17.4,12.8,19.9,14.6,38.2,27.8,12.9,34.8,3.7,38.0,9.1,5.2,69367.0,23971.0,289.0,0.6359075641155016,0.0,0.311315178687272,0.3461444202574711,0.311315178687272,0.0,0.0,0.4730203122522237,12.17595843347513,64502.59160696008,0.4166246197759741,Georgia,Barrow County,8797.0,77477.0,70989.79580348004,-20932.74554785448,65.98297970828571
48337,Montague,TX,15.0,10.5,16.9,7.0,16.1,10.5,23.8,15.7,12.8,20.9,12.8,34.0,26.6,13.6,35.0,3.7,38.7,14.0,5.1,19719.0,7989.0,266.0,0.4183782139053704,0.0,0.274456108321923,0.4183782139053704,0.274456108321923,0.0,0.0,0.4183782139053704,14.239115230386629,57870.13170039048,1.348952786652467,Texas,Montague County,2739.0,62818.0,60344.06585019524,-62340.94698492529,16814.526596099462
46097,Miner,SD,9.5,10.1,14.9,6.2,16.9,9.7,23.8,15.7,12.8,16.7,12.8,34.0,24.2,11.2,36.2,3.2,31.6,15.4,4.3,2389.0,1032.0,80.0,0.0,0.0,0.0,0.0,0.0,0.0,0.0,0.0,9.06593406593407,64643.0,3.3486814566764336,South Dakota,Miner County,229.0,72589.0,68616.0,-78350.17487161708,24102.457816428723
51740,Portsmouth,VA,10.9,12.3,17.8,7.1,16.7,14.9,25.6,22.9,21.5,23.5,19.0,38.4,29.7,16.5,41.0,5.0,43.4,16.7,6.6,95535.0,37324.0,3416.0,1.0,0.000816454702465,0.0988852253100957,0.4791647040351703,0.0988852253100957,0.1880567331344533,0.2857696132307531,0.5640655257235568,16.817894727651794,62333.34231433506,3.5756529020777728,Virginia,Portsmouth city,16612.0,58972.0,60652.671157167526,-21180.965118821165,-2360.767754009412
13015,Bartow,GA,13.7,10.0,15.4,6.4,15.1,10.8,23.7,15.2,11.7,19.7,13.3,36.4,25.6,12.6,38.4,3.6,37.1,9.8,4.9,100157.0,35782.0,990.0,0.3886797727567718,0.0,0.2318659704264305,0.2318659704264305,0.2318659704264305,0.4323711772517148,0.5163892688479088,0.5295585930089759,13.039360238749278,63199.3204169454,0.9884481364258116,Georgia,Bartow County,11092.0,79431.0,71315.16020847269,6855.571662672446,-14370.445725019836
29001,Adair,MO,8.8,10.8,18.7,7.9,17.6,10.9,19.2,14.6,12.4,20.8,12.8,30.5,29.8,14.7,38.9,3.9,39.4,22.1,5.1,25607.0,9877.0,2900.0,0.5816378334049284,0.1010270629124848,0.2764478462920295,0.5816378334049284,0.2764478462920295,0.2764478462920295,0.2764478462920295,0.5816378334049284,29.70239331893549,63004.247080876325,11.32502831257078,Missouri,Adair County,4942.0,56583.0,59793.62354043816,-57537.084292546126,12819.443868978467
48245,Jefferson,TX,19.3,10.6,17.3,7.0,16.2,14.2,23.8,15.7,12.8,25.8,12.8,34.0,31.3,16.6,41.2,5.0,41.2,18.7,7.1,252273.0,93441.0,15983.0,0.8702358159612801,0.0325441089613236,0.2290375902296322,0.468092106567092,0.2290375902296322,0.2017972593182782,0.2903085149817856,0.507676207917613,18.034937390039858,62030.992563611646,6.335596754309815,Texas,Jefferson County,44758.0,59934.0,60982.49628180583,106789.68202880709,-22401.04384579485
38063,Nelson,ND,7.6,9.9,12.8,5.3,13.9,8.6,21.4,10.6,6.3,15.3,9.3,29.6,21.2,10.1,39.8,2.9,33.8,11.2,3.8,3126.0,1474.0,80.0,0.0,0.0,0.0,0.0,0.0,0.0,0.0,0.0,10.524463217177098,73068.0,2.5591810620601407,North Dakota,Nelson County,288.0,68051.0,70559.5,-77791.6159100795,23693.770394007737
16085,Valley,ID,9.7,10.9,16.3,6.3,13.3,9.2,19.7,13.0,9.7,17.5,10.8,28.6,22.6,13.2,33.3,3.5,33.8,12.4,4.6,9862.0,4393.0,66.0,0.0,0.0,0.0,0.0,0.0,0.0,0.4656256337456905,0.0,9.962133844314392,67230.97120259583,0.6692354491989454,Idaho,Valley County,1702.0,76125.0,71677.98560129791,-71540.22822976558,20550.263808750417
41039,Lane,OR,8.3,12.3,16.0,6.5,13.0,9.3,23.8,15.7,12.8,18.3,12.8,34.0,18.6,11.9,35.2,3.4,31.9,10.2,4.5,351715.0,145966.0,8530.0,0.7694752853873165,0.0112932345791336,0.1565756365238901,0.3493908420169739,0.1434200986594259,0.1365338413203872,0.2231295224826919,0.4976898909628534,18.643584264843852,65121.637425188,2.4252590876135507,Oregon,Lane County,57161.0,69311.0,67216.318712594,234077.5755693934,-118150.33919856051
28027,Coahoma,MS,15.6,11.5,21.8,9.8,22.0,19.5,34.4,39.3,30.5,32.7,29.8,38.8,42.1,23.6,47.1,8.2,47.0,27.3,11.0,26151.0,9461.0,667.0,0.4600971282168942,0.0,0.3663722228595464,0.5703414783373485,0.2102022867194371,0.4913005238805399,0.4913005238805399,0.741195365377997,33.131962182929534,38056.034989101754,2.550571679859279,Mississippi,Coahoma County,7331.0,36259.0,37157.51749455088,-64707.20728537944,19185.190909337252
37099,Jackson,NC,10.6,11.1,16.9,7.4,16.1,10.9,21.7,15.7,13.1,19.3,12.6,34.1,24.2,13.7,36.7,3.9,34.0,15.3,5.3,40271.0,16446.0,3574.0,0.1048893744878448,0.0,0.0,0.0,0.0,0.4091778202676864,0.5140671947555313,0.6286906210424374,20.4213913184658,61206.20128628542,8.874872737205433,North Carolina,Jackson County,7575.0,53479.0,57342.60064314271,-46923.22754291816,9090.217098580968
19163,Scott,IA,7.2,10.6,13.3,5.8,14.3,9.4,23.9,13.3,11.1,16.8,11.2,34.2,23.2,10.6,40.6,3.0,35.5,9.6,3.9,165224.0,66765.0,3334.0,0.82966155038009,0.0,0.0532065559482883,0.2856243644991042,0.0532065559482883,0.0797886505592408,0.1338183314772672,0.3151963395148404,12.380084453481365,76225.59601510677,2.0178666537549024,Iowa,Scott County,19837.0,76363.0,76294.29800755339,57137.178459337505,-47226.24757845982
55013,Burnett,WI,8.7,11.3,15.3,6.6,17.0,10.0,20.4,13.9,15.2,18.2,11.3,32.0,28.2,12.3,38.8,3.5,34.2,10.4,4.6,15457.0,6807.0,139.0,0.0,0.0,0.2445493950960729,0.2445493950960729,0.0,0.0,0.0,0.7515688684738306,13.574983818732584,59203.86407452934,0.8992689396389986,Wisconsin,Burnett County,2178.0,61664.0,60433.93203726467,-67131.33659947426,17722.048253602785
47167,Tipton,TN,11.9,11.3,18.7,7.8,19.0,12.3,23.8,15.7,12.8,22.6,12.8,34.0,27.1,15.1,43.6,3.9,41.7,16.7,5.3,61081.0,21617.0,962.0,0.0853293168088276,0.0,0.0538137882483914,0.1391431050572191,0.0,0.0,0.1320050424845696,0.1899772433326239,14.26916152458837,64790.53229318446,1.574957842864393,Tennessee,Tipton County,7004.0,71736.0,68263.26614659223,-32028.83631757638,-1757.3486315928167
31025,Cass,NE,8.1,9.2,11.8,5.1,13.0,8.6,19.9,10.1,7.0,13.4,8.5,29.0,23.8,9.7,39.6,2.6,29.6,12.0,3.5,25241.0,9698.0,297.0,0.1784794580246424,0.0,0.1784794580246424,0.1784794580246424,0.1784794580246424,0.0,0.1468246107523473,0.1784794580246424,6.451835012814613,84621.67287349947,1.176657026266788,Nebraska,Cass County,1291.0,88255.0,86438.33643674973,-59060.547226259834,12086.647430012717
1073,Jefferson,AL,9.3,9.9,15.8,6.2,14.1,13.5,25.0,20.8,15.2,20.3,16.0,39.0,27.4,14.9,37.6,4.2,38.4,14.5,5.5,658466.0,263568.0,15774.0,0.8565924436493304,0.0,0.2854999346967041,0.4165864296713877,0.2854999346967041,0.2714840249914194,0.3455106262130467,0.4500703149441277,17.550612693248688,71751.30882384208,2.395567880498006,Alabama,Jefferson County,106524.0,64589.0,68170.15441192104,363914.5966784822,-191965.1054619058
48297,Live Oak,TX,25.6,9.7,18.5,7.4,17.2,14.2,23.8,15.7,12.8,28.0,12.8,34.0,33.7,16.9,40.1,5.2,40.6,25.2,7.8,11531.0,4257.0,1164.0,0.0,0.0,0.0,0.0,0.0,0.0,0.0,0.1881016390599254,16.19935501135228,60055.56100945278,10.094527794640536,Texas,Live Oak County,1702.0,53869.0,56962.28050472639,-68894.36526155796,22810.31741659751
45025,Chesterfield,SC,16.3,10.5,18.7,8.5,18.4,14.8,27.7,28.0,18.8,25.5,19.9,35.1,32.9,17.5,45.0,5.4,40.1,22.8,7.3,46734.0,18173.0,874.0,0.1315102494971541,0.0,0.205182522360594,0.205182522360594,0.0,0.7003894380964608,0.8318996875936149,0.8081268455514187,22.648563045087258,47073.20961184576,1.8701587709162495,South Carolina,Chesterfield County,8685.0,47620.0,47346.60480592288,-43961.13952747923,8596.98868054552
48357,Ochiltree,TX,26.6,9.5,17.8,6.8,15.2,13.5,23.8,15.7,12.8,26.6,12.8,34.0,33.5,16.2,39.6,4.8,38.2,13.0,7.5,10223.0,3617.0,54.0,0.835958133620268,0.0,0.0,0.4638560109556882,0.0,0.0,0.0,0.4638560109556882,11.918346920637113,60432.59522645016,0.528220678861391,Texas,Ochiltree County,1516.0,64988.0,62710.29761322508,-69318.1500361596,24539.863491662574
20175,Seward,KS,25.1,9.1,17.6,6.1,15.4,13.6,26.7,24.5,12.7,26.0,21.1,34.5,38.1,15.8,43.4,4.6,39.7,15.0,7.3,22952.0,7460.0,476.0,0.8955646566747996,0.0,0.2963140467061694,0.8013680724991287,0.191878703380969,0.0,0.1986319275008713,0.8013680724991287,16.734632521543777,51654.61990240502,2.0738933426280934,Kansas,Seward County,2762.0,62269.0,56961.80995120251,-55991.12870727816,27524.409553048325
31071,Garfield,NE,7.7,9.3,12.0,5.4,13.6,8.6,19.5,10.4,7.5,14.0,8.4,29.8,23.7,10.0,39.7,2.8,30.8,6.5,3.6,2049.0,935.0,30.0,0.0,0.0,0.0,0.0,0.0,0.0,0.0,1.0,7.548152004164501,56707.0,1.4641288433382138,Nebraska,Garfield County,201.0,68611.0,62659.0,-78622.09411847545,24255.067649611654
26019,Benzie,MI,6.2,11.3,14.5,6.5,14.1,8.9,21.7,11.9,11.0,16.1,10.0,32.3,21.1,10.8,35.4,2.9,31.6,9.9,3.8,17525.0,7298.0,252.0,0.0,0.0,0.0,0.0,0.0,0.0,0.0,0.0,9.480455557184232,67261.33974322397,1.4379457917261056,Michigan,Benzie County,1824.0,72603.0,69932.16987161199,-65276.72217300171,16196.148856196585
46127,Union,SD,7.9,9.7,12.4,4.9,13.0,8.6,23.8,15.7,12.8,13.7,12.8,34.0,19.9,9.2,31.0,2.6,32.1,13.9,3.5,14399.0,5756.0,89.0,0.0,0.0,0.0,0.0,0.0,0.0,0.0,0.0,7.089636989312908,94225.37273421766,0.6180984790610459,South Dakota,Union County,1218.0,84137.0,89181.18636710884,-68297.98145415017,17905.112150593166
38041,Hettinger,ND,7.7,10.5,13.7,5.8,15.3,8.9,22.4,11.8,7.3,16.3,10.1,31.4,23.0,10.5,37.9,3.1,34.2,11.2,4.0,2477.0,1056.0,169.0,0.0,0.0,0.4578118691966088,0.4578118691966088,0.4578118691966088,0.4578118691966088,0.0,0.4578118691966088,9.372435948741508,68142.36859103755,6.82276947920872,North Dakota,Hettinger County,215.0,70827.0,69484.68429551877,-78321.35067580067,24063.662307014893
17157,Randolph,IL,9.7,10.5,15.5,7.3,16.8,10.5,27.3,16.9,16.3,20.1,14.1,35.8,24.6,12.9,39.1,3.7,38.5,18.9,4.8,33476.0,12314.0,4298.0,0.4616740351296451,0.0,0.1308400047795435,0.1308400047795435,0.1308400047795435,0.1308400047795435,0.2221591588003345,0.3192735093798542,13.280793065234931,68303.97168120445,12.839048870832832,Illinois,Randolph County,3343.0,68870.0,68586.98584060222,-53091.93948921772,9180.55792214735
18059,Hancock,IN,7.0,11.0,13.5,5.8,13.6,9.5,21.4,10.1,5.5,16.6,9.1,30.1,19.8,10.5,39.5,2.6,34.9,11.7,3.5,70002.0,26304.0,649.0,0.4962429644867289,0.0,0.139038884603297,0.139038884603297,0.139038884603297,0.0,0.2289648867175223,0.139038884603297,7.23441229870723,83383.4860289706,0.9271163681037684,Indiana,Hancock County,3642.0,91326.0,87354.7430144853,-22087.908394293117,-11419.460614907835
13049,Charlton,GA,21.3,10.0,18.8,8.5,20.1,15.4,28.6,26.2,21.8,27.8,20.7,39.6,33.9,17.1,41.4,5.7,42.8,25.0,7.8,12171.0,3927.0,1791.0,0.0,0.0,0.7665762878974611,0.7665762878974611,0.0,0.7665762878974611,0.7665762878974611,0.7665762878974611,24.702487035380333,51259.90534877989,14.715306877002712,Georgia,Charlton County,2697.0,48534.0,49896.95267438995,-70859.26558303011,20575.963020160758
30073,Pondera,MT,12.3,12.5,18.7,8.2,19.9,10.5,23.8,19.7,15.1,23.1,14.6,33.9,27.1,14.8,37.5,4.5,34.3,19.1,6.1,6153.0,2285.0,645.0,0.0,0.0,0.3874532748252884,0.3874532748252884,0.0,0.0,0.0,0.3874532748252884,19.971959417554277,63535.12790508695,10.482691370063383,Montana,Pondera County,1348.0,53500.0,58517.563952543474,-75336.42788457812,22704.066470038924
33007,Coos,NH,9.4,11.6,16.0,7.1,15.6,9.4,24.6,14.4,11.3,18.1,11.6,34.3,25.6,12.1,36.1,3.5,33.6,14.3,4.7,33055.0,14171.0,1467.0,0.2279231583724096,0.0,0.2887006504310996,0.2887006504310996,0.2279231583724096,0.2279231583724096,0.2279231583724096,0.8362426259264861,13.328415161037135,58765.42553320224,4.438057782483739,New Hampshire,Coos County,3782.0,58439.0,58602.21276660112,-51562.24689180762,7854.597638033571
19069,Franklin,IA,10.7,10.1,15.8,7.0,17.4,10.9,25.3,16.0,13.4,20.1,12.6,33.9,28.2,12.6,40.9,3.7,36.2,15.2,5.0,10680.0,4332.0,198.0,0.4421348314606741,0.0,0.0,0.4421348314606741,0.0,0.0,0.0,0.4421348314606741,12.8551455854556,63928.94747191011,1.853932584269663,Iowa,Franklin County,1481.0,63648.0,63788.473735955056,-70592.22716010973,20829.331458468205
17039,De Witt,IL,8.2,10.5,14.6,6.8,15.5,9.6,24.6,13.9,13.4,18.0,11.7,34.0,22.5,12.0,37.9,3.3,37.7,16.1,4.3,16561.0,6811.0,249.0,0.43620554314353,0.0,0.0,0.43620554314353,0.0,0.0,0.0,0.43620554314353,11.172818746868902,69604.10669645552,1.503532395386752,Illinois,De Witt County,1535.0,64802.0,67203.05334822775,-66130.12864349362,16684.01737482674
5005,Baxter,AR,10.7,10.5,19.6,8.3,17.9,10.3,25.9,17.3,11.1,23.2,13.6,34.8,29.8,15.2,38.2,4.2,37.4,19.2,5.6,41513.0,18748.0,595.0,0.3432659648784718,0.0,0.0,0.0,0.0,0.0,0.0,0.2192807072483318,13.945610361252676,50920.126201430874,1.4332859586153734,Arkansas,Baxter County,6029.0,48427.0,49673.56310071544,-42620.081002459345,3586.417982586936
13059,Clarke,GA,13.2,10.5,15.3,6.7,14.4,13.3,23.2,19.3,17.1,21.3,16.2,36.2,27.4,14.0,33.7,4.6,34.8,16.2,6.2,116714.0,45414.0,9183.0,0.9338811110920712,0.0607467827338622,0.4495690319927344,0.6032695306475658,0.4495690319927344,0.3407988758846411,0.4345922511438216,0.6450382987473654,34.83417834451609,59661.631766540435,7.867950717137618,Georgia,Clarke County,30727.0,52267.0,55964.31588327022,12427.936615273167,-5721.2966607857525
31179,Wayne,NE,9.6,9.2,12.9,5.8,14.3,10.0,20.4,12.7,9.4,15.5,10.4,31.0,26.3,10.8,41.0,3.2,34.2,12.1,4.3,9595.0,3507.0,1262.0,0.6161542470036477,0.0,0.0,0.6161542470036477,0.0,0.0,0.0,0.6161542470036477,15.38310767149576,77473.1444502345,13.152683689421572,Nebraska,Wayne County,1091.0,67687.0,72580.07222511724,-72336.6181658178,20659.173399697524
55069,Lincoln,WI,8.5,11.1,15.0,6.4,16.3,9.5,20.6,13.4,14.3,18.3,10.9,32.7,27.6,12.3,42.1,3.4,34.3,13.7,4.4,28743.0,12094.0,560.0,0.3176077653689594,0.0,0.0,0.1008245485857426,0.0,0.0,0.2167832167832167,0.1008245485857426,9.209097301597184,71250.11922902967,1.9483004557631425,Wisconsin,Lincoln County,2925.0,67726.0,69488.05961451484,-55838.7982076855,9908.355066404898
2195,Petersburg,AK,10.3,10.0,13.7,5.6,15.3,8.5,25.8,12.9,8.5,17.1,11.3,32.8,20.4,10.6,30.8,3.0,33.3,11.7,4.2,3815.0,1599.0,43.0,0.0,0.0,0.0,0.0,0.0,0.0,1.0,0.0,8.23565700185071,78482.0,1.127129750982962,Alaska,Petersburg Borough,188.0,77026.0,77754.0,-77856.24759870207,24079.770045787205
40139,Texas,OK,21.9,10.2,18.6,7.0,16.2,13.2,28.0,25.7,19.2,25.1,19.5,34.8,37.5,17.5,44.5,4.8,36.8,16.3,7.7,20640.0,7212.0,572.0,0.5843992248062015,0.0,0.3510174418604651,0.3510174418604651,0.3510174418604651,0.0,0.0,0.3510174418604651,17.751973465200983,61839.79578488372,2.7713178294573644,Oklahoma,Texas County,3787.0,59275.0,60557.39789244186,-59959.17683097038,24294.8154854312
18109,Morgan,IN,8.1,11.1,15.5,7.3,16.4,10.9,22.5,12.8,7.2,18.6,10.5,33.5,23.1,12.1,37.3,3.1,35.7,10.7,4.1,68894.0,25765.0,592.0,0.5263448195779022,0.0,0.0566812784857897,0.1654861090951316,0.0566812784857897,0.0,0.0697448253839231,0.2161291259035619,11.251305347921567,73173.32984004413,0.8592910848549946,Indiana,Morgan County,6064.0,79088.0,76130.66492002207,-20772.82534714089,-11581.604169870905
32003,Clark,NV,15.7,10.1,16.3,6.3,14.8,11.1,28.6,19.6,16.5,21.8,17.5,37.8,26.5,14.2,31.2,3.9,41.4,11.3,5.9,1951269.0,715365.0,21992.0,0.9671926320768688,0.0058936005235567,0.0618730682443066,0.2607123876820674,0.0618730682443066,0.1181405536602077,0.1611464129241022,0.3744568278387039,14.803312830270336,67559.41339764021,1.1270614149048646,Nevada,Clark County,299896.0,73845.0,70702.20669882011,1574767.8726806263,-114024.24244565584
1023,Choctaw,AL,11.8,11.1,19.5,8.5,19.1,15.0,29.0,27.3,22.4,27.5,19.8,38.6,33.5,18.4,44.5,5.5,43.1,22.1,7.2,13859.0,5866.0,129.0,0.0,0.0,0.4009668807273252,0.4009668807273252,0.0,0.5488852009524496,0.5488852009524496,0.7201096760228011,21.973786930405243,48882.93058662241,0.9308030882459052,Alabama,Choctaw County,2413.0,44483.0,46682.96529331121,-70531.70966825582,20137.851349252815
48213,Henderson,TX,15.7,10.6,17.2,7.2,16.6,11.3,23.8,15.7,12.8,22.4,12.8,34.0,28.3,14.5,35.6,4.1,38.1,16.0,5.6,78532.0,31020.0,1242.0,0.2731243314827077,0.0,0.1728085366474812,0.1984413996842051,0.1728085366474812,0.1386186522691387,0.3647430346864972,0.4702668975704172,17.33451291637558,56965.1267254113,1.581520908674171,Texas,Henderson County,11667.0,63955.0,60460.06336270565,-8362.035345550787,-4723.933884462465
8077,Mesa,CO,11.3,11.5,15.7,5.8,13.2,8.1,23.8,15.7,12.8,16.6,12.8,34.0,19.0,10.8,30.1,3.2,30.7,14.0,4.4,146723.0,58095.0,3631.0,0.8234019206259414,0.0,0.2530891543929718,0.4873877987772878,0.2530891543929718,0.170900267851666,0.2033696148524771,0.5270339346932655,16.01102210043943,65929.26028639,2.4747312963884327,Colorado,Mesa County,17123.0,71485.0,68707.130143195,52499.81845004117,-29966.85751268425
23015,Lincoln,ME,7.8,12.4,15.4,6.1,13.5,8.1,22.9,9.9,13.0,15.7,10.0,32.4,18.8,10.4,31.0,2.8,31.5,12.2,3.6,34457.0,15149.0,498.0,0.0,0.0,0.0,0.0,0.0,0.1472850219113678,0.1472850219113678,0.1472850219113678,11.961197620415431,69085.62652001045,1.4452796238790375,Maine,Lincoln County,2985.0,72026.0,70555.81326000523,-50361.966900529704,6751.224127202204
26157,Tuscola,MI,7.9,11.7,16.7,8.1,17.7,10.1,23.9,15.9,15.4,19.9,12.4,33.4,25.5,13.0,41.4,3.6,36.9,19.6,4.8,55729.0,21590.0,1235.0,0.1746128586552782,0.0,0.1746128586552782,0.1746128586552782,0.1746128586552782,0.1788835256329738,0.2763013870695688,0.3361983886306949,15.451044358189264,57375.49826840604,2.2160813938882806,Michigan,Tuscola County,6616.0,62847.0,60111.24913420302,-29973.57003472618,-3013.608207034027
29151,Osage,MO,8.1,10.3,17.5,6.8,16.4,9.2,19.3,11.4,8.5,18.0,10.6,30.9,26.5,12.7,35.6,3.1,38.3,14.1,4.1,13878.0,5328.0,405.0,0.0,0.0,0.0,0.0,0.0,0.0,0.182158812509007,0.0,7.183070134689409,69631.38615074218,2.9182879377431905,Missouri,Osage County,1318.0,75355.0,72493.19307537109,-68381.6842040632,17746.996692659966
51760,Richmond,VA,9.8,11.4,16.1,6.3,14.6,13.5,23.8,18.3,17.1,20.1,15.6,37.3,25.9,14.9,38.3,4.3,37.5,15.4,5.8,204214.0,87151.0,12725.0,1.0,0.0200818748959424,0.1927781640827759,0.5962617646194678,0.1927781640827759,0.4605413928525958,0.5219916362247446,0.6697386075391502,25.24356464911217,73014.62088789212,6.231208438206979,Virginia,Richmond city,40994.0,62671.0,67842.81044394606,53562.56543662294,-23101.639585917754
51750,Radford,VA,9.7,11.7,19.0,9.0,18.5,13.7,20.7,19.0,19.8,23.4,14.7,34.6,29.0,16.6,40.5,5.0,36.7,14.8,6.4,16408.0,5990.0,2652.0,1.0,0.0,1.0,1.0,1.0,0.401511457825451,0.401511457825451,1.0,37.53574690647906,72400.35031691857,16.162847391516333,Virginia,Radford city,4513.0,52791.0,62595.675158459286,-66484.95291920692,18036.40596760825
51071,Giles,VA,9.1,11.0,17.1,7.1,16.4,10.6,21.7,13.2,11.4,18.9,10.8,35.6,24.9,13.3,36.0,3.4,36.7,14.6,4.5,17286.0,7215.0,136.0,0.0,0.0,0.0,0.0,0.0,0.3221103783408539,0.3221103783408539,1.0,11.280170429818462,57966.13536966331,0.7867638551428903,Virginia,Giles County,1468.0,64819.0,61392.56768483165,-65298.520536340766,16195.890136927019
31065,Furnas,NE,10.1,9.6,13.7,6.4,15.9,9.9,20.9,14.1,10.3,16.7,10.5,30.7,26.6,12.0,44.9,3.4,31.9,13.7,4.5,4959.0,2185.0,81.0,0.0,0.0,0.0,0.0,0.0,0.0,0.0,0.0,10.8588562861426,62333.0,1.6333938294010888,Nebraska,Furnas County,557.0,60625.0,61479.0,-76016.34570599065,22809.397623726167
48179,Gray,TX,20.5,9.9,17.6,7.2,16.5,12.4,23.8,15.7,12.8,24.3,12.8,34.0,30.8,15.3,38.5,4.5,39.6,15.3,6.4,22535.0,8443.0,1610.0,0.7986243621033947,0.0,0.1965830929664965,0.3902817838917239,0.1965830929664965,0.1229642777901042,0.1229642777901042,0.3902817838917239,15.603682055112746,65548.89798091857,7.144441979143554,Texas,Gray County,3162.0,56082.0,60815.448990459285,-59369.815488755055,19749.460609813657
48399,Runnels,TX,20.3,9.7,16.6,6.3,14.7,11.8,23.8,15.7,12.8,22.7,12.8,34.0,29.4,14.1,36.1,4.0,39.7,15.5,5.9,10501.0,4165.0,194.0,0.6800304732882583,0.0,0.6800304732882583,0.6800304732882583,0.6800304732882583,0.0,0.0,0.6800304732882583,13.97968738993067,49605.40872297876,1.84744310065708,Texas,Runnels County,1004.0,63490.0,56547.70436148938,-69952.09706010185,23396.645536720396
35019,Guadalupe,NM,24.7,8.7,17.7,5.5,14.6,14.3,28.1,29.1,22.8,28.7,22.8,36.0,31.7,16.0,37.5,5.4,36.9,16.0,9.1,4687.0,1766.0,571.0,0.0,0.0,1.0,1.0,1.0,1.0,0.0,1.0,14.5287604644883,41319.0,12.182632814166844,New Mexico,Guadalupe County,904.0,40149.0,40734.0,-75331.86028128798,26553.87315873933
19121,Madison,IA,6.3,9.8,13.4,5.4,14.1,8.5,23.7,9.8,7.8,14.8,8.5,33.0,21.6,9.7,36.6,2.6,31.3,7.6,3.3,15679.0,6025.0,192.0,0.335735697429683,0.0,0.2539702787167548,0.2539702787167548,0.0,0.0,0.335735697429683,0.2539702787167548,6.6766106299190096,77285.76382422348,1.2245678933605455,Iowa,Madison County,1127.0,89542.0,83413.88191211174,-66982.74276068808,16841.323600885757
46063,Harding,SD,7.9,9.8,12.9,4.9,13.5,8.5,23.8,15.7,12.8,13.8,12.8,34.0,19.8,9.3,35.1,2.6,29.4,11.4,3.5,1255.0,539.0,29.0,0.0,0.0,0.0,0.0,0.0,0.0,0.0,0.0,8.45616757176106,61250.0,2.3107569721115535,South Dakota,Harding County,60.0,74766.0,68008.0,-79385.44681982354,24744.133342242996
20011,Bourbon,KS,9.5,10.5,16.8,7.4,17.8,10.4,21.7,14.8,9.6,19.5,12.5,31.5,29.5,13.9,37.3,3.8,40.8,14.3,4.8,15173.0,5986.0,409.0,0.439267119224939,0.0,0.4326764647729519,0.6220918737230607,0.2498517102748303,0.0,0.0,0.8463059381796613,16.411505407460638,52443.75660713109,2.695577670862717,Kansas,Bourbon County,1649.0,67555.0,59999.37830356554,-66439.20164705196,17936.091910176176
13219,Oconee,GA,8.1,9.0,11.1,4.1,9.4,8.3,19.9,7.9,5.1,12.4,7.7,33.8,17.3,8.3,28.5,2.2,29.3,7.9,3.0,32808.0,11622.0,117.0,0.227962692026335,0.0,0.0,0.0,0.0,0.0,0.0,0.0,6.058981134432429,100479.92480492564,0.3566203365032919,Georgia,Oconee County,2586.0,115925.0,108202.4624024628,-53938.28262690426,10101.78080231015
47125,Montgomery,TN,11.4,10.7,16.5,6.5,15.7,11.8,23.8,15.7,12.8,19.7,12.8,34.0,24.5,13.7,38.5,3.5,44.6,11.6,4.8,172331.0,63673.0,3416.0,0.822974392303184,0.0023037062397363,0.1792770888580696,0.269643882992613,0.1792770888580696,0.078714798846406,0.1059414730953804,0.269643882992613,14.214457381764252,64356.262877833935,1.98223186774289,Tennessee,Montgomery County,25939.0,72365.0,68360.63143891697,59474.18663941781,-33007.854053635005
37021,Buncombe,NC,9.3,10.4,14.5,5.8,12.5,8.9,20.7,12.1,9.6,15.7,10.1,31.3,19.2,11.2,31.2,3.1,27.7,7.2,4.2,238318.0,100412.0,7673.0,0.6870777700383521,0.0,0.1308000234980152,0.1731426077761646,0.1308000234980152,0.0925611997415218,0.2121744895475792,0.2245487122248424,12.457241522611074,69235.93554410494,3.2196476976141124,North Carolina,Buncombe County,31202.0,70578.0,69906.96777205248,125402.47525557104,-78609.94868814871
12029,Dixie,FL,17.3,10.5,19.5,9.5,20.7,12.3,23.8,15.7,12.8,24.3,12.8,34.0,30.0,16.2,34.8,4.8,42.4,24.7,6.8,16422.0,6316.0,1430.0,0.0,0.0,0.2497259773474607,0.2497259773474607,0.0,1.0,1.0,1.0,22.588823254749627,44216.540920716114,8.707830958470344,Florida,Dixie County,2961.0,47655.0,45935.77046035806,-65793.77160447472,17570.851989063638
13257,Stephens,GA,14.3,10.6,17.8,7.9,18.6,12.1,24.2,18.7,16.0,22.4,15.2,37.8,29.2,14.7,38.8,4.4,35.2,19.1,5.9,26175.0,10289.0,548.0,0.2521872015281757,0.0,0.2521872015281757,0.2521872015281757,0.2521872015281757,0.1460553963705826,0.6306781279847182,0.2521872015281757,16.3954784577297,55281.71163323782,2.09360076408787,Georgia,Stephens County,3587.0,52264.0,53772.85581661891,-57845.19111453374,13296.697050548923
28131,Stone,MS,11.4,9.8,18.2,7.6,17.7,12.1,28.8,19.1,10.5,22.0,15.0,36.4,32.4,15.5,41.3,4.3,38.5,18.6,5.7,17786.0,6165.0,1288.0,0.2152816822219723,0.0,0.2152816822219723,0.2152816822219723,0.2152816822219723,0.2152816822219723,0.2152816822219723,0.2152816822219723,17.38770008774339,51449.62200607219,7.241650736534352,Mississippi,Stone County,3178.0,59307.0,55378.3110030361,-65408.67939004693,17494.634955349116
22041,Franklin,LA,11.1,11.3,23.1,10.4,23.4,15.1,30.6,30.8,29.2,30.1,21.7,38.2,36.0,20.2,42.2,6.3,41.8,31.1,8.4,20767.0,7904.0,732.0,0.2578610295179853,0.0,0.6022535753840227,0.6022535753840227,0.2578610295179853,0.3732845379688929,0.3732845379688929,0.6022535753840227,27.748690652343353,46325.4093995281,3.52482303654837,Louisiana,Franklin Parish,4765.0,44103.0,45214.20469976405,-63776.934249329315,16888.10365719982
51830,Williamsburg,VA,8.5,11.0,15.0,5.9,13.1,11.3,21.2,13.7,11.8,17.8,12.2,33.6,23.5,12.6,37.2,3.4,38.2,11.1,4.6,14068.0,4571.0,4171.0,1.0,0.0,0.4866363377878874,1.0,0.4866363377878874,0.1924936025021325,0.1924936025021325,1.0,22.87173203803778,85748.82143872618,29.64884845038385,Virginia,Williamsburg city,1520.0,70206.0,77977.41071936309,-70164.71842955127,20332.575282257163
51775,Salem,VA,8.2,10.9,15.5,6.1,13.9,10.4,20.2,12.4,10.3,17.1,10.6,34.1,23.2,12.3,36.2,3.2,38.2,12.8,4.2,24802.0,10045.0,1718.0,1.0,0.0,0.0,0.1878074348842835,0.0,0.0,0.4210547536488992,0.1878074348842835,9.05664608797936,77212.73062656238,6.926860737037336,Virginia,Salem city,2500.0,66716.0,71964.36531328119,-60554.66249649027,13378.6178518793
37019,Brunswick,NC,8.9,10.7,14.6,5.7,13.0,8.9,20.6,11.9,9.2,15.6,10.4,31.7,19.9,10.9,32.9,3.0,36.3,12.7,4.1,107431.0,46297.0,843.0,0.4366430546117973,0.0,0.0995615790600478,0.0995615790600478,0.0995615790600478,0.0891362828233936,0.1993186324245329,0.3085608437043312,13.22063633152442,65656.31596094237,0.7846897078124564,North Carolina,Brunswick County,13570.0,74034.0,69845.15798047118,10341.71618365703,-21058.811926992228
37027,Caldwell,NC,12.1,11.1,17.8,7.8,17.3,10.3,22.9,16.6,13.9,20.6,12.8,33.4,25.5,13.8,33.2,4.0,33.0,20.4,5.4,83029.0,33388.0,968.0,0.5361741078418384,0.0,0.3850341446964314,0.3850341446964314,0.3850341446964314,0.2202122150092136,0.2764817112093365,0.5127606017174722,16.8615374127127,53009.97655036192,1.1658577123655591,North Carolina,Caldwell County,10087.0,55401.0,54205.48827518096,-5755.79007230587,-12713.919968596001
40115,Ottawa,OK,12.2,12.7,21.0,9.4,22.3,13.2,26.2,23.9,21.7,24.5,17.7,33.8,35.4,18.4,42.3,5.1,41.2,25.0,7.4,31848.0,12345.0,968.0,0.4885707108766641,0.0,0.3706669178598342,0.6239324290379301,0.2353051996985682,0.0,0.0,0.7261052499372017,21.60009666484525,47688.078968852045,3.0394373273046975,Oklahoma,Ottawa County,6047.0,48656.0,48172.03948442602,-54931.08208086509,15702.767666464226
12071,Lee,FL,16.9,9.4,14.4,5.9,12.6,10.8,23.8,15.7,12.8,17.9,12.8,34.0,24.4,11.7,31.2,3.4,35.9,11.1,5.1,618754.0,259818.0,8488.0,0.8930899840647495,0.0,0.172955649579639,0.2537922987164527,0.172955649579639,0.0996001642009587,0.2673194839952549,0.2681259434282445,13.912305476998217,66782.46251014135,1.3717891116663488,Florida,Lee County,91539.0,73099.0,69940.73125507068,486971.92297367327,-174631.17034034256
54007,Braxton,WV,11.0,12.6,22.8,11.2,24.9,14.4,24.9,21.6,25.9,28.1,16.1,35.0,35.6,18.0,41.3,5.0,44.0,29.5,6.5,14523.0,6000.0,335.0,0.0,0.0,0.3651449425049921,0.3651449425049921,0.0,0.3651449425049921,1.0,0.3651449425049921,21.799557453360517,52095.107553535774,2.306685946429801,West Virginia,Braxton County,2236.0,44449.0,48272.05377676789,-67002.01314178733,17616.147037773528
28059,Jackson,MS,11.6,9.5,16.7,6.7,15.5,12.8,27.6,18.4,9.6,20.3,14.9,36.6,29.4,14.9,40.5,4.0,38.2,14.4,5.5,139668.0,52205.0,1290.0,0.6523899533178681,0.0,0.1617693387175301,0.2340264054758427,0.1617693387175301,0.10297276398316,0.2713506314975513,0.2513603688747601,16.286149044330088,63031.47807658161,0.9236188676003092,Mississippi,Jackson County,20160.0,64756.0,63893.739038290805,29399.7522464894,-29023.945469930422
32013,Humboldt,NV,14.4,10.7,17.2,6.7,15.6,10.1,26.1,17.6,14.2,21.6,14.9,35.9,26.1,13.5,36.0,3.7,38.8,23.2,5.4,16528.0,6289.0,183.0,0.2775895450145208,0.0,0.1378267182962246,0.1378267182962246,0.0,0.0,0.0,0.1378267182962246,11.24910013756909,83973.90791384317,1.1072120038722169,Nevada,Humboldt County,2083.0,79946.0,81959.95395692158,-65824.21099582076,21824.6042724029
15005,Kalawao,HI,11.8,8.6,13.0,5.7,14.1,12.9,23.6,22.6,20.7,21.4,17.6,25.7,22.5,13.9,33.0,4.8,41.8,9.0,6.6,90.0,69.0,3.0,0.0,0.0,0.0,0.0,0.0,0.0,0.0,0.0,10.6060606060606,123750.0,3.3333333333333335,Hawaii,Kalawao County,13.0,86250.0,105000.0,-80425.73341500973,25388.34046905973
48101,Cottle,TX,21.5,10.7,19.1,8.2,17.8,13.9,23.8,15.7,12.8,27.5,12.8,34.0,32.8,17.5,40.5,5.5,42.4,13.5,7.7,1505.0,677.0,0.0,0.0,0.0,1.0,1.0,1.0,1.0,0.0,1.0,31.393188854489196,40469.0,0.0,Texas,Cottle County,296.0,58819.0,49644.0,-78896.96883475533,24999.439670341668
48283,La Salle,TX,39.0,8.9,20.3,7.0,17.0,16.6,23.8,15.7,12.8,34.1,12.8,34.0,40.9,19.7,40.9,6.2,41.6,22.4,10.4,6886.0,1931.0,1583.0,0.0,0.0,1.0,1.0,1.0,1.0,0.0,1.0,12.1464997681966,53699.0,22.988672669183853,Texas,La Salle County,1301.0,55469.0,54584.0,-71976.27768084126,26343.91693816974
47045,Dyer,TN,12.9,11.5,19.9,8.8,20.5,12.6,23.8,15.7,12.8,24.3,12.8,34.0,29.3,16.4,39.4,4.3,43.3,24.0,5.9,38335.0,15183.0,516.0,0.4673275074996739,0.0,0.31459501760793,0.31459501760793,0.31459501760793,0.1471240380853006,0.2998565279770445,0.3854441111256032,18.63178214667599,53754.02981609495,1.3460284335463677,Tennessee,Dyer County,6454.0,54973.0,54363.51490804748,-47544.47303002875,8282.64758073759
27063,Jackson,MN,8.3,10.0,13.8,5.1,14.8,8.9,21.6,11.5,8.2,15.4,9.9,29.5,23.1,10.4,36.1,2.9,29.9,7.7,3.8,10266.0,4429.0,110.0,0.3259302552113773,0.0,0.3259302552113773,0.3259302552113773,0.3259302552113773,0.0,0.0,0.3259302552113773,7.804285801394967,72524.4110656536,1.0714981492304696,Minnesota,Jackson County,896.0,69955.0,71239.7055328268,-71555.23566483925,20111.40008371902
51009,Amherst,VA,9.6,11.5,17.0,7.0,16.3,11.8,22.8,15.8,14.1,20.1,13.2,33.8,27.1,14.0,39.6,3.8,37.7,13.1,5.1,32353.0,12560.0,1538.0,0.3157976076407134,0.0,0.2882576577133496,0.3854974809136711,0.124810682162396,0.0,0.0,0.5750625907952894,13.735839288879196,63791.522053596265,4.753809538528111,Virginia,Amherst County,3291.0,67298.0,65544.76102679814,-55356.2059988295,11160.624491619683
20135,Ness,KS,11.4,10.0,15.7,6.5,16.0,9.9,21.6,13.9,7.9,18.2,12.2,30.9,27.5,12.4,36.1,3.3,36.3,12.2,4.5,3107.0,1365.0,70.0,0.0,0.0,0.4859993562922433,0.4859993562922433,0.0,0.0,0.0,0.4859993562922433,7.628740277375447,59558.50241390409,2.252977148374638,Kansas,Ness County,296.0,66107.0,62832.751206952045,-77596.97541182325,23919.764803814574
37003,Alexander,NC,11.7,10.9,17.4,7.5,17.1,10.1,23.6,15.8,12.8,19.6,12.5,34.1,24.7,13.4,36.2,3.8,34.3,12.9,5.1,37198.0,14425.0,1161.0,0.3547771385558363,0.0,0.1761385020700037,0.1761385020700037,0.1761385020700037,0.1761385020700037,0.1761385020700037,0.449916662186139,14.6111138504636,56569.09852680252,3.1211355449217697,North Carolina,Alexander County,4204.0,65268.0,60918.54926340126,-47589.7385723886,8277.55932361617
45021,Cherokee,SC,14.5,10.3,17.6,8.2,17.6,12.9,25.4,22.4,14.4,22.9,16.6,34.9,30.3,15.5,38.8,4.7,39.8,18.8,6.3,55342.0,21519.0,707.0,0.3038379530916844,0.0,0.3038379530916844,0.3038379530916844,0.3038379530916844,0.5438545769939648,0.5438545769939648,0.7089190849625963,20.75888410268627,50004.21312926891,1.2775107513281052,South Carolina,Cherokee County,10191.0,49047.0,49525.60656463445,-33912.9690563616,2992.200162398469
22027,Claiborne,LA,13.6,11.1,24.7,11.6,26.6,18.8,34.9,40.0,39.4,35.3,28.4,39.2,41.5,23.4,48.9,8.2,47.9,28.6,10.9,17195.0,6017.0,2917.0,0.2074440244257051,0.0,0.4063972084908404,0.4063972084908404,0.2074440244257051,0.4063972084908404,0.4063972084908404,0.8372201221285257,29.782519300421793,37720.74777551614,16.96423378889212,Louisiana,Claiborne Parish,4223.0,31784.0,34752.37388775807,-68802.74638572859,19640.60466854417
24037,St. Mary's,MD,7.9,10.7,13.1,5.4,12.7,10.3,23.8,12.3,10.0,16.6,11.7,36.3,22.3,10.5,37.2,2.9,37.7,8.4,3.8,105151.0,37604.0,2926.0,0.384865574269384,0.0,0.0822816711205789,0.1271029281699651,0.0822816711205789,0.1174596532605491,0.3889929720116784,0.1581630227006875,8.324414984459981,103507.17867637968,2.7826649294823635,Maryland,St. Mary's County,8344.0,114580.0,109043.58933818983,-1444.0457091905264,-19777.868451770042
50025,Windham,VT,6.8,11.0,13.6,5.7,12.7,7.2,23.8,15.7,12.8,14.7,12.8,34.0,18.1,9.4,26.0,3.0,29.7,13.2,3.9,44513.0,19290.0,1464.0,0.292071978972435,0.0,0.0885808640172533,0.292071978972435,0.0885808640172533,0.1616157077707636,0.1616157077707636,0.3436524161480915,13.582235679551228,69939.18194684699,3.2889268303641632,Vermont,Windham County,5308.0,68021.0,68980.0909734235,-41909.539721878646,2552.4893488695416
22003,Allen,LA,11.9,10.1,21.4,9.1,21.6,14.3,31.1,26.7,22.3,27.3,19.3,36.9,34.4,17.8,43.9,5.4,39.4,24.0,7.4,25764.0,8516.0,4200.0,0.3288309268747089,0.0,0.4052553951249806,0.5273637633907778,0.2067225586089116,0.1221083682657972,0.1221083682657972,0.5273637633907778,19.51756136578227,55994.89710448688,16.301816488122963,Louisiana,Allen Parish,3849.0,51138.0,53566.44855224344,-60846.90668348657,14589.17539847922
35005,Chaves,NM,20.7,9.9,18.5,6.5,15.5,12.9,26.1,26.3,22.0,27.2,21.1,34.9,30.4,16.2,40.3,5.3,36.4,13.9,8.1,65645.0,23691.0,1784.0,0.7083555487851322,0.0,0.3539188056973113,0.5115393403914997,0.3108386015690456,0.0,0.0,0.6427907685276868,21.204512865740416,53352.54665244878,2.7176479549089803,New Mexico,Chaves County,13763.0,52029.0,52690.773326224386,-10856.883329786637,29669.35100806893
5083,Logan,AR,11.3,10.6,20.2,8.4,18.3,11.3,26.8,18.4,11.6,24.0,14.1,36.1,31.7,16.0,37.7,4.2,40.1,19.9,5.7,22353.0,8704.0,580.0,0.3603990515814432,0.0,0.3603990515814432,0.3603990515814432,0.3603990515814432,0.1838679371896389,0.1838679371896389,0.4956829060976155,21.54145973763161,45617.487585558985,2.5947300138683844,Arkansas,Logan County,3009.0,54237.0,49927.243792779496,-59630.272919964074,14549.26798745627
51620,Franklin,VA,11.1,12.6,18.7,7.8,17.5,15.1,26.3,25.2,24.8,25.0,20.4,37.8,31.2,17.6,44.2,5.3,42.8,18.5,7.1,8582.0,3530.0,129.0,1.0,0.0,1.0,1.0,1.0,0.4441855045443952,0.4441855045443952,1.0,17.244795410075643,52364.29736658122,1.5031461197855978,Virginia,Franklin city,1340.0,65125.0,58744.64868329061,-75018.75907396048,22844.421659572225
16055,Kootenai,ID,9.2,10.8,15.7,6.0,12.3,8.0,20.6,11.7,8.4,16.1,10.0,30.2,18.4,12.5,31.5,3.2,34.5,19.1,4.3,138494.0,54200.0,1488.0,0.702073736046327,0.0,0.0,0.1738992302915649,0.0,0.0413519719265816,0.2430285788554017,0.1738992302915649,12.187266156810391,66906.12043843055,1.074414776091383,Idaho,Kootenai County,16237.0,77034.0,71970.06021921527,44114.73456188828,-41969.3321313356
29213,Taney,MO,10.1,10.8,19.0,7.7,17.9,10.6,19.9,15.1,12.0,20.9,13.2,31.7,29.4,15.0,36.4,3.8,38.4,16.8,5.1,51675.0,20755.0,1744.0,0.5806869859700048,0.0,0.5341654571843251,0.5341654571843251,0.4858829221093372,0.5824286405418481,0.5824286405418481,0.7795258829221093,17.24766963525514,50921.017281083696,3.374939525882922,Missouri,Taney County,7870.0,58258.0,54589.50864054185,-31969.04464026304,1316.0854113049645
18009,Blackford,IN,10.0,11.8,18.7,9.7,21.5,12.7,24.0,18.9,12.8,24.0,13.9,33.7,28.7,15.5,44.2,4.4,38.8,22.6,5.8,12766.0,5236.0,163.0,0.4519034936550211,0.0,0.2360175466081779,0.4519034936550211,0.2360175466081779,0.2360175466081779,0.2360175466081779,0.4519034936550211,12.408381517372645,54415.34286385712,1.2768290772364093,Indiana,Blackford County,2069.0,47560.0,50987.67143192856,-68896.79510785731,18586.167675426103
27033,Cottonwood,MN,10.7,10.0,15.3,5.9,16.7,10.2,23.2,15.6,11.6,18.6,12.2,31.7,27.6,11.9,39.8,3.6,33.5,13.9,4.8,11687.0,4857.0,244.0,0.0,0.0,0.205955334987593,0.205955334987593,0.0,0.0,0.0,0.7244801916659537,12.388810164663534,66234.19688542826,2.087789851972277,Minnesota,Cottonwood County,1594.0,68239.0,67236.59844271414,-70080.86087091717,20004.206825484303
20013,Brown,KS,9.6,10.7,16.6,7.1,18.2,10.3,22.2,14.9,9.2,18.7,12.8,31.5,27.2,13.3,39.6,3.6,33.3,13.1,4.7,9984.0,4094.0,116.0,0.3607772435897436,0.0,0.3607772435897436,0.3607772435897436,0.3607772435897436,0.0,0.0,1.0,14.268817322094156,56617.6695713141,1.1618589743589745,Kansas,Brown County,1303.0,58886.0,57751.83478565705,-72050.95319680816,21001.60603720357
13199,Meriwether,GA,15.5,11.2,18.2,8.0,19.0,14.0,27.5,24.3,21.6,24.7,19.7,39.3,32.9,16.2,41.3,5.2,42.8,20.6,6.9,21992.0,8522.0,253.0,0.0,0.0,0.345943979628956,0.345943979628956,0.0,1.0,1.0,1.0,21.474649480646004,47585.921653328485,1.1504183339396143,Georgia,Meriwether County,4052.0,56458.0,52021.960826664246,-64160.04533486098,17333.741362949277
16013,Blaine,ID,11.4,10.0,14.0,4.7,9.8,7.7,19.3,11.2,6.7,14.6,10.0,27.7,18.8,10.6,23.1,2.7,27.9,8.1,4.0,21376.0,8823.0,258.0,0.0,0.0,0.0,0.0,0.0,0.0,0.0,0.0,13.967730569154606,71481.73484281437,1.2069610778443114,Idaho,Blaine County,1821.0,84470.0,77975.8674214072,-60781.72241453927,19388.501850065397
26057,Gratiot,MI,8.5,11.3,16.4,8.0,17.4,10.5,24.3,17.2,16.6,20.2,13.6,34.9,25.8,13.0,37.5,3.8,33.2,16.4,5.0,42476.0,14852.0,5560.0,0.4265232131085789,0.0568791788303983,0.3696440342781806,0.3696440342781806,0.3696440342781806,0.2732366512854318,0.2732366512854318,0.4651803371315566,17.681610913062997,55852.157689047934,13.08974479706187,Michigan,Gratiot County,5050.0,61128.0,58490.07884452397,-43428.643910732906,5625.072190766154
26013,Baraga,MI,8.3,12.1,17.3,8.5,19.4,11.6,26.4,20.2,19.5,22.0,15.7,34.8,26.9,14.4,40.7,4.2,38.0,14.6,5.7,8860.0,3444.0,1010.0,0.0,0.0,1.0,1.0,0.0,0.0,0.0,1.0,16.324456562349596,53865.905417607224,11.399548532731377,Michigan,Baraga County,973.0,55117.0,54491.45270880361,-73877.8686590519,21772.662772572417
13251,Screven,GA,15.0,11.1,17.9,7.9,18.5,14.1,27.1,24.3,21.6,24.5,19.8,39.7,31.2,16.2,39.7,5.2,42.9,22.0,6.9,14593.0,5596.0,420.0,0.0,0.0,0.1787158226546974,0.1787158226546974,0.0,0.328513670938121,0.4581648735695196,0.7451517851024464,22.322172836937764,52504.08839854725,2.8780922360035635,Georgia,Screven County,2472.0,53017.0,52760.54419927362,-69786.80367282523,20168.60652167673
17073,Henry,IL,8.4,10.3,13.9,6.2,14.1,9.2,24.6,12.9,11.8,16.9,11.3,34.0,21.9,11.2,36.8,3.0,35.9,10.7,4.0,50486.0,20373.0,724.0,0.5338905835281068,0.0,0.1305708513251198,0.2034227310541536,0.1305708513251198,0.0735451412272709,0.0735451412272709,0.2574377055025155,12.110948152906852,71423.26383551875,1.4340609277819594,Illinois,Henry County,3877.0,69912.0,70667.63191775937,-36445.73668786962,402.4732523884195
48413,Schleicher,TX,23.7,9.2,15.9,5.4,12.6,11.9,23.8,15.7,12.8,22.9,12.8,34.0,29.1,13.7,36.4,3.9,39.7,13.2,6.1,3461.0,1182.0,0.0,0.0,0.0,0.0,0.0,0.0,0.0,0.0,0.0,14.7664162038549,66712.0,0.0,Texas,Schleicher County,216.0,90141.0,78426.5,-77013.89000910491,25108.14250645033
34017,Hudson,NJ,14.5,8.4,12.2,4.2,10.4,10.8,25.1,18.2,10.1,18.7,14.5,32.2,28.1,11.4,27.8,3.4,38.9,7.7,5.4,634266.0,246437.0,9378.0,1.0,0.0,0.0,0.0807894479603194,0.0,0.0555319061718584,0.105238180826341,0.6819741244209843,16.470526041857394,81666.58379764957,1.4785594687402446,New Jersey,Hudson County,103860.0,90032.0,85849.29189882478,460534.4168510382,61843.91683358072
22035,East Carroll,LA,16.0,11.6,26.4,12.7,29.1,21.3,37.8,46.8,46.6,39.7,33.6,41.8,44.1,26.3,51.7,10.0,48.4,43.5,13.1,7759.0,2552.0,1067.0,0.6696739270524552,0.0,1.0,1.0,0.6696739270524552,0.3182111096790823,0.3182111096790823,1.0,42.901105771976496,35797.855264853715,13.751772135584485,Louisiana,East Carroll Parish,1941.0,28321.0,32059.427632426858,-76006.96046560805,23344.08863188422
39013,Belmont,OH,8.6,11.2,15.7,7.9,18.6,11.5,22.1,14.9,12.8,20.6,12.4,35.6,30.2,12.8,40.9,3.6,40.8,16.3,4.7,70400.0,28679.0,3834.0,0.55671875,0.0,0.1129829545454545,0.1721732954545454,0.1129829545454545,0.17171875,0.3830539772727273,0.2327414772727272,13.165750079388792,64417.79201704545,5.4460227272727275,Ohio,Belmont County,8872.0,58411.0,61414.39600852273,-20464.891619214446,-11625.858088703713
26075,Jackson,MI,7.5,11.7,16.0,7.4,15.8,10.4,24.2,15.5,14.6,20.1,12.7,33.4,26.2,13.3,39.3,3.5,42.2,12.9,4.6,160248.0,60771.0,9672.0,0.5603190055414108,0.0422844590884129,0.1435462533073735,0.1984985772053317,0.1435462533073735,0.1585230392891018,0.3836865358694024,0.2755042184613848,13.57826273582364,62970.36821052369,6.035644750636513,Michigan,Jackson County,18352.0,65004.0,63987.18410526184,54507.85551674888,-50116.47038398581
51800,Suffolk,VA,8.8,11.6,15.0,5.6,13.1,12.1,23.7,16.2,13.9,18.6,14.5,35.0,25.2,13.1,42.0,3.6,40.5,9.9,4.8,84585.0,30868.0,1128.0,0.7160252999940888,0.0,0.1719808476680262,0.2801442336111603,0.1719808476680262,0.1972808417568126,0.1972808417568126,0.3431459478630962,11.08813517900648,81078.5057516108,1.333569781876219,Virginia,Suffolk city,9454.0,90089.0,85583.7528758054,-26771.16520134284,-3577.025914896156
5009,Boone,AR,10.0,10.4,18.9,7.6,17.0,10.4,26.0,16.0,9.2,21.4,12.9,36.8,28.9,14.6,40.8,3.7,39.3,22.3,5.0,36903.0,15120.0,465.0,0.2338292279760453,0.0,0.2338292279760453,0.2338292279760453,0.2338292279760453,0.2338292279760453,0.3969324987128417,0.3438744817494513,14.882011177742086,50237.73720293743,1.2600601577107553,Arkansas,Boone County,5018.0,54195.0,52216.36860146871,-46034.32032348628,6506.15148132055
18083,Knox,IN,8.7,11.4,16.8,8.1,18.5,11.4,24.2,15.2,9.2,21.1,11.9,33.9,24.5,13.3,37.7,3.6,34.2,17.9,4.8,38440.0,15249.0,2645.0,0.5311654526534859,0.0,0.0,0.4075182101977107,0.0,0.1886056191467221,0.3361082206035379,0.4075182101977107,18.440724994411458,58031.462617065554,6.8808532778355875,Indiana,Knox County,4593.0,58863.0,58447.23130853278,-46681.498699296266,5556.847063541805
51183,Sussex,VA,11.8,11.3,17.6,7.1,17.6,14.4,28.4,22.4,20.0,23.9,18.6,37.6,29.9,16.0,45.7,4.8,44.3,19.0,6.4,12087.0,3994.0,2593.0,0.0,0.0895176636055266,0.2231322908910399,0.2231322908910399,0.0,0.2367005874079589,0.2367005874079589,0.6060229999172665,15.05100395633002,59821.10440969637,21.4528005294945,Virginia,Sussex County,1107.0,62821.0,61321.05220484818,-73869.29087834245,21695.64564371454
39099,Mahoning,OH,9.6,11.1,15.7,7.6,17.6,11.8,22.6,17.2,14.9,20.0,14.1,35.8,26.5,13.0,38.9,3.9,42.7,20.1,5.2,238823.0,98712.0,7925.0,0.8537159318826076,0.0,0.2455165541007357,0.3824380398872805,0.2455165541007357,0.159603555771429,0.310920639971862,0.3950875753172851,18.262323135176672,60947.64456522194,3.3183571096586175,Ohio,Mahoning County,40423.0,55576.0,58261.82228261097,116590.59567051285,-77237.27787138082
24015,Cecil,MD,8.4,10.5,14.8,6.6,15.4,11.0,22.4,13.9,11.6,18.5,12.4,33.4,26.7,11.8,40.8,3.3,38.8,14.3,4.2,101108.0,36867.0,1551.0,0.4144874787356094,0.0,0.2880780947106064,0.2880780947106064,0.2880780947106064,0.2368853107568145,0.3767555485223721,0.3382818372433437,9.523444627822856,86111.39662539067,1.534003244055861,Maryland,Cecil County,11202.0,91146.0,88628.69831269534,3069.090347241814,-22968.208084450034
37077,Granville,NC,12.3,11.3,16.5,6.7,15.5,11.3,25.0,18.9,15.4,20.4,15.4,34.4,25.4,13.7,35.9,4.2,36.6,17.8,5.7,59916.0,20628.0,6948.0,0.2555244008278256,0.0782261833233193,0.1772982175045063,0.1772982175045063,0.1772982175045063,0.067427732158355,0.2452266506442352,0.2381500767741504,13.132179415886334,65667.49142132318,11.596234728620068,North Carolina,Granville County,8020.0,70975.0,68321.24571066159,-37799.63994937671,5997.480908260779
19079,Hamilton,IA,8.1,10.0,14.0,5.8,15.2,9.5,24.0,12.0,9.4,16.5,9.9,32.8,23.8,10.5,36.6,3.0,32.0,9.4,3.9,15673.0,6540.0,198.0,0.3335672813118101,0.0,0.0,0.0,0.0,0.0,0.0,0.0,9.705446844550606,70596.83079180757,1.2633190837746442,Iowa,Hamilton County,1171.0,71750.0,71173.41539590378,-66914.71459854231,17831.011391357322
5015,Carroll,AR,14.8,9.9,19.9,7.9,17.5,11.4,27.4,19.8,11.7,24.6,15.7,35.1,34.5,15.5,37.7,4.3,37.2,17.7,6.2,27446.0,11393.0,230.0,0.2546454856809735,0.0,0.0,0.0,0.0,0.0,0.7452087735917802,0.0,15.010324369255244,55160.09178022298,0.8380091816658165,Arkansas,Carroll County,4586.0,55187.0,55173.54589011149,-54625.02577093425,15097.32918328527
17119,Madison,IL,7.6,10.6,13.6,6.2,13.6,9.5,25.6,14.2,13.2,17.3,12.6,34.5,21.1,11.7,38.8,3.2,36.5,8.5,4.2,269282.0,108094.0,3754.0,0.8083124753975386,0.0,0.2301156408523406,0.3470191100779108,0.2301156408523406,0.2682949473043129,0.5781448444381726,0.3782540236629259,13.948365561382808,75594.88489390304,1.394077584093998,Illinois,Madison County,29306.0,74800.0,75197.44244695152,142269.5640567386,-104238.22437064041
54041,Lewis,WV,9.5,12.3,20.5,9.5,21.6,13.4,24.5,18.2,20.4,25.2,14.1,35.5,32.6,15.9,39.9,4.2,44.7,19.7,5.5,16372.0,6863.0,248.0,0.1919741021255802,0.0,0.1919741021255802,0.1919741021255802,0.1919741021255802,0.3587832885414121,0.3587832885414121,0.7831663816271683,20.98941275848616,47759.88712435866,1.5147813339848522,West Virginia,Lewis County,3222.0,52279.0,50019.44356217933,-65124.58858602015,16718.623647592525
51033,Caroline,VA,10.5,11.1,16.5,6.4,15.1,12.0,24.3,16.4,13.9,20.0,13.9,36.4,26.8,13.8,41.3,3.7,39.1,16.4,5.1,28545.0,10456.0,513.0,0.0,0.0,0.0,0.0,0.0,0.0,0.0,0.3203012786827816,8.394144616943356,74259.44172359433,1.7971623751970571,Virginia,Caroline County,3496.0,86267.0,80263.22086179716,-60593.805504736076,14353.204049495733
55099,Price,WI,8.8,11.1,15.0,6.7,17.2,10.0,20.8,14.2,15.7,18.6,11.2,31.2,28.3,12.3,42.2,3.6,37.9,13.7,4.6,14159.0,6329.0,204.0,0.0,0.0,0.3377357157991383,0.3377357157991383,0.0,0.1935164912776326,0.1935164912776326,0.6804152835652235,11.84545127610822,59211.070908962494,1.4407797160816442,Wisconsin,Price County,1804.0,58720.0,58965.53545448124,-67977.98010557448,17833.462202610222
17077,Jackson,IL,8.7,10.9,15.2,7.6,16.1,11.8,25.0,18.9,20.1,20.9,15.1,34.6,25.2,13.9,42.8,4.2,39.8,19.5,5.6,60218.0,25538.0,4087.0,0.716164601946262,0.0,0.5081371018632302,0.6481782855624564,0.3976385798266299,0.5894084825135342,0.76789332093394,0.7565511973164171,28.972007362201655,54547.85530904381,6.787007207147364,Illinois,Jackson County,10753.0,45572.0,50059.9276545219,-30783.06421111923,1303.234026479313
12095,Orange,FL,16.3,9.1,14.0,5.4,11.9,11.5,23.8,15.7,12.8,19.1,12.8,34.0,24.6,12.2,33.5,3.6,41.4,12.6,5.7,1145956.0,421847.0,33704.0,0.9422691621667848,0.0,0.1816526987074547,0.407988613873482,0.1816526987074547,0.2006883335834883,0.3043013867897197,0.425710934800289,16.290336926133843,67371.79431496497,2.941125139185099,Florida,Orange County,182784.0,77011.0,72191.39715748248,907775.0724645045,-146305.2543557886
8045,Garfield,CO,14.2,10.7,14.9,5.3,12.0,8.1,23.8,15.7,12.8,16.7,12.8,34.0,18.3,10.6,23.8,3.1,26.9,12.9,4.5,56389.0,20359.0,884.0,0.4794552128961322,0.0,0.0,0.0,0.0,0.0,0.0,0.0915249428079944,8.248129289125837,83087.07393285925,1.5676816400361773,Colorado,Garfield County,5539.0,86172.0,84629.53696642962,-28771.387439706945,13684.936947274244
1093,Marion,AL,11.7,10.4,19.3,8.8,19.2,12.3,25.1,20.3,15.1,24.1,14.1,36.4,30.1,16.2,42.5,4.6,38.6,17.8,6.0,30776.0,12651.0,868.0,0.0,0.0,0.0,0.0,0.0,0.1071614244866129,0.1071614244866129,0.7668962828177801,17.386225737878426,46536.67071744216,2.8203795165063688,Alabama,Marion County,4809.0,50714.0,48625.33535872108,-51996.931738839296,10078.975157984893
20203,Wichita,KS,15.7,9.6,16.7,6.7,16.5,11.4,23.5,17.7,9.9,21.2,15.2,31.4,32.0,13.9,42.2,4.0,34.1,17.1,5.5,2234.0,891.0,26.0,0.0,0.0,0.0,0.0,0.0,0.0,0.0,0.0,4.3539990534784705,68350.0,1.1638316920322291,Kansas,Wichita County,342.0,71282.0,69816.0,-78296.13460436002,24752.46071318226
19171,Tama,IA,10.0,10.3,15.9,7.0,17.8,10.7,25.8,16.2,13.8,20.2,12.7,33.9,27.8,12.8,40.4,3.7,35.3,13.6,5.0,17767.0,6947.0,399.0,0.2053244779647661,0.0,0.2053244779647661,0.2053244779647661,0.2053244779647661,0.0,0.0,0.3637079979737716,12.10398181015574,68622.29048235493,2.2457364777396296,Iowa,Tama County,2544.0,67955.0,68288.64524117747,-65357.4877384438,17985.805828612563
18149,Starke,IN,10.1,11.5,18.1,8.9,20.3,11.8,24.5,17.0,10.5,22.5,12.8,33.6,27.5,14.6,42.1,4.0,40.8,21.7,5.3,23363.0,9038.0,16.0,0.160724222060523,0.0,0.0,0.160724222060523,0.0,0.0,0.0,0.3133159268929504,14.23839638676491,57642.05992381115,0.0684843556050164,Indiana,Starke County,3426.0,62933.0,60287.52996190557,-58771.83197516046,13578.671325800628
27047,Freeborn,MN,10.5,10.1,15.3,5.7,16.7,9.9,23.1,14.8,10.6,18.7,11.8,31.7,27.9,11.8,36.2,3.4,34.3,12.6,4.6,31255.0,13177.0,637.0,0.4284114541673332,0.0,0.2465205567109262,0.3272756358982562,0.2465205567109262,0.2611742121260598,0.3442329227323628,0.5267317229243321,12.227373169747882,62938.22374020157,2.038073908174692,Minnesota,Freeborn County,2959.0,69012.0,65975.11187010078,-52355.375690411835,11450.918792653832
26027,Cass,MI,7.8,11.8,16.3,7.6,16.8,10.0,24.0,15.7,14.9,19.1,12.5,33.7,24.9,12.5,36.1,3.6,35.8,9.9,4.7,52293.0,20604.0,474.0,0.1331344539422102,0.0,0.0,0.0,0.0,0.1131126537012602,0.2692520987512669,0.3168110454554146,12.133761293255995,65310.96049184403,0.9064310710802592,Michigan,Cass County,6752.0,68011.0,66660.98024592202,-36336.96772263258,646.9394341065563
1009,Blount,AL,12.0,9.9,18.0,7.6,16.9,11.3,24.3,17.7,12.1,22.1,13.1,35.8,27.7,14.5,36.0,4.0,37.6,16.8,5.3,57322.0,21578.0,489.0,0.1229894281427724,0.0,0.0,0.0,0.0,0.2442343253899026,0.4448728236977077,0.3813195631694637,14.615919269356748,60206.63881232336,0.8530756079690172,Alabama,Blount County,8269.0,61096.0,60651.31940616168,-27953.72328203683,197.9604448238606
31119,Madison,NE,11.1,9.4,13.0,5.8,14.9,10.2,20.9,14.3,9.7,16.4,10.7,30.5,26.8,11.2,40.4,3.2,33.0,15.6,4.5,34876.0,13939.0,1071.0,0.7556485835531598,0.0,0.0928145429521734,0.1843101273081775,0.0928145429521734,0.0,0.157529533203349,0.3129659364606033,15.77219366576414,70715.14193141415,3.070879688037619,Nebraska,Madison County,4078.0,64637.0,67676.07096570707,-48951.2910354882,12420.10696948836
47137,Pickett,TN,14.8,11.6,22.8,11.1,24.7,13.3,23.8,15.7,12.8,27.5,12.8,34.0,31.6,18.2,41.9,5.2,40.4,22.8,6.9,5077.0,2177.0,74.0,0.0,0.0,0.0,0.0,0.0,0.0,0.0,1.0,17.2331067572971,48777.0,1.4575536734291905,Tennessee,Pickett County,1292.0,44591.0,46684.0,-75679.98403920876,22700.331911461548
48309,McLennan,TX,17.1,10.4,16.2,6.5,14.5,12.2,23.8,15.7,12.8,22.5,12.8,34.0,28.1,14.5,36.1,4.2,40.1,14.0,6.0,234906.0,86892.0,9085.0,0.7004716780329153,0.0179390905298289,0.2909972499638153,0.398495568440142,0.2909972499638153,0.1959932909333946,0.3014822950456778,0.4240930414719079,19.38450887160891,61023.60226218147,3.8675044485879457,Texas,McLennan County,43507.0,63888.0,62455.80113109073,129468.63766857272,-19889.82037705524
24005,Baltimore,MD,8.4,11.1,12.9,5.6,11.4,11.3,26.4,16.4,12.6,17.4,14.9,35.8,25.3,10.9,34.2,3.2,37.2,11.3,4.2,805029.0,316715.0,20781.0,0.9297366927154176,0.0111660573718462,0.1083451652052286,0.3264329608001699,0.1083451652052286,0.140160168143011,0.2015952220354794,0.3513935522819675,9.952303429255206,95525.92238913132,2.5813976887789134,Maryland,Baltimore County,83082.0,90904.0,93214.96119456568,470209.5310788204,-270041.31447218946
19093,Ida,IA,7.8,10.2,14.9,6.5,16.7,9.6,24.6,13.0,11.2,17.6,10.5,33.6,25.7,11.4,41.4,3.2,32.7,12.9,4.1,7089.0,3052.0,122.0,0.0,0.0,0.0,0.0,0.0,0.0,0.0,0.0,10.5159685349172,73776.8380589646,1.720976160248272,Iowa,Ida County,701.0,62841.0,68308.91902948229,-74217.45916026887,21537.111702910406
17169,Schuyler,IL,9.3,10.5,15.7,7.7,17.6,11.0,25.9,16.9,17.2,20.6,13.7,34.4,25.0,13.3,40.2,3.9,37.5,11.8,5.1,7544.0,3040.0,463.0,0.4346500530222693,0.0,0.2990455991516437,0.7336956521739131,0.0,0.0,0.0,0.7336956521739131,19.819188763103497,60105.75344644751,6.137327677624603,Illinois,Schuyler County,1293.0,66059.0,63082.37672322376,-73780.21114171116,21423.44930321866
36011,Cayuga,NY,7.1,11.2,14.6,6.9,15.5,9.3,25.2,15.8,14.9,18.5,13.7,35.5,26.4,12.5,35.7,3.6,39.4,19.2,4.7,80026.0,31445.0,4245.0,0.3459750581061155,0.0,0.048709169519906,0.2643640816734561,0.048709169519906,0.2282508184839927,0.2780721265588683,0.3755404493539599,12.232408229316896,68730.20753255193,5.304526029040562,New York,Cayuga County,9914.0,66583.0,67656.60376627596,-12307.794108596121,-14712.085479423196
48029,Bexar,TX,21.9,9.0,15.5,5.0,12.3,13.8,23.8,15.7,12.8,22.8,12.8,34.0,30.7,14.4,34.2,4.1,41.2,13.0,6.6,1714773.0,608931.0,42001.0,0.9370027403044018,0.0059751349012376,0.1839473796240085,0.4264173741947185,0.1839473796240085,0.2492376541967945,0.3265417638369626,0.4726853058684735,16.815300151783955,69145.04951909087,2.4493621021557956,Texas,Bexar County,294002.0,70571.0,69858.02475954543,1737419.5137011055,127769.51716998071
48047,Brooks,TX,38.0,8.9,20.3,6.5,16.1,18.2,23.8,15.7,12.8,35.6,12.8,34.0,42.0,20.7,43.2,6.9,41.5,18.4,11.8,7223.0,2642.0,67.0,0.717291983940191,0.0,0.717291983940191,0.717291983940191,0.717291983940191,0.717291983940191,0.717291983940191,1.0,38.47964185935158,29939.5004845632,0.9275924131247404,Texas,Brooks County,2011.0,31310.0,30624.7502422816,-70619.79243603772,26740.389126764283
46043,Douglas,SD,9.9,10.4,15.1,6.5,17.1,10.1,23.8,15.7,12.8,17.4,12.8,34.0,23.9,11.8,35.9,3.5,31.4,11.1,4.6,3002.0,1210.0,178.0,0.0,0.0,0.0,0.0,0.0,0.0,0.0,0.0,7.436260623229461,71316.0,5.929380413057961,South Dakota,Douglas County,371.0,78125.0,74720.5,-77859.47958929802,23770.15662593834
26071,Iron,MI,7.5,11.7,16.7,8.0,17.7,10.2,23.1,15.9,15.7,19.5,12.3,32.8,25.2,12.9,39.2,3.6,35.0,12.2,4.7,11817.0,5577.0,355.0,0.225014809173225,0.0,0.225014809173225,0.225014809173225,0.225014809173225,0.2325463315562325,0.2325463315562325,0.6664974189726665,14.133271733882644,54648.72099517644,3.004146568503004,Michigan,Iron County,1909.0,53614.0,54131.36049758822,-69812.01160035447,19138.19139520846
16043,Fremont,ID,11.6,10.5,16.5,6.1,13.2,9.0,21.1,13.7,9.1,17.5,11.4,30.2,22.7,13.2,32.7,3.4,33.0,14.2,4.7,13242.0,4436.0,460.0,0.6147862860595076,0.0,0.0,0.0,0.0,0.0,0.0,0.2725419120978704,12.284142371083483,60391.73372602326,3.47379549916931,Idaho,Fremont County,1282.0,72767.0,66579.36686301163,-68004.56007645425,20419.904973880126
1101,Montgomery,AL,10.4,10.8,16.4,6.7,14.8,14.8,28.1,25.6,20.2,23.8,20.2,37.4,29.9,16.7,46.3,4.9,43.8,14.7,6.6,229363.0,89981.0,9082.0,0.879679808861935,0.0,0.2985093498079463,0.5833809289205321,0.2677676870288581,0.3831481102008606,0.4219337905416305,0.5991245318556175,21.59507881723288,61223.554566342435,3.959662194861421,Alabama,Montgomery County,41981.0,58153.0,59688.27728317122,61904.29970931131,-37684.877962319486
19125,Marion,IA,6.2,9.7,13.2,5.4,14.0,8.7,22.9,10.0,8.0,15.1,8.4,31.7,21.4,10.1,40.0,2.6,29.3,9.8,3.3,33309.0,12723.0,1693.0,0.3601729262361524,0.0,0.0,0.0602239634933501,0.0,0.0,0.2559968777207361,0.1408928517818007,9.622871961477834,71972.69854994146,5.082710378576361,Iowa,Marion County,2248.0,78059.0,75015.84927497074,-51832.694405113805,7653.27367802092
39115,Morgan,OH,9.4,11.6,17.3,8.8,20.0,12.3,22.5,16.7,15.1,21.4,13.4,36.1,31.2,13.8,41.0,4.1,40.6,20.5,5.2,15054.0,6034.0,188.0,0.2661751029626677,0.0,0.497342898897303,0.497342898897303,0.2661751029626677,0.497342898897303,0.497342898897303,0.7810548691377707,19.026453452044304,50180.13305433772,1.2488375182675702,Ohio,Morgan County,1936.0,55971.0,53075.56652716886,-66565.68862561788,17868.936883394657
37103,Jones,NC,12.8,11.7,18.8,8.4,18.6,12.7,24.9,22.3,20.6,23.5,17.1,34.6,28.6,16.3,39.6,5.1,36.9,18.4,6.8,10153.0,4167.0,91.0,0.0,0.0,0.0,0.0,0.0,0.343642273219738,0.343642273219738,1.0,26.169106104910075,50589.72461341476,0.8962868117797695,North Carolina,Jones County,1942.0,55659.0,53124.36230670738,-72443.07761828904,21769.12097860927
19085,Harrison,IA,7.2,10.1,14.5,6.2,16.1,9.7,23.7,12.0,10.1,16.7,9.9,32.2,24.0,10.8,35.0,3.0,34.8,17.3,3.9,14928.0,5987.0,283.0,0.222668810289389,0.0,0.222668810289389,0.222668810289389,0.222668810289389,0.222668810289389,0.222668810289389,0.222668810289389,10.099265007183806,72130.77418274384,1.8957663451232585,Iowa,Harrison County,1079.0,77027.0,74578.88709137193,-67457.53396490797,17264.896517528203
26005,Allegan,MI,7.6,11.1,15.1,6.8,15.0,9.4,23.0,14.0,12.6,17.4,11.2,33.2,23.6,11.4,35.3,3.2,31.6,11.8,4.3,111408.0,42018.0,954.0,0.3601087893149504,0.0,0.0608573890564411,0.0608573890564411,0.0608573890564411,0.1051181243716788,0.2556818181818182,0.16597551342812,10.401731365397431,69453.23281990521,0.8563119345109866,Michigan,Allegan County,11186.0,80255.0,74854.1164099526,17941.16489654772,-25695.016026242523
26107,Mecosta,MI,7.7,11.8,17.2,8.6,18.1,10.4,23.2,17.2,17.7,20.7,13.2,33.5,26.4,13.8,38.3,4.0,35.9,11.2,5.2,42798.0,16101.0,3375.0,0.2286555446516192,0.0517781204729193,0.2286555446516192,0.2286555446516192,0.2286555446516192,0.2923968409738773,0.4272863217907379,0.6654049254638067,25.481100511459783,58457.41569699519,7.885882517874667,Michigan,Mecosta County,7296.0,57774.0,58115.707848497594,-41961.547577383804,4133.653600155685
48363,Palo Pinto,TX,17.6,10.4,17.6,7.4,16.7,11.6,23.8,15.7,12.8,23.2,12.8,34.0,29.2,14.7,39.4,4.2,40.1,18.0,5.9,28111.0,10871.0,263.0,0.6952438547187934,0.0,0.306534808437978,0.306534808437978,0.306534808437978,0.1931272455622354,0.1931272455622354,0.306534808437978,17.538479526731955,56928.43612820604,0.935576820461741,Texas,Palo Pinto County,4868.0,64972.0,60950.21806410302,-53628.078921835295,16217.995970654158
38069,Pierce,ND,7.5,10.3,13.2,5.7,14.9,9.0,21.4,11.9,7.5,16.5,9.8,29.4,23.6,10.8,40.9,3.1,33.6,11.5,4.1,4357.0,1835.0,261.0,0.0,0.0,0.0,0.0,0.0,0.0,0.0,0.3607987147119578,17.101538431586338,62920.41542345651,5.990360339683268,North Dakota,Pierce County,463.0,63214.0,63067.20771172825,-76633.73071155167,23136.444335466895
20163,Rooks,KS,9.1,10.1,15.5,6.3,15.6,9.2,22.3,12.2,7.0,17.0,10.9,31.9,26.2,11.7,40.6,3.1,36.2,12.6,4.0,5181.0,2238.0,72.0,0.0,0.0,0.0,0.0,0.0,0.0,0.0,0.3958695232580583,7.953044177334422,61586.28450106157,1.3896931094383325,Kansas,Rooks County,247.0,61596.0,61591.142250530786,-75858.45103631093,22646.88929465809
13021,Bibb,GA,14.8,11.3,17.4,7.5,17.3,15.2,27.9,26.7,24.5,25.3,21.7,41.6,31.5,17.1,45.0,5.6,43.4,22.1,7.5,155547.0,60295.0,6051.0,0.8761724752004217,0.0,0.3025387824901798,0.573993712511331,0.3025387824901798,0.4192944897683658,0.5085279690382971,0.5996901258140627,27.39887522338629,53780.694073174025,3.8901425292676817,Georgia,Bibb County,37337.0,50747.0,52263.847036587016,22284.452395030123,-20677.30731396836
48445,Terry,TX,29.7,9.7,19.5,7.5,17.1,15.1,23.8,15.7,12.8,30.3,12.8,34.0,36.8,18.3,41.2,5.7,42.0,22.9,8.9,12651.0,4200.0,1166.0,0.8015967117223934,0.0,0.2070192079677495,0.2070192079677495,0.2070192079677495,0.0,0.5945775037546439,0.2070192079677495,16.489654344722656,54279.683266144966,9.216662714409928,Texas,Terry County,2381.0,45905.0,50092.34163307249,-66908.80771227789,24575.441492247937
48061,Cameron,TX,36.3,8.7,18.4,5.9,13.6,17.5,23.8,15.7,12.8,30.9,12.8,34.0,36.8,17.9,41.0,6.2,40.9,17.1,10.9,406220.0,119631.0,3730.0,0.824378415636847,0.0,0.4537073506966668,0.6832209147752449,0.4537073506966668,0.300689281670031,0.3254689577076461,0.8784673329722811,31.260048449472844,43220.69548028162,0.91822165329132,Texas,Cameron County,102583.0,51334.0,47277.34774014081,469335.9763969571,103853.34337511507
1039,Covington,AL,10.9,10.4,18.6,8.3,18.3,12.8,25.5,20.5,15.7,24.3,14.8,35.8,29.7,15.9,38.1,4.5,36.6,17.1,6.0,37765.0,15531.0,575.0,0.1784191711902555,0.0,0.2046603998411227,0.285184694823249,0.0978948762081292,0.1037203760095326,0.1865748709122203,0.5324242023037203,18.43962800920825,55705.93176221369,1.5225738117304382,Alabama,Covington County,6681.0,50886.0,53295.96588110685,-48254.32286908879,7382.253133556147
17175,Stark,IL,8.3,10.5,14.8,6.9,15.7,9.7,25.1,14.1,13.7,18.1,11.9,34.2,22.9,12.0,38.3,3.3,37.7,10.5,4.3,5994.0,2425.0,92.0,0.0,0.0,0.0,0.0,0.0,0.0,0.0,0.0,16.156393115719933,64257.33900567234,1.5348682015348682,Illinois,Stark County,624.0,62284.0,63270.66950283617,-75156.71656058323,22155.883988710022
1071,Jackson,AL,11.8,10.4,19.6,8.9,19.4,12.7,25.6,20.8,15.6,24.9,14.3,35.3,30.6,16.9,39.1,4.6,42.1,18.7,6.1,53227.0,21513.0,597.0,0.1423149905123339,0.0,0.1821256129408007,0.1821256129408007,0.1423149905123339,0.3972232137824788,0.3972232137824788,0.7827418415465835,20.3301455866886,49059.70235031093,1.121611212354632,Alabama,Jackson County,8758.0,49454.0,49256.85117515546,-31973.1375074725,390.45646089599904
53039,Klickitat,WA,9.8,11.4,15.5,5.5,12.4,8.7,23.8,15.7,12.8,17.3,12.8,34.0,18.8,11.0,32.7,3.4,33.3,13.2,4.4,20318.0,8327.0,198.0,0.0,0.0,0.4097352101584802,0.4097352101584802,0.0,0.0,0.0,0.6176296879614135,14.917063587274894,64619.95319421203,0.9745053647012502,Washington,Klickitat County,3155.0,70400.0,67509.97659710601,-61867.1041358445,17712.23344313828
13275,Thomas,GA,13.4,10.9,16.3,7.0,16.3,13.1,25.0,20.8,18.2,22.1,17.5,37.5,27.5,14.5,39.3,4.6,40.1,21.6,6.1,44720.0,17573.0,848.0,0.4886180679785331,0.0,0.2128801431127012,0.2128801431127012,0.2128801431127012,0.3416144901610018,0.6173524150268336,0.5410107334525939,20.50731666863609,51739.65637298747,1.8962432915921288,Georgia,Thomas County,8069.0,60140.0,55939.82818649373,-46763.44265478243,9228.154975013249
48235,Irion,TX,15.5,9.8,15.1,5.6,13.0,10.3,23.8,15.7,12.8,19.1,12.8,34.0,24.8,12.2,35.0,3.3,37.7,7.8,4.7,1599.0,653.0,0.0,0.0,0.0,0.0,0.0,0.0,0.0,0.0,0.0,14.8293963254593,76389.0,0.0,Texas,Irion County,107.0,58125.0,67257.0,-78949.78515562987,24889.94887187378
20061,Geary,KS,12.0,10.4,16.9,7.2,17.6,12.2,22.9,18.9,12.3,21.3,16.3,33.1,31.8,15.2,36.1,4.4,37.4,12.5,5.8,34362.0,12690.0,847.0,0.747948314999127,0.0,0.6658809149642047,0.6658809149642047,0.6658809149642047,0.1682963739014027,0.1682963739014027,0.7423316454222688,12.969629215191787,55841.18631045923,2.464932192538269,Kansas,Geary County,6709.0,57344.0,56592.59315522961,-52818.16392374661,16200.405302321165
37139,Pasquotank,NC,10.4,11.4,15.8,6.3,14.5,11.3,24.7,17.3,14.5,19.3,14.8,34.0,24.4,13.4,38.7,3.9,36.7,16.3,5.3,40661.0,14956.0,3063.0,0.3463269471975603,0.0,0.4127050490642138,0.4127050490642138,0.3463269471975603,0.3463269471975603,0.4853791102038808,0.4127050490642138,16.73538923363379,61114.71845257126,7.533016895796956,North Carolina,Pasquotank County,3827.0,63912.0,62513.359226285625,-52295.05235297408,11570.487187211545
38037,Grant,ND,8.7,10.7,15.3,7.2,17.8,10.3,22.1,14.6,10.6,19.7,11.4,30.3,27.0,12.8,41.8,3.9,33.5,13.2,5.1,2394.0,1128.0,25.0,0.0,0.0,0.0,0.0,0.0,0.0,0.0,0.0,11.7950925527335,72250.0,1.0442773600668338,North Dakota,Grant County,389.0,56750.0,64500.0,-78362.74207601124,24093.405157220066
13301,Warren,GA,16.2,11.6,18.8,8.1,19.4,15.5,30.2,28.8,26.1,26.8,23.6,41.9,34.5,17.8,43.8,5.9,43.3,26.8,7.7,5834.0,2315.0,89.0,0.0,0.0,0.0,0.0,0.0,0.487829962290024,0.487829962290024,1.0,26.190515280297557,41228.74871443264,1.5255399382927668,Georgia,Warren County,1112.0,46776.0,44002.37435721632,-76709.52394847594,23647.13599436333
35053,Socorro,NM,18.9,10.1,18.4,6.8,16.8,13.2,26.7,27.5,23.8,27.6,21.4,34.9,29.9,16.3,37.5,5.4,33.5,26.9,8.5,17866.0,7014.0,583.0,0.5708048807791335,0.0,0.8963953878876078,0.8963953878876078,0.6583454606515169,0.2876973021381395,0.2001567222657561,0.8963953878876078,30.199739829951287,42225.30006716669,3.2631814619948507,New Mexico,Socorro County,4502.0,47556.0,44890.65003358334,-61788.11723542304,24986.662419405817
55053,Jackson,WI,9.6,11.2,15.6,6.8,18.1,10.6,22.0,15.5,16.7,19.8,12.4,32.0,29.5,13.1,40.2,3.8,36.4,16.4,4.9,20449.0,7843.0,1333.0,0.2359039561836764,0.0,0.1949728593085236,0.1949728593085236,0.0,0.0,0.4446183187441929,0.1949728593085236,12.077828516802889,65292.73822680816,6.518656169005819,Wisconsin,Jackson County,2493.0,65508.0,65400.36911340408,-63168.02848470793,15659.22429053082
8001,Adams,CO,17.2,10.9,15.6,5.2,13.2,9.9,23.8,15.7,12.8,19.0,12.8,34.0,23.1,11.6,33.0,3.4,34.0,13.1,5.3,441603.0,153764.0,4027.0,0.9358292402904872,0.0,0.1717289058271796,0.4592450685344076,0.1717289058271796,0.0933440216665194,0.1221323224706354,0.4966519702085357,11.64985386122195,75613.55385266857,0.911905036877014,Colorado,Adams County,48994.0,91387.0,83500.27692633428,336733.35976624675,-7284.62699601128
18171,Warren,IN,8.4,11.4,16.3,7.7,17.8,10.9,23.4,13.8,8.1,19.7,11.0,34.5,24.7,12.7,41.4,3.3,40.3,12.6,4.4,8508.0,3337.0,84.0,0.0,0.0,0.0,0.0,0.0,0.0,0.0,0.0,10.430784434972388,70912.97179125529,0.9873060648801129,Indiana,Warren County,1061.0,74635.0,72773.98589562764,-73121.4924845327,20739.970001212423
29089,Howard,MO,8.7,10.7,18.2,7.3,17.0,10.1,19.9,13.2,10.4,19.7,12.0,32.7,28.3,13.8,36.0,3.5,38.6,17.9,4.6,10144.0,3981.0,714.0,0.3665220820189274,0.0,0.3665220820189274,0.3665220820189274,0.3665220820189274,0.0,0.0,0.3665220820189274,15.38719827444509,61313.151616719246,7.038643533123029,Missouri,Howard County,1203.0,62628.0,61970.57580835962,-71630.72234255436,20311.57465235952
48401,Rusk,TX,17.4,10.4,17.2,7.0,16.3,12.2,23.8,15.7,12.8,23.2,12.8,34.0,29.0,15.0,37.5,4.4,40.3,20.0,6.0,53330.0,18476.0,5210.0,0.3455653478342396,0.0,0.384042752672042,0.384042752672042,0.2803675229701856,0.1318582411400712,0.2402212638289893,0.5143633977123571,12.983102062451875,60421.48659291206,9.769360585036564,Texas,Rusk County,6795.0,67506.0,63963.74329645603,-36655.98634711315,9332.070479626396
5085,Lonoke,AR,10.1,10.3,18.2,6.8,15.9,10.1,26.8,15.5,8.6,21.2,12.9,35.9,30.3,13.7,35.7,3.5,38.6,12.9,4.8,68356.0,25295.0,572.0,0.3551699923927672,0.0,0.0437269588624261,0.099859558780502,0.0437269588624261,0.0786031950377435,0.1461759026274211,0.1784627538182456,12.493681286647824,66285.58208496694,0.8367955995084557,Arkansas,Lonoke County,8232.0,71449.0,68867.29104248347,-21034.22473430531,-7072.303128409843
35017,Grant,NM,16.8,9.7,16.3,6.0,13.7,11.4,23.8,22.2,18.4,23.4,17.9,34.0,25.9,13.6,33.9,4.5,33.9,14.4,6.9,29514.0,12586.0,590.0,0.3746357660771159,0.0,0.3746357660771159,0.3746357660771159,0.3746357660771159,0.4787897269092634,0.4787897269092634,0.582469336586027,21.71932891933331,51899.85281561293,1.9990512976892325,New Mexico,Grant County,5273.0,45921.0,48910.426407806466,-48487.36993807212,22739.65070491463
17057,Fulton,IL,9.3,10.6,15.6,7.5,17.2,10.4,25.6,16.5,16.2,19.8,13.4,34.7,24.2,13.0,39.8,3.7,37.9,16.9,4.8,37069.0,14536.0,2683.0,0.2739216056543203,0.0,0.1417626588254336,0.3233969084679921,0.0,0.1265477892578704,0.1265477892578704,0.5993687447732606,17.566407612837107,60654.7939787963,7.237853732229087,Illinois,Fulton County,3942.0,58617.0,59635.89698939815,-48187.15329997221,6713.888152740488
54053,Mason,WV,9.6,13.0,21.3,10.0,22.5,13.2,23.7,18.9,21.7,25.8,14.8,35.8,34.3,16.6,41.2,4.4,43.2,11.3,5.7,27324.0,11149.0,635.0,0.1718269653052261,0.0,0.0,0.0,0.0,0.0,0.7787659200702679,0.2212340799297321,17.713055919159437,53580.07641633729,2.32396428048602,West Virginia,Mason County,4366.0,53454.0,53517.03820816864,-55174.30201409877,10844.98343081573
28127,Simpson,MS,12.5,10.2,19.0,7.9,18.5,13.2,30.4,23.4,13.7,23.8,18.2,38.3,33.5,16.9,40.1,4.9,36.2,21.3,6.6,27503.0,10330.0,642.0,0.1769261535105261,0.0,0.4016652728793222,0.4016652728793222,0.1769261535105261,0.5983347271206777,0.5983347271206777,1.0,24.85746476819559,45417.44209722576,2.3342908046394935,Mississippi,Simpson County,4902.0,54111.0,49764.221048612875,-58886.930107900924,14816.19531724323
16033,Clark,ID,20.0,10.6,19.1,6.8,14.3,11.5,23.0,21.9,15.2,23.8,17.2,31.5,29.0,16.5,36.7,4.6,35.0,20.0,7.0,982.0,345.0,2.0,0.0,0.0,1.0,1.0,1.0,1.0,0.0,1.0,19.6843082636954,50833.0,0.2036659877800407,Idaho,Clark County,98.0,52083.0,51458.0,-79411.71357281614,25383.860760595653
36097,Schuyler,NY,6.5,11.4,14.4,6.9,15.3,9.1,23.9,15.0,14.6,17.3,13.0,33.5,24.1,12.2,31.2,3.6,39.7,11.8,4.6,18343.0,7530.0,354.0,0.0,0.0,0.0,0.0,0.0,0.0,0.2521942975521997,0.17478057024478,13.92326509938586,67207.44305729706,1.9298915117483508,New York,Schuyler County,2663.0,65625.0,66416.22152864853,-64027.38883687655,15723.603439236598
37089,Henderson,NC,10.6,10.5,14.9,6.1,13.2,9.1,20.6,12.8,9.8,17.0,10.7,31.2,21.0,11.5,30.4,3.2,34.4,12.2,4.4,106740.0,45448.0,1299.0,0.5564830429080008,0.0,0.0770938729623384,0.0980794453813003,0.0770938729623384,0.0518268690275435,0.1976016488664043,0.1224002248454187,10.693061052733285,67394.3038504778,1.2169758291174817,North Carolina,Henderson County,13536.0,67623.0,67508.6519252389,14390.304331279724,-18726.064240327014
40105,Nowata,OK,10.7,12.5,19.6,8.4,20.6,12.3,26.4,21.3,18.4,22.7,16.2,34.2,33.2,17.2,40.3,4.5,40.4,19.3,6.5,10536.0,4224.0,157.0,0.428246013667426,0.0,0.5878891419893698,0.5878891419893698,0.428246013667426,0.428246013667426,0.428246013667426,0.5878891419893698,16.902202917844928,52153.12224753227,1.4901290812452543,Oklahoma,Nowata County,1516.0,52679.0,52416.061123766136,-72359.33979395495,21921.2246465204
5031,Craighead,AR,10.7,10.6,19.2,7.6,16.2,11.2,27.5,18.7,12.3,23.4,15.3,34.3,30.9,15.4,39.6,4.2,41.3,18.6,5.7,96443.0,37291.0,3579.0,0.6343954460147445,0.0,0.170629283618303,0.3736403886233319,0.170629283618303,0.2970459234988542,0.5612641663988055,0.3736403886233319,19.490890773769813,57271.839698059994,3.71100027995811,Arkansas,Craighead County,20670.0,57615.0,57443.41984903,3503.9292895757244,-14910.080774374681
56001,Albany,WY,10.5,10.3,13.9,5.9,12.9,9.2,23.8,15.7,12.8,16.7,12.8,34.0,19.5,11.2,30.6,3.3,32.0,12.4,4.4,36299.0,15691.0,2248.0,0.8482327336841236,0.0778533843907545,0.3373646656932698,0.630540786247555,0.3373646656932698,0.0,0.0,0.630540786247555,24.78349707595025,72424.79732224028,6.193008071847708,Wyoming,Albany County,7328.0,59881.0,66152.89866112014,-48190.748847157935,10675.501322543689
39163,Vinton,OH,10.1,11.8,17.9,9.4,21.3,12.3,22.7,17.9,16.4,22.2,13.6,36.7,31.3,14.3,39.7,4.3,39.7,23.7,5.5,13435.0,5260.0,68.0,0.0,0.0,0.2200967621883141,0.2200967621883141,0.0,0.3730554521771492,0.7799032378116859,0.5931522143654634,20.824018910609237,54138.83349460365,0.5061406773353182,Ohio,Vinton County,2083.0,53813.0,53975.916747301824,-67886.68831505833,18253.516117732044
20181,Sherman,KS,10.8,10.1,15.9,6.4,16.2,10.1,21.7,13.6,7.9,18.2,12.2,31.1,28.9,12.6,39.3,3.4,35.1,8.4,4.5,6010.0,2608.0,102.0,0.8138103161397671,0.0,1.0,1.0,0.8138103161397671,0.0,0.0,1.0,19.048916622848093,55158.46139767055,1.697171381031614,Kansas,Sherman County,557.0,64444.0,59801.23069883528,-74950.71914982409,22825.199728859654
55137,Waushara,WI,10.0,10.6,15.1,6.3,16.9,10.2,22.8,14.4,15.0,18.3,11.7,31.5,29.2,12.4,39.5,3.5,33.5,12.9,4.6,24496.0,9949.0,1261.0,0.1843158066623122,0.0,0.1843158066623122,0.1843158066623122,0.1843158066623122,0.3254000653167864,0.5074297844546048,0.3254000653167864,11.429657997106432,63349.93733670803,5.14777922926192,Wisconsin,Waushara County,2631.0,64968.0,64158.96866835402,-59025.020431656114,13558.049941905612
6007,Butte,CA,8.4,10.5,16.4,6.2,13.9,9.9,25.3,16.9,17.5,21.3,14.6,34.8,22.7,13.5,30.6,4.0,33.7,9.9,5.3,220000.0,87618.0,4942.0,0.7374363636363637,0.0,0.2804454545454545,0.5152727272727273,0.2804454545454545,0.2506818181818182,0.344490909090909,0.6532045454545454,20.6317948051885,65809.08303636363,2.246363636363637,California,Butte County,37531.0,68574.0,67191.54151818182,117022.47845167169,-42755.75390685492
26053,Gogebic,MI,7.1,11.8,16.5,8.2,17.5,10.5,22.6,16.4,16.4,19.7,12.6,33.3,25.3,13.1,37.1,3.8,34.6,11.6,4.9,16427.0,7037.0,1549.0,0.3281183417544286,0.0,0.1632677908321665,0.4913861325865952,0.0,0.1517623424849333,0.3023071772082547,0.7032324831070798,17.850674238100577,55034.16174590613,9.429597613684788,Michigan,Gogebic County,2100.0,49672.0,52353.08087295307,-66289.4021602437,17061.060567262684
20205,Wilson,KS,10.1,10.6,17.3,7.6,18.4,10.4,22.0,15.2,9.6,19.9,12.8,31.8,28.0,13.8,39.9,3.8,36.1,18.8,4.9,9409.0,3933.0,121.0,0.3227760654692316,0.0,0.0,0.0,0.0,0.0,0.0,0.2936550111595281,14.392829087868126,58522.18280369859,1.2860027633117228,Kansas,Wilson County,1331.0,57056.0,57789.09140184929,-71881.4754403907,20615.531213856342
18001,Adams,IN,10.4,11.8,18.2,9.1,20.1,12.1,24.0,17.8,11.5,23.1,13.2,33.0,27.1,14.8,42.1,4.1,38.5,19.5,5.5,34387.0,12011.0,421.0,0.342658562828976,0.0,0.1445604443539709,0.1445604443539709,0.1445604443539709,0.3594672405269433,0.3594672405269433,0.5040276848809143,16.485437650474267,62695.032134236775,1.2242998807688952,Indiana,Adams County,4411.0,63128.0,62911.516067118384,-48064.015883947795,8129.336116289953
17019,Champaign,IL,7.7,10.2,12.9,6.0,12.9,10.6,25.3,15.2,14.4,17.5,12.7,33.5,21.3,11.5,34.0,3.3,35.9,12.4,4.5,201081.0,80665.0,16129.0,0.8917301982783058,0.0240848215395785,0.0623679014924333,0.3959449177197249,0.0623679014924333,0.2421959309929829,0.3717009563310308,0.4505298859663518,23.82200084913496,77526.42255111125,8.021145707451225,Illinois,Champaign County,34513.0,63091.0,70308.71127555563,76032.95997695392,-46424.291595079674
5137,Stone,AR,12.2,10.8,21.8,9.7,20.9,12.0,27.5,21.4,14.6,26.8,15.7,35.5,34.4,17.6,40.1,4.9,42.0,23.0,6.6,12394.0,5325.0,151.0,0.0,0.0,0.1336937227690818,0.1336937227690818,0.0,0.0,0.3229788607390673,0.6770211392609327,22.007640550494063,44549.4006777473,1.2183314507019525,Arkansas,Stone County,2665.0,38531.0,41540.20033887365,-68544.09380982064,19039.468412101694
8111,San Juan,CO,8.9,10.6,13.4,4.9,11.0,7.8,23.8,15.7,12.8,14.0,12.8,34.0,15.9,9.2,25.8,2.7,31.9,14.3,3.7,699.0,344.0,0.0,0.0,0.0,1.0,1.0,0.0,0.0,0.0,1.0,4.59558823529412,61719.0,0.0,Colorado,San Juan County,116.0,73889.0,67804.0,-79856.7519652579,25106.638298112262
48415,Scurry,TX,21.8,9.6,16.7,6.3,14.6,12.4,23.8,15.7,12.8,23.7,12.8,34.0,30.5,14.6,38.6,4.2,39.8,22.0,6.3,16921.0,5838.0,1724.0,0.3424738490632941,0.0,0.0,0.0,0.0,0.0,0.6412741563737367,0.2865669877666804,14.730794143249184,69252.4814727262,10.188523136930442,Texas,Scurry County,1411.0,62689.0,65970.7407363631,-64273.55297507545,23051.812473014812
51550,Chesapeake,VA,8.5,11.0,14.3,5.3,12.4,11.6,21.9,13.8,11.2,17.9,12.3,33.6,22.2,12.5,39.6,3.2,39.8,15.5,4.4,222209.0,79574.0,3721.0,0.8827680246974695,0.0,0.1625631725087642,0.2347384669387828,0.1625631725087642,0.0816798599516671,0.1581349090270871,0.2347384669387828,9.01833816032763,87557.24786574801,1.6745496357033245,Virginia,Chesapeake city,21444.0,94189.0,90873.123932874,70136.401387894,-54787.56318579656
23003,Aroostook,ME,10.1,13.6,18.7,8.3,18.6,10.7,26.6,15.1,21.5,21.2,13.6,36.4,29.2,13.8,40.0,3.7,39.1,24.3,4.8,71870.0,30961.0,2005.0,0.031362181716989,0.0,0.2311256435230277,0.2311256435230277,0.0725198274662585,0.1191874217336858,0.1854459440656741,0.7497982468345624,17.31974979911003,53219.575873104215,2.789759287602616,Maine,Aroostook County,9423.0,54254.0,53736.78793655211,-15667.359677181783,-12002.12476977865
53019,Ferry,WA,9.4,12.7,18.6,6.9,16.7,10.4,23.8,15.7,12.8,21.6,12.8,34.0,22.4,13.8,40.0,4.3,37.5,14.4,5.7,7551.0,3190.0,252.0,0.0,0.0,0.5860150973381009,0.5860150973381009,0.2292411601112435,0.2292411601112435,0.0,1.0,19.114487779560253,52388.814064362334,3.3373063170441,Washington,Ferry County,1131.0,54650.0,53519.40703218117,-74333.69127213971,22596.376890631458
54057,Mineral,WV,7.8,12.1,18.0,7.8,18.3,11.7,23.1,13.9,15.0,21.6,12.1,33.5,28.8,13.9,39.4,3.4,38.7,14.2,4.5,28212.0,11550.0,646.0,0.2794909967389763,0.0,0.1844250673472281,0.1844250673472281,0.1844250673472281,0.2622642847015454,0.428860059549128,0.2622642847015454,14.604280174125696,58363.23695590529,2.2898057564157095,West Virginia,Mineral County,3719.0,68049.0,63206.118477952645,-55482.805034488854,10584.642070610931
48457,Tyler,TX,17.8,10.8,19.1,8.8,20.3,12.7,23.8,15.7,12.8,26.0,12.8,34.0,31.6,16.7,39.4,5.0,39.5,14.7,6.7,21766.0,8007.0,2448.0,0.1158687861802811,0.0,0.3620784710098318,0.3620784710098318,0.1158687861802811,0.2462096848295506,0.6089313608380043,0.3620784710098318,14.830765669147988,57835.31287328862,11.246898833042358,Texas,Tyler County,3495.0,50647.0,54241.156436644305,-62584.58959379511,16328.919273451558
23021,Piscataquis,ME,10.1,12.9,18.9,8.2,18.6,9.6,25.0,15.4,20.3,20.4,13.6,34.9,25.3,13.1,34.3,3.8,35.5,20.9,4.9,17535.0,7825.0,220.0,0.0,0.0,0.0,0.0,0.0,0.2168805246649558,0.4571428571428571,0.6364414029084687,19.131277862201205,51742.17878528657,1.2546335899629313,Maine,Piscataquis County,2761.0,55234.0,53488.08939264328,-64346.92149676665,16189.592043677383
48375,Potter,TX,24.0,10.1,19.0,7.7,17.5,14.4,23.8,15.7,12.8,28.2,12.8,34.0,34.6,17.5,42.0,5.4,41.5,15.4,8.0,121073.0,42933.0,6919.0,0.8401377681233636,0.0643083098626448,0.2415154493569995,0.556862388806753,0.2415154493569995,0.2466198078844994,0.3221527508197533,0.5851015503043618,20.24362806375025,54587.749762539956,5.71473408604726,Texas,Potter County,23024.0,50448.0,52517.87488126998,35584.44861593722,14395.803755748457
46059,Hand,SD,7.6,9.9,13.0,5.3,13.9,8.8,23.8,15.7,12.8,14.1,12.8,34.0,20.5,9.7,34.4,2.8,31.9,11.9,3.6,3431.0,1494.0,61.0,0.0,0.0,0.0,0.0,0.0,0.0,0.0,0.0,8.965185902390774,72586.23171087146,1.7779073156514134,South Dakota,Hand County,198.0,72054.0,72320.11585543572,-77474.85040711613,23495.16613736641
27095,Mille Lacs,MN,8.7,10.6,15.8,5.9,17.6,9.7,22.3,14.5,10.5,17.1,11.5,30.7,26.7,11.7,38.0,3.4,34.6,12.2,4.4,26097.0,10166.0,523.0,0.2174579453577039,0.0,0.3207265202896884,0.3207265202896884,0.2174579453577039,0.3371268728206307,0.3371268728206307,0.8917116909989654,12.32176145711816,63305.57772924091,2.004061769552056,Minnesota,Mille Lacs County,2783.0,71455.0,67380.28886462045,-58017.99868624838,12574.366447076554
1033,Colbert,AL,10.2,10.4,17.4,7.4,16.6,12.1,25.2,18.7,13.6,22.0,14.2,36.0,26.9,14.8,37.4,4.1,41.6,13.1,5.4,54428.0,22773.0,474.0,0.6234658631586684,0.0,0.1395421474241199,0.1768758727125744,0.1395421474241199,0.1768758727125744,0.4273719409127655,0.292331153082972,16.519360186915318,57815.21117807011,0.8708752847798927,Alabama,Colbert County,9626.0,56736.0,57275.605589035054,-35787.04627976057,746.6844051408443
56007,Carbon,WY,15.2,10.0,16.0,6.7,15.7,10.7,23.8,15.7,12.8,19.7,12.8,34.0,29.2,12.8,38.3,3.7,32.9,12.0,5.2,15885.0,6388.0,780.0,0.5501416430594901,0.0,0.249606547056972,0.249606547056972,0.249606547056972,0.249606547056972,0.0,0.249606547056972,13.566229475627654,75500.03462385898,4.910292728989613,Wyoming,Carbon County,1752.0,66721.0,71110.51731192949,-66236.63134917372,19844.898596938292
13319,Wilkinson,GA,14.8,11.1,17.9,7.8,18.6,14.1,27.0,23.9,21.6,24.3,19.7,39.3,32.1,16.4,41.1,5.1,44.4,22.2,6.8,9563.0,3666.0,110.0,0.0,0.0,0.2011920945310049,0.2011920945310049,0.0,0.4517410854334414,0.798807905468995,0.6529331799644463,24.638252020148222,52149.89229321343,1.1502666527240406,Georgia,Wilkinson County,1761.0,46673.0,49411.446146606715,-73392.2217694793,21917.88965790818
17123,Marshall,IL,8.7,10.6,14.9,6.9,15.7,9.7,25.2,14.2,13.5,18.3,11.9,34.8,22.9,12.0,38.6,3.3,37.7,11.5,4.3,12640.0,5161.0,255.0,0.0,0.0,0.0,0.0,0.0,0.0,0.0,0.0,11.091154937139224,70108.2707278481,2.017405063291139,Illinois,Marshall County,1334.0,69818.0,69963.13536392406,-69535.80304081824,18734.807374151216
51059,Fairfax,VA,7.6,9.1,11.0,3.7,8.0,9.5,21.7,9.4,6.1,13.3,8.3,33.3,18.9,8.8,23.8,2.2,34.6,7.4,3.4,1081726.0,391627.0,9290.0,0.9880191471777512,0.0073086900009799,0.0118976524554277,0.1048472533710015,0.0118976524554277,0.016484766012835,0.0868537873731425,0.1577645355663079,6.12974414395835,143193.65402606575,0.8588126752985508,Virginia,Fairfax County,67276.0,150113.0,146653.32701303286,672799.1722165376,-199220.38852740335
53055,San Juan,WA,6.7,10.8,12.6,4.2,9.5,7.0,23.8,15.7,12.8,13.3,12.8,34.0,13.6,8.9,24.8,2.6,28.9,10.5,3.3,15769.0,7613.0,187.0,0.0,0.0,0.0,0.0,0.0,0.0,0.0,0.1839685458811592,11.336058932149472,74776.555330078,1.185871012746528,Washington,San Juan County,1892.0,83682.0,79229.277665039,-66920.41693099754,18050.78198110695
30049,Lewis and Clark,MT,8.4,11.3,13.8,5.2,12.2,7.5,20.3,10.0,6.9,15.3,8.3,30.6,17.3,10.3,30.8,2.7,28.1,9.9,3.6,63395.0,26694.0,1946.0,0.4799432131871599,0.0,0.067907563687988,0.067907563687988,0.067907563687988,0.067907563687988,0.1554223519204984,0.1293477403580724,11.399769910023124,78251.21888161526,3.0696427163025475,Montana,Lewis and Clark County,6209.0,74543.0,76397.10944080763,-26479.360312010933,-6322.46731354763
20139,Osage,KS,9.2,10.3,16.1,6.7,16.7,9.6,21.6,12.8,7.5,17.9,11.2,30.4,26.4,12.5,41.5,3.3,32.1,16.5,4.2,16295.0,6552.0,194.0,0.1880945075176434,0.0,0.0,0.0,0.0,0.0,0.0,0.0,12.78447308477829,66094.13642221541,1.190549248235655,Kansas,Osage County,1709.0,70216.0,68155.0682111077,-66173.06334573845,16812.6510165718
47177,Warren,TN,15.5,11.2,20.6,9.3,21.6,13.1,23.8,15.7,12.8,25.5,12.8,34.0,30.6,16.4,42.0,4.4,39.7,27.8,6.1,39839.0,15850.0,580.0,0.2213157960792188,0.0,0.0930746253671025,0.2213157960792188,0.0930746253671025,0.2213157960792188,0.3828660357940711,0.5771731218153066,23.16813641264219,52125.76088757248,1.4558598358392532,Tennessee,Warren County,6286.0,54088.0,53106.88044378624,-42691.063291234736,9019.5103909656
19013,Black Hawk,IA,7.4,10.5,14.4,6.4,16.9,10.8,23.8,13.5,12.6,18.5,10.3,31.8,23.5,11.9,42.0,3.4,36.0,10.1,4.3,131090.0,52470.0,5967.0,0.8277519261576016,0.0392249599511785,0.2430238767259135,0.3612403692119917,0.2430238767259135,0.0553970554580822,0.1167823632618811,0.3935159051033641,17.498577192689762,70739.8670073995,4.551834617438401,Iowa,Black Hawk County,18505.0,64581.0,67660.43350369975,29520.274947467173,-33652.98418727021
6077,San Joaquin,CA,13.0,9.5,16.0,5.2,12.7,11.7,29.7,21.4,18.1,24.1,17.4,36.3,25.9,14.4,30.6,4.1,38.4,11.8,6.3,685306.0,215007.0,14354.0,0.8707015552176692,0.0076870770137719,0.1133668755271367,0.3593358295418397,0.1133668755271367,0.0895789618068425,0.1166602948172057,0.5000758785126644,16.445387737179328,70984.8279235845,2.094538789971195,California,San Joaquin County,97063.0,88531.0,79757.91396179225,507340.89819860196,87689.64568849867
40123,Pontotoc,OK,10.0,11.9,17.4,7.0,17.1,10.9,25.4,17.7,14.2,19.5,13.9,34.1,28.9,15.0,40.3,3.7,37.3,11.3,5.5,37492.0,14654.0,1696.0,0.5220580390483303,0.0,0.0,0.1788914968526619,0.0,0.0,0.1951349621252534,0.2229008855222447,16.022623676873213,60680.335058145734,4.523631708097727,Oklahoma,Pontotoc County,4641.0,62564.0,61622.16752907287,-51892.76683349901,12762.439392149763
37055,Dare,NC,8.1,10.2,13.2,5.1,11.4,8.1,19.5,9.6,7.0,13.8,8.5,31.1,18.4,9.8,31.0,2.6,28.1,8.0,3.5,33920.0,14335.0,152.0,0.6890625,0.0,0.0,0.0,0.0,0.0,0.1274174528301886,0.0367334905660377,8.614156599930835,71464.54557783018,0.4481132075471698,North Carolina,Dare County,2817.0,81214.0,76339.27278891508,-50917.288010659155,9840.097986116896
48295,Lipscomb,TX,21.2,9.8,16.7,6.6,14.7,12.1,23.8,15.7,12.8,23.4,12.8,34.0,29.2,14.5,36.9,4.2,37.9,12.0,6.2,3302.0,1263.0,37.0,0.0,0.0,0.0,0.0,0.0,0.0,0.0,0.0,11.307835413144938,72854.13506965476,1.12053301029679,Texas,Lipscomb County,394.0,71442.0,72148.06753482738,-77229.63249073927,24644.004915485417
55113,Sawyer,WI,8.5,11.4,15.2,6.6,18.1,10.4,21.3,15.6,16.7,20.3,12.4,30.8,28.3,13.2,34.2,3.7,36.4,9.9,5.1,16557.0,7038.0,325.0,0.2768617503170864,0.0,0.3767590747116023,0.3767590747116023,0.2768617503170864,0.1849368847013348,0.1849368847013348,0.6618348734674155,17.20393723572162,55334.79162891828,1.962915987195748,Wisconsin,Sawyer County,2660.0,59055.0,57194.895814459145,-67229.73568304445,18484.85004910714
47069,Hardeman,TN,15.1,11.4,20.8,9.2,22.6,15.1,23.8,15.7,12.8,27.9,12.8,34.0,33.0,18.2,43.8,5.3,45.0,25.3,7.2,27253.0,9301.0,3825.0,0.0,0.0,0.1020805048985432,0.1020805048985432,0.0,0.3514842402671265,0.3514842402671265,0.8547315891828423,21.17352880949379,49928.14310351154,14.03515209334752,Tennessee,Hardeman County,3789.0,46173.0,48050.57155175577,-61524.19835189535,15357.796955508486
40145,Wagoner,OK,9.7,11.2,16.4,6.4,15.5,10.3,24.9,15.4,12.1,17.9,12.7,33.1,27.5,13.7,35.8,3.4,39.7,10.2,4.8,73085.0,26878.0,319.0,0.5777792980775809,0.0,0.0899363754532393,0.0899363754532393,0.0899363754532393,0.0590545255524389,0.1606075118013272,0.1876992542929465,10.841611053350713,70928.65917766983,0.4364780734760894,Oklahoma,Wagoner County,7797.0,78520.0,74724.32958883492,-23119.786949568894,-960.7381019187778
35029,Luna,NM,26.6,9.9,20.8,7.8,18.0,15.0,28.1,35.2,32.0,32.5,26.5,36.8,34.6,19.0,36.9,6.9,38.3,22.5,11.0,25095.0,9593.0,551.0,0.5488742777445706,0.0,0.6748356246264196,0.785415421398685,0.6748356246264196,0.8306435544929269,0.8306435544929269,1.0,29.896063877102343,40706.13126120741,2.1956565052799366,New Mexico,Luna County,6517.0,37917.0,39311.565630603705,-50787.55459166918,27366.151154362367
22101,St. Mary,LA,11.7,10.8,21.8,9.0,21.7,14.7,31.8,28.9,25.4,28.4,21.4,40.2,34.8,18.8,44.9,5.7,44.4,24.0,7.8,54650.0,20457.0,868.0,0.7338700823421775,0.0,0.2635132662397072,0.5207319304666057,0.2635132662397072,0.1913449222323879,0.1913449222323879,0.710192131747484,19.05936893591975,50717.79612076853,1.5882891125343093,Louisiana,St. Mary Parish,10553.0,51768.0,51242.898060384265,-39567.64687790546,7586.389072797538
13163,Jefferson,GA,17.5,11.5,19.4,8.6,20.3,15.5,30.3,29.7,26.8,27.9,23.7,43.4,35.3,18.5,41.3,6.1,44.6,24.6,8.1,16930.0,6241.0,527.0,0.0,0.0,0.0,0.0,0.0,0.8757826343768458,0.8757826343768458,1.0,25.067558715872178,46275.91831069108,3.112817483756645,Georgia,Jefferson County,2810.0,46561.0,46418.45915534554,-69128.4479657946,20359.352713728615
20129,Morton,KS,15.2,10.1,17.2,6.9,17.2,11.1,24.0,17.8,10.0,21.3,15.1,32.6,30.8,14.1,38.4,3.9,37.7,23.6,5.5,3233.0,1250.0,83.0,0.0,0.0,1.0,1.0,0.0,0.0,0.0,1.0,7.40740740740741,57656.0,2.567274976801732,Kansas,Morton County,381.0,65625.0,61640.5,-77453.11634628875,24343.22159198235
55141,Wood,WI,8.5,11.1,14.4,6.0,15.9,9.7,21.4,12.8,13.3,17.1,10.3,30.3,26.1,11.7,39.9,3.3,33.3,8.9,4.2,74749.0,31598.0,891.0,0.5298933765000201,0.0,0.1285100804024134,0.1285100804024134,0.1285100804024134,0.0761883102115078,0.2069860466360754,0.2390533652624115,10.357040374359126,68586.54289689494,1.1919891904908426,Wisconsin,Wood County,7543.0,66417.0,67501.77144844747,-15083.31950459526,-12733.562249797596
17085,Jo Daviess,IL,7.5,10.2,13.5,6.1,13.9,9.0,24.1,12.1,11.2,16.4,10.5,33.3,21.0,10.7,36.4,2.9,34.4,11.4,3.8,22678.0,9753.0,167.0,0.2180086427374548,0.0,0.1367845489020195,0.1367845489020195,0.0,0.0,0.0,0.2798306728988446,8.341921136630242,73238.08087132905,0.7363965076285387,Illinois,Jo Daviess County,1746.0,74954.0,74096.04043566453,-60953.972581629234,13387.215650218513
51590,Danville,VA,12.9,12.6,20.3,8.9,20.0,16.6,26.9,29.1,29.7,27.9,22.7,38.3,34.0,19.4,42.3,6.2,46.6,21.4,8.3,43055.0,18831.0,1483.0,0.9999535477877134,0.0,0.2285913366624085,0.8297758680757171,0.2285913366624085,0.3750551620020903,0.3750551620020903,0.9223551271629312,21.99046755692674,46256.92028800372,3.4444315410521424,Virginia,Danville city,10156.0,42778.0,44517.46014400186,-50836.91032688013,11691.630099323727
27045,Fillmore,MN,8.1,10.3,14.6,5.4,16.1,9.0,21.3,11.9,8.7,16.1,9.9,30.7,23.4,10.5,40.7,3.1,32.0,10.1,3.9,20866.0,8545.0,359.0,0.0,0.0,0.0,0.0,0.0,0.1565225726061535,0.1565225726061535,0.4857663184127288,11.027010109626511,75069.11152113487,1.72050225246813,Minnesota,Fillmore County,1858.0,75225.0,75147.05576056743,-62088.055621091335,14017.429071404822
26091,Lenawee,MI,8.1,11.4,16.1,7.2,16.0,10.0,23.1,15.1,14.1,18.8,12.2,33.1,25.0,12.1,40.8,3.4,37.7,8.6,4.6,99892.0,37514.0,5396.0,0.4896287991030312,0.0,0.1506326832979618,0.1506326832979618,0.1506326832979618,0.1506326832979618,0.1506326832979618,0.234593360829696,12.450186332498896,65704.08881592119,5.401833980699155,Michigan,Lenawee County,10915.0,67013.0,66358.5444079606,7259.631761240045,-19918.86770831326
29101,Johnson,MO,8.7,10.5,18.3,7.2,16.9,10.3,20.4,13.3,10.4,19.1,12.2,31.2,27.2,13.4,37.5,3.5,38.5,11.3,4.6,52595.0,19311.0,3671.0,0.5300503850175873,0.0,0.1513641981176918,0.2190512406122255,0.1513641981176918,0.1245555661184523,0.5478847799220459,0.2190512406122255,16.923846013572856,64819.43553569731,6.979750926894192,Missouri,Johnson County,5955.0,67123.0,65971.21776784866,-35412.296434031174,676.6755101441813
51077,Grayson,VA,12.4,11.4,20.1,9.2,20.5,13.1,23.5,20.4,19.5,24.9,15.2,36.6,31.3,16.7,41.2,4.8,39.7,23.2,6.4,15533.0,6846.0,178.0,0.0,0.0,0.3397283203502221,0.3397283203502221,0.0,0.4025622867443507,0.4025622867443507,1.0,20.43854566919849,46083.73900727483,1.1459473379257066,Virginia,Grayson County,2595.0,42864.0,44473.86950363741,-66038.2974387747,17609.520954490694
30095,Stillwater,MT,9.4,10.9,14.4,5.6,13.2,7.7,21.7,10.5,7.1,15.8,9.1,29.8,19.0,10.0,29.9,2.9,32.9,7.3,3.8,9117.0,3796.0,112.0,0.0,0.0,0.0,0.0,0.0,0.0,0.0,0.0,6.233826636490298,77019.82746517495,1.228474278819787,Montana,Stillwater County,740.0,81503.0,79261.41373258748,-72777.9947811409,20588.98706807066
55033,Dunn,WI,7.7,10.9,13.8,5.9,15.2,9.3,20.3,11.8,12.7,16.6,10.0,31.5,26.9,11.5,40.7,3.2,34.9,10.0,4.0,43857.0,16373.0,3415.0,0.4422099094785325,0.0,0.0,0.1410949221332968,0.0,0.0,0.1453131769158857,0.1410949221332968,13.32279233367112,69390.02109127391,7.7866703148870196,Wisconsin,Dunn County,4504.0,71785.0,70587.51054563696,-42769.89927560315,3143.1232854749833
28035,Forrest,MS,11.0,10.0,17.8,7.5,16.6,13.5,27.6,23.2,13.7,22.7,17.6,35.5,30.6,16.4,37.6,4.8,39.7,17.3,6.5,74934.0,28746.0,3601.0,0.6791976939706942,0.0,0.4174473536712307,0.5683001040916006,0.3106066672004697,0.4144180211919823,0.4965302799797155,0.7264259214775669,26.472975486749817,51332.33390717165,4.805562228094056,Mississippi,Forrest County,15850.0,52821.0,52076.666953585824,-24474.29397244614,-838.9302889101236
54033,Harrison,WV,8.5,12.4,19.2,8.4,19.2,12.6,22.8,15.8,17.2,22.7,12.7,34.0,28.6,14.4,40.1,3.8,40.1,16.4,4.9,69099.0,28533.0,885.0,0.5173591513625379,0.0,0.1230263824367935,0.211942285706016,0.1230263824367935,0.0845019464825829,0.2357631803644047,0.3217991577302131,15.63294704970028,66691.88002720734,1.2807710675986628,West Virginia,Harrison County,8708.0,58326.0,62508.94001360367,-19346.05963083379,-10783.47151859244
31135,Perkins,NE,9.4,9.3,12.6,5.7,14.3,9.0,20.6,11.8,8.1,15.1,9.3,30.6,24.6,10.6,40.7,2.9,33.1,12.6,3.9,2970.0,1239.0,44.0,0.0,0.0,0.0,0.0,0.0,0.0,0.0,0.0,5.538140020898641,76042.0,1.4814814814814814,Nebraska,Perkins County,214.0,67500.0,71771.0,-77892.9933370172,23834.261569206443
5097,Montgomery,AR,12.0,10.6,20.6,8.7,18.8,11.4,26.1,19.4,12.5,24.8,14.6,35.4,32.6,16.4,41.1,4.5,41.1,17.7,6.1,9487.0,4000.0,121.0,0.0,0.0,0.6522609887214083,0.6522609887214083,0.0,0.0,0.0,0.6522609887214083,18.993619805071067,45890.322125013176,1.2754295351533678,Arkansas,Montgomery County,1762.0,49015.0,47452.66106250659,-71664.67709743876,20813.57218260821
35051,Sierra,NM,16.4,10.4,18.4,7.6,17.3,11.9,24.9,24.0,22.2,25.4,18.8,35.1,27.2,15.3,38.1,5.1,36.2,16.0,7.4,11988.0,5917.0,265.0,0.2882882882882883,0.0,0.5042542542542543,0.5042542542542543,0.5042542542542543,0.7928762095428762,0.5769102435769102,0.7928762095428762,24.91349419942001,40667.52869536203,2.2105438772105437,New Mexico,Sierra County,2810.0,37840.0,39253.76434768102,-68322.46799447581,22532.442282687494
20133,Neosho,KS,9.9,10.4,16.6,7.3,17.4,10.6,21.5,14.9,9.4,19.1,12.8,30.8,27.1,13.4,39.9,3.7,36.4,19.1,4.8,16512.0,6645.0,450.0,0.5938105620155039,0.0,0.2320736434108527,0.5938105620155039,0.2320736434108527,0.3946826550387597,0.3946826550387597,0.5938105620155039,17.171422350713996,55458.333212209305,2.7252906976744184,Kansas,Neosho County,2340.0,55704.0,55581.166606104656,-65315.3510621196,17401.285617448044
55021,Columbia,WI,7.9,10.9,13.6,5.6,14.4,9.0,19.8,11.1,11.6,15.7,9.7,31.7,24.6,11.0,33.2,3.0,32.9,9.2,3.8,56833.0,22735.0,1526.0,0.2883711927929196,0.0,0.0,0.0,0.0,0.0,0.2186229831260007,0.1464642021360829,8.224086484651812,78892.9368324741,2.6850597364207416,Wisconsin,Columbia County,4443.0,82792.0,80842.46841623704,-32477.64099619433,-4259.539179333202
19173,Taylor,IA,9.0,10.0,15.2,6.6,17.0,10.0,24.8,13.5,11.3,18.5,11.0,33.9,26.4,11.9,40.0,3.3,34.8,9.4,4.3,6317.0,2679.0,96.0,0.0,0.0,0.0,0.0,0.0,0.0,0.0,0.3780275447205952,10.319182519544595,61326.54472059522,1.5197087224948551,Iowa,Taylor County,600.0,67279.0,64302.77236029761,-74716.86226273689,22301.702460271597
38095,Towner,ND,9.5,10.8,15.5,7.0,17.6,10.4,23.2,15.3,10.8,19.8,12.3,31.9,27.3,12.8,43.9,3.9,33.6,8.3,5.2,2246.0,1048.0,43.0,0.0,0.0,0.0,0.0,0.0,0.0,0.0,0.0,12.234762979684,71920.0,1.9145146927871772,North Dakota,Towner County,237.0,63017.0,67468.5,-78469.2342707124,24189.08963218551
38025,Dunn,ND,8.1,10.2,13.5,5.6,15.0,9.4,23.4,11.9,7.1,16.5,10.2,30.3,22.7,10.7,36.5,3.1,31.9,10.9,4.2,3536.0,1401.0,127.0,0.0,0.0,0.0,0.0,0.0,0.0,0.0,0.0,8.88940737284181,92639.0,3.5916289592760178,North Dakota,Dunn County,288.0,94688.0,93663.5,-77640.81271963246,23769.439015877386
46049,Faulk,SD,9.7,10.6,16.0,7.3,18.3,10.8,23.8,15.7,12.8,18.8,12.8,34.0,25.4,12.8,36.8,4.0,32.2,17.5,5.1,2364.0,869.0,497.0,0.0,0.0,0.0,0.0,0.0,0.0,0.0,0.0,12.7989371124889,79150.0,21.023688663282577,South Dakota,Faulk County,529.0,58000.0,68575.0,-78345.52045380951,24089.950099143916
4003,Cochise,AZ,14.9,10.5,16.1,6.4,13.4,10.6,26.8,18.5,14.1,21.2,15.2,31.1,24.2,13.1,31.8,4.0,35.2,12.1,6.0,131346.0,50865.0,6271.0,0.607882996056218,0.0,0.4454037427862287,0.5636486836294977,0.3573462457935529,0.1976992066754983,0.2597033788619372,0.6356798075312533,17.68349482985616,57775.55148995782,4.77441262010263,Arizona,Cochise County,18544.0,58970.0,58372.775744978906,44421.44231966174,3534.5495318652174
53035,Kitsap,WA,7.1,11.3,13.8,4.6,10.7,8.3,23.8,15.7,12.8,14.2,12.8,34.0,16.0,9.7,32.0,2.8,32.4,10.5,3.6,251133.0,97220.0,8722.0,0.7990785758940482,0.013988603648266,0.1189369776174377,0.2529974157119932,0.1189369776174377,0.0995687544050363,0.1795184225091883,0.2529974157119932,9.96733083486352,86114.31334790729,3.473060091664576,Washington,Kitsap County,22299.0,98546.0,92330.15667395364,118240.7624890554,-74067.0243756093
48441,Taylor,TX,15.8,10.0,15.6,6.1,13.9,11.3,23.8,15.7,12.8,20.5,12.8,34.0,26.5,13.3,35.7,3.7,37.9,10.0,5.3,131506.0,50725.0,5287.0,0.8041534226575213,0.0083114078445089,0.2717214423676486,0.4324821681140024,0.2717214423676486,0.1362675467279059,0.2271151126184356,0.4656441531184889,16.162481037768504,62885.58717472967,4.020348881419859,Texas,Taylor County,18686.0,66406.0,64645.79358736484,39632.564366015984,-8298.072021349955
8015,Chaffee,CO,9.9,10.8,14.4,5.5,12.2,7.8,23.8,15.7,12.8,15.2,12.8,34.0,16.6,9.9,25.4,2.9,30.7,14.4,4.0,17809.0,7601.0,1436.0,0.3844123757650626,0.0,0.0,0.1426806670784434,0.0,0.0,0.2544219215003649,0.3405019933741366,10.070863927057667,69758.37301364478,8.063338761300466,Colorado,Chaffee County,1844.0,70909.0,70333.68650682239,-64530.93635469151,17494.651552841635
4012,La Paz,AZ,18.1,11.4,18.6,7.6,16.7,11.5,30.4,24.5,18.4,24.8,18.9,34.9,28.1,15.4,36.1,4.7,39.0,17.6,7.3,20489.0,9198.0,388.0,0.1503245644004099,0.0,0.6434672263165601,0.6434672263165601,0.4483869393333008,0.6434672263165601,0.4942164088047245,0.7331250915125189,20.914449311674833,46443.33164136854,1.8936990580311384,Arizona,La Paz County,3001.0,49506.0,47974.66582068427,-61620.5301164432,22060.991287011857
29161,Phelps,MO,9.1,10.5,18.9,7.8,17.9,10.9,19.9,14.5,11.9,21.3,12.4,32.0,29.1,14.5,36.2,3.8,41.6,17.0,5.1,45156.0,17564.0,3001.0,0.5594826822570644,0.0,0.2802949774116396,0.2802949774116396,0.2802949774116396,0.2802949774116396,0.375675436265391,0.3514040216139605,23.51481654909545,57335.210470369384,6.645849942421827,Missouri,Phelps County,7216.0,55427.0,56381.10523518469,-40426.83794338158,3715.846849856407
29157,Perry,MO,9.5,10.5,18.9,7.5,18.0,9.9,20.2,13.7,10.6,20.1,12.0,33.1,29.1,13.8,36.0,3.5,39.2,13.9,4.7,18971.0,7357.0,286.0,0.4112592904960202,0.0,0.0,0.1992514891149649,0.0,0.0,0.0,0.1992514891149649,8.100889883567554,64814.870117547835,1.5075641769015866,Missouri,Perry County,2037.0,63356.0,64085.43505877392,-63343.81069181525,15440.210885319006
33005,Cheshire,NH,7.4,10.7,13.8,5.7,12.4,7.5,22.8,10.6,7.8,14.5,9.4,31.2,19.5,9.8,30.2,2.8,34.6,10.7,3.7,77117.0,30204.0,4627.0,0.3743143535147892,0.0,0.1912548465318931,0.2343192810923661,0.1364809315715082,0.0669242838803376,0.16067793093611,0.3430761051389447,10.607726135331006,80132.4581998781,5.999974065381174,New Hampshire,Cheshire County,6529.0,81001.0,80566.72909993905,-16152.729184802309,-15279.718220796709
16067,Minidoka,ID,18.5,10.3,18.4,6.4,13.8,11.0,23.4,19.5,12.9,21.7,15.4,31.7,28.3,15.4,36.7,4.2,34.0,20.1,6.3,20069.0,7170.0,82.0,0.4855747670536648,0.0,0.4855747670536648,0.4855747670536648,0.4855747670536648,0.0,0.0,0.4855747670536648,19.16937810045625,55444.71906921122,0.4085903632467985,Idaho,Minidoka County,3250.0,70060.0,62752.35953460561,-60124.86658128242,22416.77541564077
17061,Greene,IL,8.7,10.8,16.0,7.7,17.5,10.2,25.5,15.9,16.3,19.8,12.8,34.7,24.8,13.1,39.9,3.7,37.2,15.6,4.8,13886.0,5570.0,284.0,0.3146334437563013,0.0,0.0,0.182990061932882,0.0,0.0,0.0,0.7428345095779922,14.36850568356778,56049.21986173124,2.045225406884632,Illinois,Greene County,1642.0,60976.0,58512.60993086562,-67968.02866177587,17916.07109803355
35035,Otero,NM,15.9,10.1,17.3,6.6,15.7,11.8,24.9,23.2,19.9,23.9,18.6,34.8,24.4,14.4,38.1,4.8,35.4,18.1,7.1,63797.0,24464.0,2306.0,0.5308086587143596,0.0,0.2046177719955483,0.2706553599699045,0.2046177719955483,0.2898412151041585,0.4769973509726162,0.429644027148612,21.528275891513857,51248.4564007712,3.614590027744251,New Mexico,Otero County,12903.0,52717.0,51982.7282003856,-19652.2856215618,18726.997225427258
41023,Grant,OR,8.5,12.6,17.4,7.2,15.5,10.0,23.8,15.7,12.8,20.0,12.8,34.0,21.7,13.0,33.9,3.6,33.6,14.4,4.8,7445.0,3352.0,105.0,0.0,0.0,1.0,1.0,0.289724647414372,0.289724647414372,0.0,1.0,14.873528771224528,57832.28972464742,1.4103425117528543,Oregon,Grant County,1071.0,59800.0,58816.14486232371,-73731.1422884636,21664.701866228017
46047,Fall River,SD,10.0,10.7,15.9,7.1,18.1,10.9,23.8,15.7,12.8,18.9,12.8,34.0,27.2,13.0,37.6,3.9,34.2,17.9,5.3,7094.0,3272.0,235.0,0.607132788271779,0.0,0.392867211728221,0.392867211728221,0.392867211728221,0.392867211728221,0.0,0.392867211728221,13.731212269833074,65001.433887792504,3.312658584719481,South Dakota,Fall River County,1365.0,61056.0,63028.71694389625,-74572.67748702735,22037.462481900788
13029,Bryan,GA,10.7,9.6,13.2,5.0,11.8,9.8,22.2,12.0,8.4,15.7,11.2,36.4,21.2,10.6,32.8,2.9,34.6,16.0,3.9,30233.0,10738.0,98.0,0.4837429299110243,0.0,0.1700128998114643,0.1700128998114643,0.1700128998114643,0.3343035755631264,0.3343035755631264,0.3343035755631264,14.485164684741669,78380.76125425858,0.3241491085899514,Georgia,Bryan County,3357.0,94234.0,86307.38062712929,-55579.633683131266,12545.080798405597
26083,Keweenaw,MI,5.2,11.1,13.4,6.0,12.8,8.5,20.1,10.5,9.8,14.9,8.9,31.3,19.5,10.0,34.3,2.7,33.5,9.8,3.5,2156.0,1013.0,10.0,0.0,0.0,0.0,0.0,0.0,0.0,0.0,0.0,11.9036372224846,65125.0,0.463821892393321,Michigan,Keweenaw County,183.0,53893.0,59509.0,-78515.56864038063,24225.60723592083
47025,Claiborne,TN,13.0,11.4,20.9,9.5,21.5,12.3,23.8,15.7,12.8,24.4,12.8,34.0,28.9,16.4,42.3,4.3,40.2,15.8,5.8,32213.0,12853.0,1257.0,0.0,0.0,0.1183373172321733,0.1183373172321733,0.0,0.1783131034054574,0.1783131034054574,0.774687238071586,23.723730063498728,48117.79502064384,3.9021513053736063,Tennessee,Claiborne County,5599.0,46587.0,47352.39751032192,-50505.17192077825,8599.514270426793
35009,Curry,NM,17.5,10.3,17.8,6.7,15.1,12.4,26.1,24.3,20.3,25.1,19.0,35.9,29.1,14.7,40.5,5.0,38.3,21.8,7.4,48376.0,18015.0,1041.0,0.8022573176781875,0.0,0.3253886224574169,0.5528774598974698,0.3253886224574169,0.1026542086985281,0.1026542086985281,0.6386224574169009,21.201617902683232,51922.306494956174,2.151893500909542,New Mexico,Curry County,9743.0,56259.0,54090.65324747808,-32348.501729761054,23780.068969711203
40087,McClain,OK,10.1,11.1,16.3,6.3,15.2,9.8,24.8,14.7,11.2,17.8,12.0,34.3,27.8,13.5,38.1,3.3,38.2,13.3,4.7,34506.0,12891.0,194.0,0.1593056280067234,0.0,0.0,0.0,0.0,0.0,0.2701848953805135,0.0389207674027705,9.329461700048476,74128.31582913117,0.5622210630035356,Oklahoma,McClain County,3396.0,84778.0,79453.15791456559,-51813.44661627192,11636.455516593656
53069,Wahkiakum,WA,8.9,11.9,17.1,6.2,14.3,9.7,23.8,15.7,12.8,19.1,12.8,34.0,19.0,12.2,39.4,3.7,34.2,13.7,4.8,3978.0,1737.0,48.0,0.0,0.0,1.0,1.0,0.0,0.0,0.0,1.0,7.813255926463469,62801.0,1.206636500754148,Washington,Wahkiakum County,714.0,57091.0,59946.0,-77078.78775437977,23385.391380975427
13129,Gordon,GA,17.2,10.2,17.6,7.7,17.3,12.2,24.9,18.9,15.0,23.0,15.5,38.9,30.7,14.8,35.0,4.3,38.8,18.7,6.0,55186.0,19715.0,670.0,0.4589751023810386,0.0,0.3728481861341645,0.4589751023810386,0.3728481861341645,0.5774109375566266,0.5774109375566266,0.7654658790272896,20.041429235232194,51006.33113470808,1.2140760337766825,Georgia,Gordon County,7438.0,61997.0,56501.66556735404,-27957.20530466956,6918.5313437599
47117,Marshall,TN,12.4,11.0,18.8,7.9,18.7,11.7,23.8,15.7,12.8,21.7,12.8,34.0,26.3,14.4,39.5,3.8,40.9,17.5,5.2,30617.0,11850.0,359.0,0.4522977430839076,0.0,0.3238070353071823,0.3238070353071823,0.3238070353071823,0.3238070353071823,0.3238070353071823,0.3238070353071823,14.638363107191289,58572.78018747755,1.172551197047392,Tennessee,Marshall County,4943.0,70829.0,64700.89009373877,-53277.11526726306,11563.689386164191
28089,Madison,MS,8.4,9.3,13.9,5.1,11.9,10.8,25.5,14.6,7.7,16.9,12.8,35.1,25.6,12.1,36.0,3.3,33.4,8.4,4.5,95203.0,35829.0,1765.0,0.6084367089272397,0.0,0.0990725082192788,0.2276083736857032,0.0783273636334989,0.1315819879625642,0.1315819879625642,0.2726489711458672,11.518439217231627,88267.72893711332,1.8539331743747571,Mississippi,Madison County,11985.0,78794.0,83530.86446855665,-17439.200888673244,-8807.281578202503
40073,Kingfisher,OK,12.5,10.8,16.9,6.7,15.8,10.3,25.2,16.5,12.8,19.4,13.3,32.7,32.5,14.1,37.2,3.5,36.6,14.2,5.1,15034.0,5731.0,155.0,0.3736863110283357,0.0,0.0,0.0,0.0,0.0,0.0,0.0,11.246285081492491,69769.75661833178,1.0309964081415457,Oklahoma,Kingfisher County,1757.0,70617.0,70193.37830916588,-67178.91677731086,20262.429386953732
19179,Wapello,IA,10.4,10.3,16.2,7.3,18.3,11.5,25.6,17.0,15.2,21.0,13.3,34.8,29.6,13.5,41.9,4.0,38.4,15.7,5.3,35625.0,14552.0,867.0,0.7350456140350877,0.0,0.4287719298245614,0.5134877192982457,0.4287719298245614,0.4287719298245614,0.5130105263157895,0.5134877192982457,15.65325843941524,58339.429445614034,2.433684210526316,Iowa,Wapello County,5743.0,60034.0,59186.71472280702,-47356.582947762494,10109.00238314285
55027,Dodge,WI,9.0,10.8,14.2,5.8,15.0,9.2,21.6,12.8,12.6,17.0,10.7,31.3,27.0,11.6,42.5,3.1,36.9,10.6,4.1,88759.0,33840.0,6192.0,0.4704987663222884,0.0,0.0,0.0,0.0,0.0503948895323291,0.0973422413501729,0.0777385955227075,8.769144572360123,72601.02854921755,6.976193963429062,Wisconsin,Dodge County,6621.0,73992.0,73296.51427460878,-5363.010915861931,-18851.562170653106
17053,Ford,IL,8.9,10.6,15.3,7.2,16.1,10.0,25.4,15.4,15.1,19.0,12.6,34.4,24.1,12.6,37.8,3.5,39.1,16.4,4.6,14081.0,5676.0,410.0,0.5746040764150273,0.0,0.2587174206377388,0.5746040764150273,0.2587174206377388,0.0,0.0,0.5746040764150273,15.7458207496252,63936.113344222715,2.9117250195298627,Illinois,Ford County,1628.0,60782.0,62359.05667211136,-67919.85815303036,17964.18357250013
48111,Dallam,TX,27.5,9.6,18.8,7.3,17.0,14.6,23.8,15.7,12.8,28.7,12.8,34.0,35.8,17.5,39.7,5.3,40.2,16.1,8.3,6703.0,2448.0,39.0,0.78293301506788,0.0,0.0,0.0,0.0,0.0,0.0,0.0,13.75020612179777,64257.00939877667,0.5818290317768163,Texas,Dallam County,692.0,72332.0,68294.50469938833,-73719.02147870522,24722.23436346677
51520,Bristol,VA,10.0,11.4,18.5,8.2,17.8,11.8,21.7,16.7,15.8,21.7,13.0,34.5,27.6,15.3,39.3,4.2,37.5,12.9,5.5,17835.0,7879.0,431.0,1.0,0.0,0.783964115503224,1.0,0.783964115503224,0.6755256518082422,0.6755256518082422,1.0,22.693408289679727,51565.54505186431,2.416596579758901,Virginia,Bristol city,3057.0,44706.0,48135.77252593216,-64330.52308443657,16603.486702346752
37031,Carteret,NC,8.8,10.6,14.6,5.9,13.1,8.7,20.6,11.4,8.7,15.7,9.8,31.8,19.9,11.0,33.7,3.0,33.0,12.9,4.0,66469.0,28870.0,987.0,0.5471272322436023,0.0,0.0484737245934194,0.1050564925002632,0.0484737245934194,0.0366486632866449,0.0366486632866449,0.208728881132558,11.825156397755688,67316.12544193534,1.4849027366140606,North Carolina,Carteret County,6781.0,70235.0,68775.56272096766,-24388.747851153814,-6275.672862899719
8033,Dolores,CO,10.9,11.4,16.5,6.5,15.1,8.8,23.8,15.7,12.8,17.6,12.8,34.0,19.4,11.5,27.1,3.4,32.2,11.6,4.7,2064.0,899.0,0.0,0.0,0.0,1.0,1.0,1.0,1.0,0.0,1.0,13.5795763172189,50792.0,0.0,Colorado,Dolores County,448.0,70490.0,60641.0,-78632.69532163678,24408.36691406479
32011,Eureka,NV,13.3,11.5,20.2,9.7,21.3,12.3,25.7,22.7,23.5,26.3,17.2,35.8,29.4,17.0,37.7,5.2,37.1,18.0,7.2,1987.0,836.0,1.0,0.0,0.0,0.0,0.0,0.0,0.0,0.0,0.0,7.726027397260269,90486.0,0.050327126321087,Nevada,Eureka County,365.0,73095.0,81790.5,-78813.36707965101,24598.801801926165
29147,Nodaway,MO,8.7,10.6,18.4,7.6,17.5,10.4,19.8,13.8,11.1,20.1,12.4,31.5,28.3,13.8,39.5,3.6,44.4,18.6,4.7,23370.0,8545.0,3611.0,0.5424475823705606,0.0,0.6475823705605477,0.6475823705605477,0.5424475823705606,0.1823705605477107,0.1823705605477107,0.6475823705605477,23.439148440989435,62323.969276850665,15.451433461703038,Missouri,Nodaway County,3408.0,55970.0,59146.98463842533,-59940.314193684346,13542.848573746962
46045,Edmunds,SD,8.2,10.2,13.8,5.7,15.2,9.1,23.8,15.7,12.8,15.2,12.8,34.0,20.9,10.4,33.7,3.0,31.1,7.6,3.9,4071.0,1607.0,420.0,0.0,0.0,0.0,0.0,0.0,0.0,0.0,0.0,5.4474413073611005,77569.23974453451,10.316875460574796,South Dakota,Edmunds County,332.0,77266.0,77417.61987226726,-76971.6474661733,23174.779094694222
39089,Licking,OH,7.5,10.9,14.0,6.6,15.6,10.9,21.1,12.2,9.7,16.6,10.6,35.4,23.2,11.2,37.3,3.0,38.4,15.9,3.9,166492.0,63989.0,3448.0,0.63873339259544,0.0,0.1313756817144367,0.1767292122144007,0.1313756817144367,0.0964070345722317,0.3172224491266848,0.2418614708214208,11.429318203181449,77342.42678927517,2.070970376955049,Ohio,Licking County,17873.0,81033.0,79187.71339463758,61348.62716547868,-59665.42064785068
48367,Parker,TX,12.7,10.0,14.4,5.5,12.7,9.2,23.8,15.7,12.8,17.3,12.8,34.0,22.6,11.3,35.0,3.0,38.3,13.4,4.1,116927.0,42069.0,3121.0,0.3255107887827448,0.0,0.105381990472688,0.105381990472688,0.105381990472688,0.0,0.1078878274478948,0.134682323158894,8.369960257821068,89506.37810770822,2.669186757549582,Texas,Parker County,12122.0,102099.0,95802.68905385412,21899.63198027869,-24002.769324304583
37061,Duplin,NC,16.6,11.2,18.4,7.7,16.8,12.7,25.4,22.8,19.3,24.1,18.2,34.9,28.5,15.9,39.6,5.0,35.4,18.9,7.0,58505.0,22495.0,679.0,0.2073156140500812,0.0,0.2073156140500812,0.2073156140500812,0.2073156140500812,0.4337577984787625,0.5730450388855653,0.6644902145115802,24.167304676678175,47613.25895222631,1.1605845654217586,North Carolina,Duplin County,8708.0,51880.0,49746.62947611316,-29965.03148388568,16953.279962513552
17087,Johnson,IL,10.7,10.3,15.7,7.7,17.4,11.3,28.2,18.5,18.1,21.6,15.2,35.4,25.4,13.7,41.9,4.1,38.8,18.3,5.3,12582.0,4584.0,1553.0,0.0,0.1222381179462724,0.0,0.0,0.0,0.0,0.0,0.409791766014942,22.495834495264692,63699.82363694166,12.343029725003976,Illinois,Johnson County,1903.0,65203.0,64451.411818470835,-70108.92852449646,19274.979095715342
48095,Concho,TX,24.0,9.1,17.1,6.7,16.3,12.7,23.8,15.7,12.8,25.0,12.8,34.0,31.0,14.9,37.7,4.4,41.5,17.7,6.4,4087.0,1041.0,1588.0,0.0,0.0,0.0,0.0,0.0,0.0,0.0,0.0,7.268578878748371,57875.0,38.85490579887448,Texas,Concho County,323.0,59632.0,58753.5,-76257.4828249116,25081.798315700664
49015,Emery,UT,10.1,11.3,17.1,5.9,11.3,9.4,19.7,13.4,7.8,17.6,10.7,30.7,19.3,12.1,30.7,3.3,37.9,15.9,4.5,10976.0,3732.0,43.0,0.3032981049562682,0.0,0.3154154518950437,0.3154154518950437,0.3154154518950437,0.3154154518950437,0.0,0.3154154518950437,12.796478312989636,65428.39385932944,0.3917638483965014,Utah,Emery County,1112.0,69956.0,67692.19692966471,-70507.60842528721,20261.15201969532
53041,Lewis,WA,9.9,11.4,16.9,6.0,14.7,9.6,23.8,15.7,12.8,19.0,12.8,34.0,21.0,12.0,38.8,3.6,37.4,15.3,4.7,75455.0,29743.0,941.0,0.3142535285932012,0.0,0.1968192962692996,0.3026837187727785,0.1414883042873235,0.1414883042873235,0.2389901265655026,0.5678748923199258,14.379655158673607,62935.49192233782,1.247100921078789,Washington,Lewis County,10756.0,69690.0,66312.74596116891,-12264.414335011927,-5839.587349511297
39069,Henry,OH,8.9,10.8,14.8,6.8,16.1,10.5,21.8,13.1,10.3,17.8,11.4,36.3,26.4,11.5,38.5,3.2,39.5,16.4,4.2,28215.0,10934.0,346.0,0.1846181109339004,0.0,0.0,0.0,0.0,0.1180577706893496,0.30267588162325,0.1180577706893496,9.53405593709839,69645.69569377991,1.2262980684033316,Ohio,Henry County,2292.0,79267.0,74456.34784688996,-55742.766808576926,11838.97301141562
13201,Miller,GA,15.0,11.3,18.3,8.4,18.7,13.9,25.3,23.5,21.6,24.7,18.7,38.8,32.0,16.3,42.4,5.3,40.0,19.8,6.9,6125.0,2426.0,168.0,0.0,0.0,0.0,0.0,0.0,0.0,0.0,0.5746938775510204,23.1570086465912,51019.94481632653,2.742857142857143,Georgia,Miller County,1377.0,58407.0,54713.47240816327,-75718.28087495355,22810.759325919003
37143,Perquimans,NC,10.8,11.4,16.8,7.0,15.9,10.7,24.0,16.9,14.2,19.4,13.8,34.2,24.6,13.4,37.5,3.9,34.2,16.5,5.3,13453.0,5598.0,84.0,0.0,0.0,0.0,0.0,0.0,0.210213335315543,0.719616442429198,0.210213335315543,15.24671416973782,54340.21088233108,0.6243960454917119,North Carolina,Perquimans County,1494.0,61224.0,57782.105441165535,-69904.76934273515,19689.692922591108
36049,Lewis,NY,6.6,11.1,14.5,6.8,15.4,9.2,23.9,14.6,13.9,17.3,12.9,33.9,26.0,12.1,40.7,3.5,38.5,15.9,4.4,27087.0,10514.0,313.0,0.0,0.0,0.5152287074980618,0.5152287074980618,0.0,0.0,0.2878871783512386,0.5152287074980618,14.094369101151266,60986.38612618599,1.155535865913538,New York,Lewis County,3230.0,68329.0,64657.693063093,-56012.407119460295,10969.591673598135
5069,Jefferson,AR,12.5,11.3,20.2,8.0,18.0,15.1,34.6,28.4,20.3,27.7,23.7,39.5,37.0,19.2,46.3,5.7,46.7,24.8,7.7,77435.0,28873.0,5530.0,0.6827791050558533,0.0178988829340737,0.2864337831729838,0.5756699167043327,0.2443468715697036,0.2836701749854717,0.4020791631691096,0.6136372441402467,23.00436581004,50692.658436107704,7.141473493898108,Arkansas,Jefferson County,12300.0,48552.0,49622.329218053856,-32447.827426389085,1226.9210420599302
30109,Wibaux,MT,10.1,11.3,15.9,6.4,15.3,8.6,22.1,13.2,9.6,18.1,10.6,31.4,21.9,11.6,33.1,3.4,34.3,12.9,4.4,1017.0,457.0,24.0,0.0,0.0,1.0,1.0,1.0,1.0,0.0,1.0,15.8033362598771,53333.0,2.359882005899705,Montana,Wibaux County,180.0,64792.0,59062.5,-79470.98600048988,24868.695837813862
39123,Ottawa,OH,7.8,10.7,13.7,6.2,14.6,9.6,20.7,11.0,8.4,16.0,9.9,35.4,25.6,10.3,37.9,2.8,37.3,12.4,3.6,41428.0,17503.0,489.0,0.4509510476006566,0.0,0.084966689195713,0.084966689195713,0.084966689195713,0.0,0.0794873032731486,0.084966689195713,10.417356836223806,73035.73669981655,1.1803611084290817,Ohio,Ottawa County,3303.0,75728.0,74381.86834990827,-44407.3356197467,4274.524577895394
29009,Barry,MO,12.8,10.8,21.1,8.9,20.7,11.6,21.5,18.8,15.1,24.4,15.4,34.9,34.4,16.5,37.7,4.4,37.6,19.1,6.0,35597.0,14057.0,296.0,0.3498609433379217,0.0,0.3498609433379217,0.3498609433379217,0.3498609433379217,0.3498609433379217,0.5301570357052561,0.7419726381436638,20.92367297195405,51381.443436244626,0.8315307469730595,Missouri,Barry County,5714.0,56611.0,53996.22171812231,-46444.93560556057,10123.31277112764
48225,Houston,TX,18.8,10.7,18.4,7.9,18.1,13.5,23.8,15.7,12.8,26.1,12.8,34.0,31.7,16.6,38.2,5.1,41.9,16.0,6.9,23732.0,8656.0,2908.0,0.2701837181864149,0.0,0.6758385302545087,0.8137957188606102,0.1322265295803135,0.1322265295803135,0.1322265295803135,1.0,23.88799303609645,43870.47231586044,12.25349738749368,Texas,Houston County,3134.0,54563.0,49216.73615793022,-61341.23686543631,17703.64557034743
55063,La Crosse,WI,6.8,11.2,13.2,5.5,13.8,9.3,19.7,10.8,11.6,16.1,9.3,32.2,25.0,11.3,39.0,3.0,33.0,10.4,3.8,114638.0,46137.0,5195.0,0.7469599958129067,0.0,0.0742772902527957,0.1451612903225806,0.0742772902527957,0.0769291159999302,0.1909663462377222,0.2131143250929011,14.52648569381055,74229.11525846578,4.531656169856418,Wisconsin,La Crosse County,14383.0,70704.0,72466.55762923289,15985.122079375607,-31164.416282778224
17125,Mason,IL,8.3,10.7,15.4,7.3,16.5,10.0,24.9,14.9,14.8,18.9,12.2,34.2,23.5,12.5,37.2,3.5,35.0,13.8,4.5,14666.0,6079.0,206.0,0.2297149870448656,0.0,0.3644483840174553,0.3644483840174553,0.2297149870448656,0.0,0.0,0.6686213009682258,15.391576499764485,56913.86185735715,1.4046093004227465,Illinois,Mason County,1778.0,62127.0,59520.43092867857,-67119.31350565398,17498.905008360474
37045,Cleveland,NC,11.4,11.6,17.6,7.6,16.9,11.2,23.8,18.5,16.2,20.8,14.7,34.7,26.2,14.5,38.6,4.3,36.4,14.2,5.8,98078.0,38555.0,2050.0,0.4351128693488856,0.0,0.3113032484349191,0.3938395970554049,0.2572646261139093,0.3654132425212585,0.4607251371357491,0.773996207100471,20.035302027094588,51605.593517404515,2.0901731275107567,North Carolina,Cleveland County,16925.0,55769.0,53687.29675870226,1156.0872765332751,-15762.271342125587
48349,Navarro,TX,21.6,10.6,18.4,7.6,17.1,13.5,23.8,15.7,12.8,25.9,12.8,34.0,32.3,16.4,38.5,5.0,40.8,16.0,7.1,47735.0,17380.0,736.0,0.2455640515345134,0.0,0.2068293704828742,0.2068293704828742,0.2068293704828742,0.0836912118990258,0.2687964805698125,0.7230962606054258,18.309038637064717,59869.46615690793,1.541845605949513,Texas,Navarro County,8814.0,59310.0,59589.733078453966,-37372.491106180074,16512.181057727914
5149,Yell,AR,16.1,10.1,20.6,8.2,18.6,12.2,27.8,21.3,12.9,26.2,16.5,35.7,34.0,16.6,41.9,4.6,39.9,20.9,6.6,22185.0,8219.0,323.0,0.1325670498084291,0.0,0.4779355420329051,0.4779355420329051,0.0,0.0,0.0,0.6188415596123507,16.79171908726081,47415.58701825558,1.4559386973180075,Arkansas,Yell County,2621.0,58870.0,53142.79350912779,-58779.215505688946,18622.951283312832
26069,Iosco,MI,8.6,12.0,17.9,8.9,19.2,10.7,23.5,18.1,18.4,21.4,13.7,33.6,27.3,14.3,38.8,4.1,34.8,15.5,5.4,25887.0,11757.0,400.0,0.2806427936802256,0.0,0.2806427936802256,0.2806427936802256,0.2806427936802256,0.1444354309112682,0.3027388264379804,0.8416966044732878,16.313446323067392,51282.88511608143,1.5451771159269132,Michigan,Iosco County,4166.0,47777.0,49529.94255804071,-56770.78234604118,11885.886581214681
17023,Clark,IL,7.8,10.5,14.4,6.7,15.1,9.4,24.3,13.3,12.9,17.5,11.2,34.5,21.7,11.6,37.1,3.2,35.5,12.1,4.2,16335.0,6782.0,221.0,0.2655035200489746,0.0,0.2655035200489746,0.2655035200489746,0.2655035200489746,0.0,0.0,0.5943067033976125,12.938842819922224,63238.745515763694,1.3529231711049894,Illinois,Clark County,1425.0,70625.0,66931.87275788185,-65829.6179286006,16598.043129150097
46031,Corson,SD,14.6,13.4,22.8,11.4,30.8,18.3,23.8,15.7,12.8,32.2,12.8,34.0,37.1,21.8,44.3,7.4,36.2,31.4,11.6,4050.0,1260.0,1.0,0.0,0.0,0.4306172839506172,0.4306172839506172,0.0,0.0,0.0,1.0,44.327338046158395,39179.892839506174,0.0246913580246913,South Dakota,Corson County,1731.0,43750.0,41464.94641975309,-77985.15953214241,24994.110297615825
39011,Auglaize,OH,7.5,10.8,14.0,6.6,15.7,9.8,21.1,11.4,8.8,16.9,10.1,35.2,25.0,10.8,39.5,2.9,38.5,16.5,3.7,45949.0,17972.0,525.0,0.5010990445929182,0.0,0.0,0.0,0.0,0.0,0.2607891357809745,0.0,8.69710245484234,76391.45026007095,1.1425711114496506,Ohio,Auglaize County,3408.0,76454.0,76422.72513003548,-40796.50188476909,501.2879454377435
6021,Glenn,CA,14.1,10.1,17.9,6.1,14.2,11.1,27.8,21.8,19.9,25.1,18.3,37.0,27.3,15.0,32.4,4.5,37.3,15.5,6.5,28122.0,9800.0,316.0,0.7371097361496337,0.0,0.3756845174596401,0.6472157030083209,0.2913021833440011,0.2715311855486808,0.2715311855486808,0.7701088116065714,18.640634075751535,55915.61951497049,1.1236754142664107,California,Glenn County,3511.0,70487.0,63201.30975748524,-52844.39882078243,24286.235773374872
47169,Trousdale,TN,14.0,10.6,19.5,8.4,20.9,12.3,23.8,15.7,12.8,23.5,12.8,34.0,28.5,15.3,39.3,4.0,39.7,19.1,5.5,7870.0,2976.0,130.0,0.0,0.0,0.0,0.0,0.0,0.0,0.0,0.315120711562897,15.87376744357242,59125.036848792886,1.6518424396442186,Tennessee,Trousdale County,953.0,63190.0,61157.51842439645,-73362.06155500782,21760.26822194698
8095,Phillips,CO,15.3,11.3,17.2,6.6,14.8,9.6,23.8,15.7,12.8,20.1,12.8,34.0,22.5,12.6,29.4,3.9,34.7,13.4,5.7,4442.0,1819.0,60.0,0.0,0.0,0.0,0.0,0.0,0.0,0.0,1.0,6.777124289032763,65975.88811346241,1.3507429085997298,Colorado,Phillips County,695.0,60372.0,63173.944056731205,-76315.9846959895,23881.183367989146
18135,Randolph,IN,9.7,11.4,17.3,8.4,19.4,11.5,23.9,16.1,10.0,21.9,12.6,34.3,27.2,14.0,38.7,3.8,38.8,16.8,5.0,26171.0,10451.0,329.0,0.3665507622941423,0.0,0.3665507622941423,0.3665507622941423,0.3665507622941423,0.1467272935692178,0.1467272935692178,0.3665507622941423,15.791769130375451,56940.601429062706,1.257116655840434,Indiana,Randolph County,3594.0,61121.0,59030.80071453135,-56607.55159616609,12184.523766703373
13023,Bleckley,GA,13.7,10.9,17.4,7.7,17.4,12.8,24.9,20.4,17.6,22.6,16.8,39.0,28.8,14.9,38.3,4.6,39.8,15.2,6.0,13063.0,4660.0,1439.0,0.4258592972517798,0.0,0.4258592972517798,0.4258592972517798,0.4258592972517798,0.6287988976498508,0.6287988976498508,0.6287988976498508,21.22657869870692,53318.810610120185,11.01584628339585,Georgia,Bleckley County,2289.0,53005.0,53161.90530506009,-70138.90266155827,20060.64930766813
5021,Clay,AR,11.6,10.5,20.5,8.7,19.0,11.1,28.1,18.6,11.9,24.3,14.2,36.3,33.5,16.0,40.2,4.3,38.8,20.2,5.8,16083.0,6845.0,125.0,0.4545171920661568,0.0,0.2446061058260275,0.4545171920661568,0.2446061058260275,0.4545171920661568,0.4545171920661568,0.7317042840266119,22.612286036761574,44004.801218678105,0.7772181806876826,Arkansas,Clay County,2449.0,48500.0,46252.40060933905,-65204.31875722342,17006.17842803283
6031,Kings,CA,17.3,9.7,18.6,6.1,15.0,12.9,30.2,26.5,24.2,28.1,21.7,38.7,31.0,16.6,34.9,5.2,36.1,15.7,7.9,152982.0,41233.0,21580.0,0.916650324874822,0.1211972650377168,0.1840347230393118,0.5322521603848819,0.1840347230393118,0.1331921402517943,0.1331921402517943,0.5930044057470814,17.994855245138222,61295.63959812265,14.106234720424624,California,Kings County,23427.0,68750.0,65022.819799061326,62122.09596760865,51609.891397921456
19089,Howard,IA,8.0,10.2,15.2,6.6,17.2,9.7,24.5,12.9,11.0,18.0,10.3,33.2,24.6,11.5,38.2,3.2,32.7,11.0,4.2,9566.0,3944.0,213.0,0.4174158477942714,0.0,0.0,0.0,0.0,0.0,0.4174158477942714,0.0,11.96430071963976,67257.13088020071,2.2266360025088856,Iowa,Howard County,778.0,67336.0,67296.56544010036,-72018.8667796801,20198.647789778006
47103,Lincoln,TN,12.5,11.0,19.2,8.1,19.3,11.7,23.8,15.7,12.8,22.5,12.8,34.0,27.0,14.7,40.3,3.8,39.8,15.5,5.2,33361.0,13382.0,283.0,0.0,0.0,0.1499655286112526,0.1499655286112526,0.0,0.1945984832588951,0.3052666286981805,0.491382152813165,16.346385675885884,55551.668475165614,0.8482959143910556,Tennessee,Lincoln County,4359.0,63115.0,59333.33423758281,-50828.486124905314,9457.46916740878
29149,Oregon,MO,11.6,11.3,22.8,10.4,23.6,12.5,21.8,20.5,18.9,26.2,16.2,34.0,34.4,18.1,41.2,5.1,39.1,30.1,6.7,10881.0,4527.0,121.0,0.0,0.0,0.5873541034831358,0.5873541034831358,0.0,0.0,0.0,1.0,23.89848703433021,42640.77125264222,1.1120301442882088,Missouri,Oregon County,1858.0,44259.0,43449.885626321106,-69952.54874794827,19844.048481121026
36047,Kings,NY,8.9,10.4,13.2,5.4,12.2,11.1,30.7,23.7,19.5,19.2,19.2,36.7,25.7,13.2,25.0,4.2,40.1,15.9,5.9,2504700.0,916856.0,35609.0,0.999985227771789,0.0013183215554757,0.0,0.0043769712939673,0.0,0.0015942028985507,0.0181462849842296,0.6754130235157904,21.36120644974247,70355.32919112069,1.4216872280113386,New York,Kings County,494754.0,78548.0,74451.66459556035,1746613.00168045,-233784.3484048664
35033,Mora,NM,21.3,8.6,15.4,4.4,11.2,12.7,25.0,23.9,17.7,24.1,20.4,33.8,27.6,13.6,33.7,4.4,36.4,13.9,7.5,4881.0,2114.0,8.0,0.0,0.0,1.0,1.0,1.0,1.0,1.0,1.0,19.341383095499506,32563.0,0.1639008399918049,New Mexico,Mora County,782.0,50178.0,41370.5,-74515.8464943274,26774.38140909796
35057,Torrance,NM,18.8,10.2,19.0,7.5,17.5,13.0,26.6,26.5,23.7,27.3,20.6,36.2,29.0,16.3,34.7,5.5,36.0,17.4,8.2,16383.0,6264.0,615.0,0.0,0.0,0.5583836904107917,0.5583836904107917,0.5583836904107917,0.5583836904107917,0.0,1.0,25.942310045779823,52978.94726240615,3.75389122871269,New Mexico,Torrance County,3100.0,46250.0,49614.47363120307,-63941.46590350714,24221.700405152245
55017,Chippewa,WI,8.0,11.2,14.4,5.9,15.8,9.4,20.9,11.8,12.9,17.5,10.1,31.4,26.6,11.4,41.4,3.2,33.7,14.8,4.1,62415.0,24410.0,2542.0,0.4460466234078346,0.0,0.0861651846511255,0.0861651846511255,0.0861651846511255,0.0861651846511255,0.3077144917087239,0.1633902106865337,11.115676047281182,69730.28930545542,4.072738924937916,Wisconsin,Chippewa County,5892.0,74009.0,71869.6446527277,-26556.803999080672,-7199.613148772503
26081,Kent,MI,7.4,11.0,13.7,6.0,13.2,9.6,23.4,13.9,11.9,16.5,11.5,32.4,21.4,10.5,34.9,3.0,32.9,7.7,4.1,602622.0,227239.0,11353.0,0.845266186763842,0.0,0.0338138999239987,0.2270046563185545,0.0338138999239987,0.1107526774661396,0.3017978102359356,0.3137522360617435,12.588020674205657,76158.53264733116,1.883933875630163,Michigan,Kent County,68503.0,80390.0,78274.26632366558,427335.25077270466,-194316.3421660236
34011,Cumberland,NJ,18.9,9.7,16.2,6.6,16.6,12.1,27.1,24.7,17.1,24.1,20.6,35.4,32.0,14.2,40.4,4.8,43.4,14.2,7.0,156898.0,51931.0,12111.0,0.7918392841208939,0.0360807658478756,0.3421904676923861,0.5264375581588038,0.3091881349666662,0.3923950592104424,0.4421535010006501,0.7733750589554997,17.86652482275909,63039.436678606486,7.719027648535992,New Jersey,Cumberland County,23410.0,64499.0,63769.21833930325,51655.402038071916,3299.5968207589613
48189,Hale,TX,29.3,9.5,18.8,7.0,16.1,15.0,23.8,15.7,12.8,29.6,12.8,34.0,36.1,17.7,39.5,5.5,41.6,17.4,8.7,36273.0,11846.0,2802.0,0.6613734733824056,0.0,0.0,0.2118655749455517,0.0,0.0,0.0,0.5110688390814104,18.552085254330933,55842.67052628677,7.724753949218427,Texas,Hale County,5731.0,52788.0,54315.33526314338,-42898.46259567861,27942.57872309996
36099,Seneca,NY,7.6,11.4,14.8,7.0,15.7,9.1,25.7,16.2,15.1,18.3,13.9,35.0,26.7,12.3,34.8,3.7,37.3,16.7,4.7,35251.0,13393.0,2809.0,0.2658080621826331,0.0,0.0,0.0,0.0,0.2151995688065587,0.5014325834728093,0.2847578792091004,12.152660291036236,68149.24736886896,7.968568267566877,New York,Seneca County,4167.0,66007.0,67078.12368443448,-50417.25793079562,7750.4913416720265
19127,Marshall,IA,11.5,9.5,14.8,6.1,15.5,10.8,24.7,15.7,12.2,19.4,12.7,32.6,27.4,12.0,44.4,3.5,35.1,17.4,4.8,40648.0,15538.0,1375.0,0.6881027356819523,0.0,0.3084038575083645,0.3084038575083645,0.3084038575083645,0.2270468411729974,0.387792757331234,0.3084038575083645,10.93174109511992,64904.746998622315,3.3827002558551467,Iowa,Marshall County,4275.0,72785.0,68844.87349931116,-43137.44005415018,11061.936032624959
31107,Knox,NE,9.6,9.8,14.2,6.7,17.2,10.3,21.7,15.3,11.7,17.1,11.4,31.4,27.2,12.3,40.4,3.5,33.1,18.9,4.8,8701.0,3647.0,234.0,0.0,0.0,0.0,0.0,0.0,0.0,0.0,0.0,10.81522233238715,64031.27824388001,2.6893460521779105,Nebraska,Knox County,1079.0,64821.0,64426.13912194001,-73159.13930107489,21166.182508866004
47049,Fentress,TN,13.9,11.5,22.0,10.4,23.0,12.8,23.8,15.7,12.8,26.8,12.8,34.0,30.2,17.6,44.5,4.7,40.8,21.1,6.4,17959.0,7250.0,132.0,0.0,0.0,0.0,0.0,0.0,0.8232641015646751,0.8232641015646751,0.8232641015646751,21.699491415297423,41499.07968149674,0.7350075171223343,Tennessee,Fentress County,3873.0,50865.0,46182.03984074837,-63011.57623715652,16000.649394287899
17089,Kane,IL,12.1,9.3,12.6,5.0,11.0,10.1,25.1,14.8,12.0,17.3,13.3,33.0,22.5,10.4,34.9,3.0,35.2,12.4,4.5,515269.0,170479.0,6787.0,0.8702910518583498,0.0,0.0695287315945651,0.3399544703834308,0.0695287315945651,0.0696296497557586,0.2592742819769867,0.3423881506552887,10.117665642638585,90958.87995784724,1.3171760769617422,Illinois,Kane County,42101.0,100678.0,95818.43997892362,377698.12284708314,-55167.1791942955
1003,Baldwin,AL,8.8,9.4,15.1,6.0,13.3,10.4,21.9,14.2,9.1,17.7,11.0,33.3,23.7,12.3,35.0,3.2,36.4,11.4,4.3,182265.0,73180.0,2307.0,0.4539763531122267,0.0,0.1205113433736592,0.1205113433736592,0.0996406331440485,0.1082709242037692,0.2235426439524867,0.1869091707129728,10.947042764293954,73727.42588538666,1.265739445313143,Alabama,Baldwin County,24819.0,75019.0,74373.21294269332,72732.65123644986,-57088.96567385389
45059,Laurens,SC,14.7,10.2,17.5,7.6,16.8,13.0,25.1,22.2,13.9,23.9,16.8,34.5,30.6,15.6,36.3,4.6,35.6,19.1,6.2,66537.0,25525.0,2402.0,0.2646196852878849,0.0,0.1862572703909103,0.1862572703909103,0.1862572703909103,0.4812059455641222,0.4812059455641222,0.7914393495348453,19.99243197884148,49794.29655680298,3.610021491801554,South Carolina,Laurens County,11621.0,55517.0,52655.648278401495,-26678.5126556553,-410.1053422576042
17203,Woodford,IL,6.5,10.2,12.8,5.6,12.6,8.6,22.9,10.5,9.7,15.0,9.4,33.3,19.3,10.0,37.3,2.7,33.8,11.8,3.5,38664.0,14276.0,1021.0,0.5072418787502586,0.0,0.0,0.0,0.0,0.0,0.3114783778191599,0.0,7.350573366338838,85609.17996068695,2.6406993585764535,Illinois,Woodford County,2834.0,85629.0,85619.08998034347,-47775.21230206889,4482.633541954736
32015,Lander,NV,14.5,11.0,18.3,7.8,17.8,11.1,26.2,19.7,17.7,23.4,16.1,36.5,27.4,14.9,34.9,4.3,38.2,20.4,6.2,5775.0,2213.0,16.0,0.0,0.0,0.0,0.0,0.0,0.0,0.0,0.0,14.921970892512698,102390.0,0.277056277056277,Nevada,Lander County,652.0,84474.0,93432.0,-75339.7593911592,23725.820006795595
28017,Chickasaw,MS,14.5,10.5,20.5,9.0,20.6,15.7,32.2,29.1,19.4,28.5,22.3,38.4,37.5,20.2,43.8,6.1,41.0,24.9,8.2,17392.0,6639.0,206.0,0.2429277828886844,0.0,0.2429277828886844,0.2429277828886844,0.2429277828886844,0.2363155473781048,0.5548528058877645,0.4792433302667893,21.21077848257264,46522.54392824287,1.184452621895124,Mississippi,Chickasaw County,3964.0,43041.0,44781.771964121435,-67260.29629423081,19755.184376107776
54015,Clay,WV,10.9,12.8,23.0,11.1,24.8,14.2,25.0,21.9,25.5,28.5,16.2,37.2,36.6,18.2,41.6,5.0,44.0,27.8,6.5,9386.0,3728.0,74.0,0.0,0.0,0.2576177285318559,0.2576177285318559,0.0,0.3766247602812699,0.3766247602812699,0.634242488813126,28.175305789605034,44790.99701683358,0.7884082676326444,West Virginia,Clay County,1952.0,42790.0,43790.498508416786,-71437.07300818354,20383.400320579756
48305,Lynn,TX,22.4,9.9,17.8,7.1,16.0,13.4,23.8,15.7,12.8,26.0,12.8,34.0,31.6,16.1,38.5,4.8,39.3,17.5,7.3,5915.0,2246.0,42.0,0.4498732037193576,0.0,0.3240912933220625,0.7739644970414201,0.0,0.0,0.0,0.7739644970414201,19.090135283759707,51660.02637362637,0.7100591715976331,Texas,Lynn County,980.0,57411.0,54535.51318681319,-74118.19428013438,25027.644290323442
30081,Ravalli,MT,9.8,10.7,14.8,5.6,13.2,7.3,22.0,10.7,7.3,16.3,9.0,32.3,18.3,10.7,31.7,2.9,32.5,12.8,3.8,40212.0,16933.0,478.0,0.0,0.0,0.0,0.0,0.0,0.1382920521237441,0.1382920521237441,0.4073410922112802,14.214250966819671,62226.588058291054,1.1886998905799264,Montana,Ravalli County,3771.0,71323.0,66774.79402914553,-43654.57194777567,5213.54172271931
37163,Sampson,NC,16.2,11.3,18.7,7.8,17.5,13.0,26.0,23.3,19.8,24.4,18.2,36.4,29.4,16.2,41.7,5.1,35.6,25.4,7.1,63431.0,24005.0,1087.0,0.0803077359650644,0.0,0.1658968012486008,0.1658968012486008,0.0803077359650644,0.5776197758193943,0.7660134634484715,0.73069950024436,23.808562761500305,49536.57815579133,1.713673125128092,North Carolina,Sampson County,11727.0,53159.0,51347.789077895664,-28694.40656946003,13355.510330499852
26047,Emmet,MI,5.6,11.2,13.7,6.0,13.3,8.5,21.3,10.9,9.8,15.0,9.5,32.1,19.5,10.0,32.7,2.7,30.0,14.3,3.6,32694.0,13601.0,505.0,0.4125221753226892,0.0,0.0679941273628188,0.0679941273628188,0.0,0.0,0.0,0.0679941273628188,9.527403297714782,69951.27907261271,1.5446259252462224,Michigan,Emmet County,3145.0,73724.0,71837.63953630635,-52592.59647525917,8923.793608839256
54097,Upshur,WV,9.4,12.4,20.7,9.5,22.1,13.3,24.3,18.2,20.9,24.9,14.2,35.4,33.2,16.1,37.1,4.2,40.9,22.8,5.5,24254.0,9619.0,1215.0,0.3069596767543498,0.0,0.1595200791622,0.1595200791622,0.1595200791622,0.3623732167889832,0.3623732167889832,0.7286220829553888,20.657592069241865,52032.77512987548,5.009482971880927,West Virginia,Upshur County,4093.0,51859.0,51945.887564937744,-58020.232887298014,12636.67433711409
32005,Douglas,NV,9.7,10.3,14.4,5.5,12.6,8.1,23.0,11.8,9.3,16.5,10.8,33.5,18.8,10.9,27.3,2.8,33.9,11.7,4.0,46997.0,19638.0,230.0,0.6331893525118625,0.0,0.0361086877885822,0.0361086877885822,0.0,0.0,0.0631955231184969,0.0691533502138434,9.096129548875863,77391.11885865055,0.489392939974892,Nevada,Douglas County,4092.0,88018.0,82704.55942932528,-40097.12889454262,6153.649498596689
39147,Seneca,OH,8.6,10.9,14.9,7.3,17.2,11.1,22.0,13.6,11.2,18.7,11.5,35.6,28.3,12.1,36.3,3.3,38.1,16.2,4.4,56745.0,21774.0,2534.0,0.4910564807472024,0.0,0.2011630980703145,0.3345140541016829,0.2011630980703145,0.2011630980703145,0.4319147061415103,0.3345140541016829,14.759803959693029,60413.002766763595,4.465591682086528,Ohio,Seneca County,6194.0,65020.0,62716.501383381794,-30283.78943357907,-2127.806217937956
17133,Monroe,IL,6.0,10.0,11.8,5.0,11.3,7.8,22.3,8.9,7.8,13.4,8.5,32.4,17.2,9.1,34.9,2.3,34.7,7.3,3.0,32957.0,12589.0,343.0,0.5547835057802591,0.0,0.0,0.0,0.0,0.0,0.4030706678399126,0.0,4.899734059205088,100547.92259611007,1.040750068270777,Illinois,Monroe County,1583.0,101635.0,101091.46129805504,-53413.734022887744,7315.372738639977
17173,Shelby,IL,7.8,10.6,14.8,6.9,15.8,9.6,24.9,13.8,13.6,17.8,11.5,34.6,22.6,12.0,37.6,3.3,36.9,11.4,4.2,22363.0,9216.0,205.0,0.223538881187676,0.0,0.1527523140902383,0.3762911952779144,0.0,0.0,0.0,0.6704824934042839,11.283403102875573,62288.52922237624,0.9166927514197558,Illinois,Shelby County,2053.0,68457.0,65372.76461118812,-60504.818167175465,13197.885407577802
27123,Ramsey,MN,7.8,10.1,13.4,4.8,12.8,9.8,25.3,14.9,9.9,17.8,11.4,37.5,20.0,11.0,32.3,3.1,30.1,9.8,4.2,508640.0,202691.0,18384.0,1.0,0.0034955960994023,0.1384318968229002,0.3833143284051588,0.1384318968229002,0.1886579899339414,0.3045257942749292,0.5083733092167348,14.55707372831728,84773.14799072035,3.6143441333752753,Minnesota,Ramsey County,65817.0,81004.0,82888.57399536017,311900.359166187,-137360.77460922967
9190,Western Connecticut,CT,10.0,10.0,10.8,4.0,8.7,7.4,24.8,12.4,8.7,13.4,11.2,32.6,21.4,8.2,25.6,2.6,33.4,8.0,3.8,25241.0,9775.0,583.0,0.3458284459307694,0.0,0.1345236931205181,0.213471534089182,0.0511226162291542,0.1011854426282319,0.2076341948310139,0.409791766014942,14.641471788424182,62500.0,1.8142722752318237,,,45372.0,124553.0,63238.92615563523,-59777.46225547743,14787.486097033085
17103,Lee,IL,9.6,10.2,14.7,6.8,15.6,10.2,25.7,15.6,14.5,18.9,13.3,34.2,24.0,12.2,38.8,3.5,38.9,14.3,4.6,36031.0,13758.0,2872.0,0.4236074491410174,0.0,0.0976658988093586,0.0976658988093586,0.0976658988093586,0.0976658988093586,0.2022147595126419,0.0976658988093586,10.972158210757636,75722.92675751436,7.970913935222446,Illinois,Lee County,3676.0,68459.0,72090.96337875718,-50332.417792192246,8250.00053439679
29139,Montgomery,MO,10.2,11.0,20.3,8.5,19.9,10.9,20.8,15.9,13.2,22.3,13.5,32.4,31.6,15.4,37.1,4.0,39.7,18.0,5.4,12236.0,4868.0,394.0,0.3118666230794377,0.0,0.3118666230794377,0.3118666230794377,0.3118666230794377,0.0,0.0,0.5184700882641387,17.02032887962835,55617.617195161816,3.2200065380843412,Missouri,Montgomery County,1612.0,61042.0,58329.80859758091,-69316.25986438546,19072.771776995236
29510,St. Louis,MO,9.1,11.7,18.4,7.0,16.6,12.7,24.9,19.7,17.0,22.1,18.2,35.7,26.9,15.7,37.0,4.6,37.2,16.8,6.1,319294.0,142057.0,11978.0,0.9922641828534204,0.0,0.0841230965818336,0.4761630346952964,0.0841230965818336,0.3914574028951374,0.4927872117860029,0.6176533226430813,24.728819965116035,60344.17981859978,3.7514015296247343,Missouri,St. Louis city,56166.0,55279.0,57811.58990929989,127561.52671276894,-65596.79525026867
18021,Clay,IN,8.5,11.5,16.6,8.0,18.2,11.5,23.2,14.8,8.7,20.8,11.3,35.0,26.1,13.1,42.9,3.5,37.2,25.2,4.6,26890.0,10447.0,341.0,0.3738936407586463,0.0,0.2028263294905169,0.2028263294905169,0.2028263294905169,0.0,0.0,0.2028263294905169,14.22361735877094,61606.50066939383,1.2681294161398289,Indiana,Clay County,2744.0,67676.0,64641.25033469692,-56513.51966600234,11028.882617024687
27173,Yellow Medicine,MN,9.1,10.4,15.2,5.7,16.6,9.7,21.8,13.6,10.2,17.5,11.2,31.7,25.1,11.4,38.9,3.3,33.9,9.4,4.4,10438.0,4292.0,290.0,0.0,0.0,0.1944817014753784,0.1944817014753784,0.0,0.0,0.0,0.1944817014753784,13.52533245885299,69879.55173404867,2.778310021076835,Minnesota,Yellow Medicine County,795.0,71573.0,70726.27586702433,-71384.13551790753,20223.729733100423
36117,Wayne,NY,6.6,11.2,13.7,6.2,14.2,8.6,24.0,14.0,12.4,16.2,12.7,34.4,24.2,11.3,37.1,3.2,38.4,10.3,4.2,93772.0,36585.0,1390.0,0.2382267627863328,0.0,0.1599944546346457,0.1985880646674913,0.1599944546346457,0.1299961609009086,0.1740178304824468,0.583297786119524,11.417316480845937,67407.5846414708,1.4823188158512135,New York,Wayne County,10174.0,73914.0,70660.7923207354,161.37438773657777,-20617.574692105056
20165,Rush,KS,9.8,10.4,16.2,7.0,17.0,10.0,21.5,13.7,8.3,18.4,11.9,31.5,27.9,12.9,38.8,3.5,35.1,13.1,4.5,3307.0,1511.0,67.0,0.0,0.0,0.0,0.0,0.0,0.0,0.0,0.0,9.705379559953196,66347.78500151195,2.026005442999698,Kansas,Rush County,329.0,60288.0,63317.892500755974,-77546.12927410357,23655.15550540562
51085,Hanover,VA,7.1,10.1,13.5,5.0,11.9,9.3,19.8,9.6,7.4,14.4,8.8,32.5,20.1,10.4,32.7,2.6,35.1,8.8,3.5,99863.0,36589.0,1980.0,0.5955158567237114,0.0,0.0392037090814415,0.0392037090814415,0.0392037090814415,0.0392037090814415,0.0392037090814415,0.0392037090814415,5.844897954525772,101550.63197580686,1.9827163213602637,Virginia,Hanover County,5663.0,109504.0,105527.31598790342,-4067.0189240166364,-23632.193661951034
51095,James City,VA,7.1,10.5,12.7,4.6,10.3,9.1,20.4,9.7,7.2,14.3,9.2,33.4,19.0,10.0,32.5,2.5,30.9,7.3,3.4,67009.0,26860.0,1100.0,0.8457669865241982,0.0,0.059902401169992,0.1052694414183169,0.059902401169992,0.0,0.1850796161709621,0.1052694414183169,7.750540665533514,99097.71470996432,1.6415705353012282,Virginia,James City County,5119.0,107046.0,103071.85735498216,-29293.71204520556,-3968.71392020247
28047,Harrison,MS,11.5,9.7,17.6,7.0,16.5,12.3,28.7,20.3,11.3,22.0,15.5,36.5,34.1,15.5,36.6,4.3,41.1,14.8,5.9,187105.0,71476.0,5452.0,0.7175115576815158,0.0160979129365864,0.3003928275567195,0.3624542369257903,0.3003928275567195,0.1576120360225542,0.3678629646455199,0.4040512011971887,20.31903515714937,54828.31293124182,2.913871890115176,Mississippi,Harrison County,35642.0,57233.0,56030.65646562091,71532.85043546004,-41814.410655186235
29071,Franklin,MO,8.5,10.5,17.9,7.0,16.6,9.7,19.5,12.0,9.2,18.9,11.2,30.4,27.7,13.0,39.3,3.3,34.5,11.7,4.3,101492.0,39170.0,857.0,0.2589268119654751,0.0,0.1713238481850786,0.2222933827296732,0.1342962992157017,0.2646218421156347,0.4210676703582548,0.4444389705592559,10.968196447517355,68078.4591790486,0.8444015291845662,Missouri,Franklin County,8534.0,71973.0,70025.7295895243,8459.743453022485,-28221.136591955412
29087,Holt,MO,9.4,10.7,19.1,7.8,18.7,10.3,20.1,14.2,11.4,20.3,12.5,31.9,30.4,14.1,37.0,3.7,39.5,20.3,4.9,4912.0,2133.0,101.0,0.0,0.0,0.0,0.0,0.0,0.0,0.0,0.2915309446254072,12.857163933887591,57363.878257328994,2.056188925081434,Missouri,Holt County,405.0,58516.0,57939.9391286645,-76090.13888548096,22743.633272447645
46123,Tripp,SD,10.8,11.1,17.0,7.7,20.5,11.6,23.8,15.7,12.8,20.7,12.8,34.0,27.0,14.1,37.8,4.3,33.8,20.5,5.8,5644.0,2419.0,131.0,0.5993975903614458,0.0,0.0,0.5993975903614458,0.0,0.0,0.0,0.5993975903614458,20.126473054374035,61306.91265060241,2.321048901488306,South Dakota,Tripp County,1013.0,58854.0,60080.4563253012,-75881.25389839384,22868.564778987242
30033,Garfield,MT,9.8,11.5,15.9,6.6,15.5,8.5,22.4,12.6,9.4,17.9,10.3,31.7,22.2,11.5,30.7,3.4,32.5,12.6,4.4,1206.0,532.0,0.0,0.0,0.0,0.0,0.0,0.0,0.0,0.0,0.0,5.25854513584575,59750.0,0.0,Montana,Garfield County,113.0,61750.0,60750.0,-79378.22237719745,24733.67162251622
40051,Grady,OK,10.5,11.2,17.2,6.9,16.4,10.3,24.3,15.9,12.7,18.6,12.5,31.9,28.4,13.8,38.3,3.5,36.1,15.3,4.9,52431.0,19892.0,1082.0,0.4640956685930079,0.0,0.0625011920428754,0.1620606129961282,0.0625011920428754,0.0,0.1241441132154641,0.1620606129961282,11.830726798045662,68148.80261677252,2.063664625889264,Oklahoma,Grady County,6732.0,75730.0,71939.40130838627,-36250.23472404444,2936.7057313937657
30099,Teton,MT,10.1,11.4,16.0,6.3,14.9,8.3,23.1,12.6,9.1,17.7,10.3,31.9,21.9,11.5,31.3,3.3,30.1,17.4,4.3,6073.0,2450.0,462.0,0.0,0.0,0.0,0.0,0.0,0.0,0.0,0.0,13.202691738419484,63204.60908941215,7.60744277951589,Montana,Teton County,643.0,67766.0,65485.30454470607,-74994.81491372918,22222.203760973633
34015,Gloucester,NJ,8.8,9.8,12.4,4.7,12.1,8.9,23.5,12.2,7.2,14.7,11.7,33.9,22.7,9.4,31.5,2.8,40.4,11.9,3.7,288288.0,104271.0,4223.0,0.8767205017205018,0.0,0.0580981518481518,0.1079996392496392,0.0580981518481518,0.0499257686757686,0.2983960483960484,0.1079996392496392,7.655605251443456,102750.61212398711,1.46485458985459,New Jersey,Gloucester County,22676.0,102807.0,102778.80606199356,141455.46051526087,-103682.99678719173
28143,Tunica,MS,16.5,11.7,22.8,10.5,23.6,19.9,35.5,42.7,33.3,34.7,31.7,40.4,44.8,24.5,50.8,8.7,46.4,31.2,11.7,10778.0,3927.0,104.0,0.4392280571534607,0.0,1.0,1.0,0.4392280571534607,1.0,1.0,1.0,21.10785132445974,40478.42252737057,0.9649285581740584,Mississippi,Tunica County,3171.0,38402.0,39440.21126368528,-73975.5649761097,22967.20114532016
55039,Fond du Lac,WI,8.6,11.1,14.1,5.7,15.2,9.3,21.3,12.2,12.6,16.5,10.4,32.7,27.7,11.9,43.8,3.1,31.9,8.5,4.1,101633.0,40697.0,3589.0,0.5899953755177945,0.0,0.1325258528233939,0.2327885627699664,0.1325258528233939,0.1028012554977221,0.3470329518955457,0.2327885627699664,9.02212312942424,74911.07758306849,3.531333326773784,Wisconsin,Fond du Lac County,8792.0,73154.0,74032.53879153424,6369.631353853838,-24642.457232074932
55078,Menominee,WI,10.3,14.1,18.2,7.5,23.9,15.3,27.5,28.9,28.3,26.1,21.4,36.2,35.8,17.9,45.4,4.9,39.5,17.8,8.1,4232.0,1318.0,59.0,0.0,0.0,0.6750945179584121,0.6750945179584121,0.0,0.0,0.0,1.0,32.59308329060328,45296.18738185255,1.39413988657845,Wisconsin,Menominee County,895.0,59528.0,52412.093690926275,-78596.03749606117,25412.69658199256
32031,Washoe,NV,12.3,10.4,15.3,5.8,12.8,8.8,25.5,15.1,11.7,20.1,13.5,38.2,21.0,11.7,28.5,3.2,38.7,11.6,4.8,421407.0,163445.0,5272.0,0.9315364955968932,0.0005149416122655,0.0761757635729828,0.2714644037711761,0.0722603089175073,0.1298720714178929,0.1465827572868984,0.3308393073679365,12.420218838263818,76728.86825088334,1.251047087494987,Nevada,Washoe County,51773.0,85600.0,81164.43412544168,288529.8608393642,-67933.39177889324
22113,Vermilion,LA,9.6,10.4,20.8,8.7,20.3,12.8,28.7,22.5,19.8,24.5,16.6,37.3,31.0,16.7,42.6,4.8,38.7,17.9,6.5,57999.0,21889.0,536.0,0.322609010500181,0.0,0.1935378196175796,0.3499025845273194,0.1662442455904412,0.1779168606355282,0.3136605803548337,0.3499025845273194,17.57070044422311,61437.83325574579,0.9241538647218056,Louisiana,Vermilion Parish,10823.0,57537.0,59487.416627872895,-31694.002129712855,-371.15568875022655
19009,Audubon,IA,7.8,10.3,15.2,6.7,17.0,9.8,23.9,13.4,11.8,18.0,10.7,33.1,25.2,11.8,37.8,3.4,33.9,15.4,4.3,6119.0,2617.0,136.0,0.0,0.0,0.0,0.0,0.0,0.0,0.0,0.3811080241869586,10.124250458169792,61295.03856839353,2.22258538976957,Iowa,Audubon County,649.0,54152.0,57723.519284196766,-75057.22644945666,22015.1658327843
51121,Montgomery,VA,8.0,10.5,15.4,6.6,14.2,11.0,19.5,12.6,11.4,17.7,10.4,33.1,23.1,12.5,31.4,3.4,33.9,16.9,4.5,94392.0,35767.0,9237.0,0.6990634799559284,0.0898910924654631,0.2650542418849055,0.4063903720654293,0.2650542418849055,0.1395775065683532,0.1630752606153064,0.5156369183829138,22.289422257350665,84236.23600516994,9.785786931095856,Virginia,Montgomery County,21057.0,70769.0,77502.61800258496,-2110.8414461377542,-16889.08818828766
31123,Morrill,NE,12.5,9.3,14.2,6.6,16.5,10.4,22.3,16.4,11.7,18.3,12.2,32.0,30.0,12.4,41.9,3.6,32.9,14.0,5.1,5042.0,2085.0,82.0,0.0,0.0,1.0,1.0,0.0,0.0,0.0,1.0,8.74223269766445,58290.0,1.626338754462515,Nebraska,Morrill County,550.0,59773.0,59031.5,-75826.44328304412,23414.706866854773
49027,Millard,UT,12.0,10.9,17.6,6.0,11.2,10.1,20.7,15.0,8.6,19.2,11.9,32.0,22.5,12.6,34.5,3.5,32.3,17.6,5.0,12503.0,4201.0,122.0,0.0,0.0,0.0,0.0,0.0,0.0,0.0,0.0,11.370217406310834,66732.7673358394,0.975765816204111,Utah,Millard County,1142.0,70877.0,68804.8836679197,-68896.26579815417,20873.130499054372
51510,Alexandria,VA,7.8,9.9,11.8,4.0,8.6,9.8,20.2,10.4,7.7,14.6,9.5,33.0,19.4,9.9,31.2,2.5,33.9,6.5,3.6,139966.0,68082.0,1827.0,1.0,0.0,0.0,0.1352971435920152,0.0,0.0337224754583255,0.0337224754583255,0.4067416372547618,10.565975505116803,125195.60970521413,1.3053170055584928,Virginia,Alexandria city,13037.0,113638.0,119416.80485260706,18377.683997731772,-5657.178380450256
50011,Franklin,VT,7.1,11.5,14.5,6.1,13.0,7.9,23.8,15.7,12.8,14.9,12.8,34.0,20.3,10.3,36.4,3.1,33.6,8.8,4.0,47746.0,18513.0,529.0,0.2705357516860051,0.0,0.0,0.0722783060361077,0.0,0.0,0.1256440330080006,0.2394546139990784,7.751067130836857,78705.87513090101,1.1079462153897708,Vermont,Franklin County,5032.0,79078.0,78891.9375654505,-40396.5090129095,327.74394839057277
37095,Hyde,NC,14.4,10.9,18.6,8.5,19.4,13.3,26.5,23.3,20.8,24.4,17.9,34.6,29.4,16.5,40.8,5.3,38.0,26.1,7.1,5810.0,2119.0,830.0,0.0,0.0,1.0,1.0,1.0,1.0,0.0,1.0,22.3062381852552,49939.0,14.285714285714286,North Carolina,Hyde County,898.0,47338.0,48638.5,-76164.99800440407,23372.19687765842
36025,Delaware,NY,7.1,11.1,14.2,6.8,15.4,9.2,25.0,15.8,14.9,17.2,13.4,33.1,26.3,11.8,33.4,3.6,41.9,20.6,4.7,47980.0,19898.0,2435.0,0.2228636932055022,0.0282409337223843,0.1162150896206752,0.1162150896206752,0.1162150896206752,0.2931638182576073,0.37157148812005,0.8265735723218007,15.725083598149183,62458.480325135475,5.075031263026261,New York,Delaware County,6317.0,60226.0,61342.24016256774,-38241.33764767265,1086.4901511972494
26141,Presque Isle,MI,7.3,11.8,16.7,8.1,17.5,10.1,22.9,15.8,15.8,19.5,12.2,33.3,25.0,12.8,41.1,3.7,35.7,11.2,4.8,13376.0,5982.0,230.0,0.1954246411483253,0.0,0.0,0.1954246411483253,0.0,0.0,0.0,0.5495663875598086,14.759525015925856,55599.205068779906,1.7194976076555024,Michigan,Presque Isle County,1589.0,56713.0,56156.10253438995,-68660.03280894282,18141.856173318898
48471,Walker,TX,18.6,10.0,17.4,7.4,17.2,13.8,23.8,15.7,12.8,24.9,12.8,34.0,30.5,15.8,40.6,4.9,42.9,21.4,6.8,67861.0,20969.0,16708.0,0.3854644051811792,0.1083243689306081,0.400863529862513,0.4884543404901195,0.2978735945535727,0.0,0.0,0.6460411723965164,23.739407028370245,62659.65056512577,24.62091628475855,Texas,Walker County,11109.0,49862.0,56260.82528256289,-27632.66466302616,7927.294037196836
23001,Androscoggin,ME,9.5,13.4,17.9,7.6,16.9,10.3,25.0,14.6,19.4,19.3,14.1,35.0,25.8,12.6,36.1,3.5,37.8,19.6,4.6,107702.0,44315.0,2760.0,0.4326753449332417,0.0,0.0409555997103117,0.1682420010770459,0.0409555997103117,0.0893948116098122,0.1595513546637945,0.2863085179476704,14.062532848790145,63937.71255872686,2.5626265064715605,Maine,Androscoggin County,14060.0,67298.0,65617.85627936343,12617.175391392753,-29048.664062456413
13307,Webster,GA,15.7,11.5,18.8,8.6,19.6,15.5,27.8,27.6,25.7,26.7,22.2,39.8,33.4,17.7,42.5,6.0,42.5,24.5,7.8,2799.0,1119.0,0.0,0.0,0.0,0.0,0.0,0.0,0.0,0.0,1.0,25.151169305859018,41702.80207216863,0.0,Georgia,Webster County,620.0,40764.0,41233.40103608432,-78421.39738088503,24459.47300394503
35003,Catron,NM,11.7,10.5,16.9,6.9,16.3,10.6,23.4,19.1,17.6,21.5,15.4,34.1,23.2,13.5,32.2,4.3,36.3,20.3,6.0,3725.0,1787.0,106.0,0.0,0.0,1.0,1.0,1.0,1.0,0.0,1.0,22.9461756373938,50286.0,2.8456375838926173,New Mexico,Catron County,772.0,46439.0,48362.5,-76868.2809260782,24130.345703379655
53059,Skamania,WA,7.9,11.7,15.2,5.3,12.2,8.2,23.8,15.7,12.8,16.1,12.8,34.0,17.5,10.8,32.3,3.1,33.2,10.3,4.0,11066.0,4522.0,25.0,0.0,0.0,0.0088559551780227,0.0088559551780227,0.0088559551780227,0.0088559551780227,0.0,0.6146755828664378,13.600442268007631,67217.48219772275,0.2259172239291523,Washington,Skamania County,1008.0,90085.0,78651.24109886138,-70790.26535820069,20222.466898891995
54077,Preston,WV,9.6,12.0,19.9,8.8,20.8,12.6,25.2,16.9,17.9,24.0,13.5,36.1,30.2,15.3,37.3,3.9,39.6,26.9,5.1,33520.0,12895.0,2378.0,0.1245226730310262,0.0,0.4419749403341289,0.4419749403341289,0.1245226730310262,0.2402147971360382,0.2402147971360382,0.4419749403341289,16.25200936137662,60445.027714797136,7.094272076372315,West Virginia,Preston County,4284.0,61373.0,60909.01385739857,-50688.43344648143,7425.840193761294
48391,Refugio,TX,25.7,9.7,18.0,6.6,15.5,14.0,23.8,15.7,12.8,27.1,12.8,34.0,34.0,16.5,40.1,4.9,39.9,20.4,7.6,7383.0,2841.0,129.0,0.0,0.0,0.4989841527834214,0.4989841527834214,0.0,0.0,0.0,0.4989841527834214,18.390338186655377,57089.4254368143,1.747257212515238,Texas,Refugio County,1128.0,58016.0,57552.71271840715,-72836.29341062458,24734.41133038834
36095,Schoharie,NY,6.4,11.2,13.5,6.2,14.3,8.7,23.6,13.4,12.3,15.9,12.1,33.2,23.6,11.0,33.0,3.2,40.4,8.5,4.1,32749.0,13166.0,1556.0,0.202296253320712,0.038657668936456,0.0,0.0,0.0,0.2760084277382515,0.2760084277382515,0.7977037466792879,12.682107620562562,68593.17105865828,4.751290115728724,New York,Schoharie County,3106.0,71188.0,69890.58552932914,-52339.264164508895,8520.214456696587
38103,Wells,ND,8.1,10.5,14.2,6.3,15.9,9.4,21.7,12.5,8.5,17.6,10.3,31.3,23.7,11.5,38.2,3.4,32.6,12.6,4.4,4207.0,1943.0,119.0,0.0,0.0,0.0,0.0,0.0,0.0,0.0,0.0,6.632943423273319,77644.583075826,2.828618968386024,North Dakota,Wells County,405.0,61346.0,69495.291537913,-76862.67878789107,23026.44119695251
2282,Yakutat,AK,12.6,11.2,16.8,6.9,20.3,10.6,30.4,19.8,13.2,22.1,16.1,35.7,25.2,13.7,34.6,4.1,38.8,16.7,6.1,662.0,270.0,18.0,0.0,0.0,0.0,0.0,0.0,0.0,0.0,0.0,6.67634252539913,75833.0,2.719033232628399,Alaska,Yakutat City and Borough,39.0,80625.0,78229.0,-80067.96243937501,25300.973257057816
22051,Jefferson,LA,10.4,9.8,17.6,6.5,15.0,13.6,28.6,21.5,16.3,22.2,17.3,38.1,29.0,14.4,41.5,4.2,41.5,15.2,6.0,432552.0,169647.0,3311.0,0.9816600085076476,0.0,0.1321621446669995,0.3233275999186225,0.1321621446669995,0.1354727292903512,0.2084627975364811,0.3825805914664595,15.579869576352758,68717.67391203833,0.7654571011115426,Louisiana,Jefferson Parish,69819.0,65246.0,66981.83695601916,249133.3756837385,-96621.78098297007
16021,Boundary,ID,12.0,11.4,18.8,7.2,15.2,9.4,21.0,16.0,11.8,19.4,12.4,32.0,23.9,14.9,33.2,4.0,32.3,19.1,5.4,10972.0,4421.0,73.0,0.0,0.0,0.0,0.0,0.0,0.0,0.0,0.0,16.841736880199534,59922.67417061611,0.6653299307327744,Idaho,Boundary County,2154.0,62438.0,61180.337085308056,-70466.00631198868,20001.853205991898
53047,Okanogan,WA,13.1,11.7,18.1,6.7,15.8,10.4,23.8,15.7,12.8,21.5,12.8,34.0,23.3,13.6,32.7,4.4,35.8,18.0,6.1,41120.0,16519.0,640.0,0.1632782101167315,0.0,0.3410019455252918,0.3410019455252918,0.1632782101167315,0.1777237354085603,0.1777237354085603,0.9460116731517508,20.83642114968024,52810.23640564203,1.5564202334630348,Washington,Okanogan County,7827.0,60293.0,56551.61820282102,-43714.007531736854,15938.863671262441
19145,Page,IA,8.6,10.2,15.8,7.2,18.6,10.6,25.3,15.1,13.5,19.4,11.7,32.5,27.2,12.7,42.8,3.7,32.9,13.9,4.7,15932.0,6393.0,1468.0,0.4717549585739392,0.0,0.2972633693196083,0.2972633693196083,0.1507657544564398,0.0,0.0,0.2972633693196083,11.649027252084316,62099.15691689681,9.214160180768266,Iowa,Page County,1887.0,57752.0,59925.578458448406,-66665.16894211202,17259.640034029362
30009,Carbon,MT,9.2,11.1,14.6,5.8,13.8,8.2,22.3,11.1,7.8,16.7,9.4,32.2,19.9,10.4,32.6,3.0,33.1,12.5,3.9,10078.0,4571.0,53.0,0.0,0.0,0.0,0.0,0.0,0.0,0.0,0.0,10.05248233875869,71877.50615201429,0.5258979956340544,Montana,Carbon County,909.0,71017.0,71447.25307600715,-71754.26168967038,20056.8289359263
38019,Cavalier,ND,7.1,10.0,12.6,5.2,13.4,8.2,21.6,9.8,5.8,14.9,8.8,29.8,21.0,9.8,40.1,2.8,32.5,6.9,3.5,3993.0,1818.0,83.0,0.0,0.0,0.0,0.0,0.0,0.0,0.0,0.0,9.944571614726437,84875.89256198348,2.0786376158276987,North Dakota,Cavalier County,273.0,67064.0,75969.94628099175,-77123.39031688697,23178.693511678233
22087,St. Bernard,LA,11.3,10.6,20.8,8.5,19.7,14.3,30.2,27.2,23.0,26.9,20.4,38.0,33.2,17.8,42.2,5.4,40.9,23.1,7.4,35897.0,13221.0,293.0,0.9897484469454272,0.0,0.277655514388389,0.4784243808674819,0.2674039613338162,0.0,0.0,0.6108588461431317,20.032676403225985,53861.85519681311,0.8162241970081066,Louisiana,St. Bernard Parish,9906.0,57638.0,55749.92759840655,-48195.53425252231,13406.884743735303
6039,Madera,CA,18.1,10.4,19.7,6.7,14.9,12.8,29.2,28.5,26.6,30.2,22.8,37.4,31.6,17.7,36.7,5.6,37.6,20.1,8.4,150865.0,43317.0,8624.0,0.5123189606601929,0.0599807775163225,0.17580618433699,0.3500811984224306,0.17580618433699,0.2030358267325092,0.2030358267325092,0.6351970304576939,21.09722604149053,57713.81177211414,5.716368939117754,California,Madera County,30187.0,75496.0,66604.90588605707,71230.1627119004,45638.375101377256
13007,Baker,GA,17.6,11.3,19.6,9.3,21.0,16.9,27.8,30.8,29.6,28.8,23.5,40.0,35.9,19.0,43.3,6.6,40.6,30.4,8.9,3451.0,1372.0,0.0,0.0,0.0,1.0,1.0,0.0,0.0,0.0,1.0,21.54949646362881,50891.07099391481,0.0,Georgia,Baker County,832.0,44405.0,47648.03549695741,-78028.67181519997,24357.962990620366
19159,Ringgold,IA,6.9,10.1,14.2,5.9,15.5,9.1,24.0,11.6,9.5,16.3,9.4,33.7,23.6,10.7,43.0,2.9,35.5,16.0,3.7,5131.0,2047.0,179.0,0.0,0.0,0.0,0.0,0.0,0.0,0.0,0.0,10.136993076441208,62745.59150263107,3.488598713701033,Iowa,Ringgold County,403.0,69821.0,66283.29575131554,-75839.26392603267,22652.101804213897
13017,Ben Hill,GA,17.9,11.4,20.1,9.4,21.7,16.0,27.9,29.9,28.3,28.6,23.1,40.5,36.4,18.8,41.5,6.3,44.3,25.4,8.5,17634.0,6794.0,308.0,0.5572757173641828,0.0,0.5572757173641828,0.5572757173641828,0.5572757173641828,0.7710105478053759,0.7710105478053759,0.9006464783940116,31.02803193867101,43229.87132811614,1.746625836452308,Georgia,Ben Hill County,4308.0,39081.0,41155.435664058066,-66315.15285338098,19784.461110231932
54017,Doddridge,WV,10.2,11.9,20.5,9.5,22.1,13.2,25.1,18.0,19.7,25.3,14.3,35.7,32.6,16.0,41.0,4.3,44.8,18.4,5.5,8202.0,3099.0,722.0,0.0,0.0,0.0,0.0,0.0,0.0,0.0,0.4996342355523043,15.708974028140156,60946.03877103145,8.80273104120946,West Virginia,Doddridge County,966.0,61164.0,61055.01938551573,-73216.79309304158,21013.926421398897
54065,Morgan,WV,8.9,12.1,19.3,8.4,19.9,12.2,24.3,15.6,16.7,23.0,13.0,35.1,30.6,14.7,38.8,3.7,41.6,18.6,4.8,17541.0,7303.0,123.0,0.0,0.0,0.1460578074226098,0.1460578074226098,0.0,0.0,0.5657602189156833,0.1460578074226098,8.308387681826797,59968.89806738499,0.7012142979305627,West Virginia,Morgan County,1891.0,63805.0,61886.949033692494,-64901.450450104196,16062.148308545025
22067,Morehouse,LA,11.3,11.6,22.9,10.3,23.5,16.8,34.3,35.4,33.6,31.4,25.9,41.2,37.1,21.1,44.9,7.0,46.3,30.5,9.2,27979.0,10853.0,768.0,0.4206011651595839,0.0,0.4870795954108438,0.4870795954108438,0.4206011651595839,0.5279674041245219,0.6468065334715323,0.5944458343757818,27.98777595671554,44440.26745058794,2.74491582972944,Louisiana,Morehouse Parish,7368.0,36981.0,40710.63372529397,-60827.08969582882,15557.25821585522
51115,Mathews,VA,8.3,10.9,15.6,6.1,14.1,10.1,21.1,12.0,10.0,17.3,10.3,34.2,22.8,12.2,35.3,3.1,34.1,8.0,4.1,8978.0,3858.0,94.0,0.0,0.0,0.0,0.0,0.0,0.0,0.0,0.0,10.802894441519785,74995.9558921809,1.0470037870349744,Virginia,Mathews County,665.0,75487.0,75241.47794609045,-73235.11116339396,20861.426403129968
30011,Carter,MT,10.2,11.6,16.3,6.8,15.9,8.5,22.4,13.1,9.8,18.7,10.6,31.1,21.9,11.9,33.2,3.6,31.9,12.5,4.5,1160.0,532.0,11.0,0.0,0.0,0.0,0.0,0.0,0.0,0.0,0.0,13.3487654320988,63750.0,0.9482758620689656,Montana,Carter County,184.0,52171.0,57960.5,-79403.46110931507,24776.47672080671
51053,Dinwiddie,VA,9.3,11.3,16.1,6.1,14.7,11.8,24.3,15.6,13.1,19.2,13.8,37.6,26.3,13.4,40.1,3.6,39.7,15.9,4.8,28001.0,10504.0,919.0,0.2698117924359844,0.0,0.4355558730045356,0.4740902110638906,0.2312774543766294,0.1277811506731902,0.3720224277704367,0.7557587229027535,13.255828813762886,67053.70908181851,3.282025641941359,Virginia,Dinwiddie County,2923.0,83898.0,75475.85454090926,-60488.364701145554,14463.590731819335
20141,Osborne,KS,8.8,10.3,15.9,6.8,16.6,10.0,21.7,13.1,8.1,18.2,11.5,30.3,26.9,12.7,39.2,3.4,33.7,10.4,4.4,3858.0,1742.0,100.0,0.0,0.0,0.0,0.0,0.0,0.0,0.0,0.0,13.4135855546002,66786.0,2.5920165889061693,Kansas,Osborne County,419.0,59408.0,63097.0,-77086.62720221041,23299.77963337777
31069,Garden,NE,10.3,9.7,14.2,6.9,16.8,10.5,21.1,15.1,12.1,17.9,11.4,30.2,28.9,12.7,40.6,3.7,33.9,8.5,5.0,2057.0,961.0,36.0,0.0,0.0,0.0,0.0,0.0,0.0,0.0,0.0,9.06593406593407,64044.0,1.750121536217793,Nebraska,Garden County,224.0,44777.0,54410.5,-78661.06330168639,24334.6407744638
53013,Columbia,WA,8.7,11.7,15.6,5.5,12.6,8.7,23.8,15.7,12.8,17.1,12.8,34.0,18.5,11.3,32.7,3.3,30.8,11.9,4.2,4078.0,1762.0,75.0,1.0,0.0,0.0,0.0,0.0,0.0,1.0,0.0,11.5560060821085,69250.0,1.8391368317802843,Washington,Columbia County,357.0,71528.0,70389.0,-76836.38133093683,23496.075674179447
38047,Logan,ND,8.8,10.5,14.6,6.6,16.3,9.5,21.7,13.3,9.0,18.2,10.8,31.3,25.0,11.8,40.9,3.6,34.5,11.3,4.6,1990.0,843.0,72.0,0.0,0.0,0.0,0.0,0.0,0.0,0.0,0.0,7.5135135135135105,73958.0,3.618090452261306,North Dakota,Logan County,204.0,61339.0,67648.5,-78719.64438334633,24288.0223024337
51530,Buena Vista,VA,10.3,11.6,18.5,8.1,17.8,11.9,21.6,16.4,15.2,21.6,12.9,35.1,27.5,15.3,39.0,4.2,38.3,19.1,5.5,6650.0,2603.0,400.0,1.0,0.0,1.0,1.0,1.0,1.0,1.0,1.0,20.0679117147708,46216.0,6.015037593984962,Virginia,Buena Vista city,1339.0,54458.0,50337.0,-74376.12551201406,22177.088149167146
45031,Darlington,SC,13.7,10.8,17.5,7.9,16.9,14.5,26.7,25.9,17.7,24.0,19.5,35.6,28.9,16.4,45.6,5.1,38.9,23.0,6.8,68681.0,26531.0,1345.0,0.2862800483394243,0.0,0.2747193546978058,0.2747193546978058,0.2220701504054978,0.5063117892867023,0.7750032760152007,0.6937726591051383,22.36019105100541,51600.77028581413,1.958329086646962,South Carolina,Darlington County,12500.0,47419.0,49509.885142907064,-30146.03182234393,801.2054657649169
19027,Carroll,IA,7.3,10.0,14.3,6.1,15.9,9.3,23.4,12.1,10.2,16.8,9.8,31.9,25.2,10.9,40.0,3.0,32.4,12.2,3.9,20816.0,8683.0,467.0,0.4925538047655649,0.0,0.0,0.0,0.0,0.0,0.302315526518063,0.0,8.798558578624936,77689.38715411222,2.243466564181399,Iowa,Carroll County,1693.0,68528.0,73108.69357705611,-62365.20943689463,14244.004791886644
36083,Rensselaer,NY,5.9,10.9,12.5,5.6,12.2,8.5,23.9,12.9,11.4,14.8,11.9,32.3,22.5,10.4,31.7,3.0,41.2,12.2,3.9,159429.0,64702.0,5607.0,0.6701666572580898,0.0,0.1452997886206399,0.280363045619053,0.1335077056244472,0.2100182526391058,0.3181416178988766,0.3321290354954243,12.479409919714524,81579.40043530348,3.516926029768737,New York,Rensselaer County,18177.0,86663.0,84121.20021765174,49312.00974165351,-48512.236161925306
48233,Hutchinson,TX,17.3,10.2,16.5,6.4,15.0,11.0,23.8,15.7,12.8,21.3,12.8,34.0,27.2,13.6,35.2,3.8,38.0,15.1,5.3,22150.0,8812.0,161.0,0.6513769751693003,0.0,0.0,0.301489841986456,0.0,0.0,0.0,0.4283069977426637,15.209859366672696,60866.97611738149,0.7268623024830699,Texas,Hutchinson County,2340.0,65470.0,63168.488058690746,-60101.112962926636,18556.17379938511
13231,Pike,GA,11.4,10.1,15.2,6.2,14.9,10.2,22.9,13.5,10.3,17.8,11.8,36.8,24.4,11.9,35.5,3.3,34.4,10.2,4.4,17869.0,6187.0,268.0,0.0,0.0,0.0,0.0,0.0,0.0,0.3919077732385695,0.0,13.0443489417594,74160.91336952263,1.4998041300576417,Georgia,Pike County,1830.0,84184.0,79172.45668476132,-65736.30584202977,16541.2230021559
18161,Union,IN,7.6,11.3,15.4,6.9,16.2,10.1,23.2,12.0,6.6,17.9,10.0,33.4,22.5,11.6,37.4,3.0,36.8,16.2,3.9,7516.0,2938.0,67.0,0.0,0.0,0.0,0.0,0.0,0.0,0.0,1.0,8.813693449122038,57805.338477913785,0.8914316125598721,Indiana,Union County,446.0,79500.0,68652.66923895689,-73695.70006847622,21409.857538534092
37183,Wake,NC,8.0,10.0,12.0,4.4,9.5,9.0,20.6,10.4,7.4,13.5,9.1,31.8,17.9,9.4,28.9,2.6,31.6,7.3,3.6,900993.0,345645.0,20983.0,0.9190015904674064,0.0099345943864158,0.1205358976151868,0.2620364420145328,0.1205358976151868,0.1014225415735749,0.1492719699265144,0.2799766479872763,10.262285192053309,97135.1099620086,2.328874919117019,North Carolina,Wake County,89566.0,101763.0,99449.0549810043,585440.9434572845,-252442.94373450964
6027,Inyo,CA,8.4,10.4,15.3,5.2,12.4,9.4,25.5,15.0,13.8,19.7,13.5,35.3,21.1,12.0,28.5,3.3,33.6,9.0,4.7,18546.0,8049.0,433.0,0.4380998598080449,0.0,0.1821417017146554,0.1821417017146554,0.1821417017146554,0.1821417017146554,0.1821417017146554,0.1821417017146554,10.316432866145504,70966.75541895826,2.334735252884719,California,Inyo County,1928.0,72432.0,71699.37770947913,-65430.46368462146,20936.08348813191
46013,Brown,SD,8.5,9.8,13.4,5.4,14.7,9.5,23.8,15.7,12.8,15.5,12.8,34.0,23.5,11.0,35.5,3.0,30.7,9.7,3.9,36531.0,15489.0,1365.0,0.7825956037338151,0.0,0.0,0.0704880786181599,0.0,0.0704880786181599,0.5397333771317511,0.0704880786181599,11.808957033822656,75916.21061564151,3.7365525170403218,South Dakota,Brown County,3914.0,70239.0,73077.60530782075,-49390.05135777537,6891.36127553173
40151,Woods,OK,10.3,11.1,17.0,7.2,16.7,10.7,23.8,16.2,13.8,19.3,12.7,32.7,29.3,14.4,39.0,3.8,37.9,15.2,5.2,8878.0,3533.0,1005.0,0.3313809416535255,0.0,0.0,0.0,0.0,0.0,0.0,0.0,13.760104220430623,78007.59078621311,11.320117143500788,Oklahoma,Woods County,1463.0,50512.0,64259.79539310656,-73008.6207864225,21414.416644127556
47071,Hardin,TN,14.0,11.5,21.8,10.1,23.5,12.8,23.8,15.7,12.8,26.5,12.8,34.0,30.7,17.5,38.0,4.7,39.9,19.0,6.4,26026.0,10643.0,371.0,0.3420425728118035,0.0,0.1935372319987704,0.1935372319987704,0.1935372319987704,0.1935372319987704,0.1935372319987704,0.3676323676323676,20.41470094775916,51922.37297318067,1.4254975793437332,Tennessee,Hardin County,5508.0,49149.0,50535.68648659033,-56594.519255036765,12343.975295244607
37049,Craven,NC,10.5,11.0,16.0,6.6,14.8,10.5,23.4,15.9,12.9,18.9,13.1,34.9,23.6,13.0,37.5,3.8,34.8,15.2,5.1,103505.0,40299.0,4939.0,0.6180474373218685,0.0362108110719288,0.094372252548186,0.1745712767499154,0.094372252548186,0.3136660064731172,0.4038645476063958,0.423129317424279,15.310089901608288,60868.60848268199,4.771750156997246,North Carolina,Craven County,13368.0,64635.0,62751.804241341,-627.5337563504727,-12830.240483083613
12113,Santa Rosa,FL,11.2,9.6,14.2,5.9,13.2,9.3,23.8,15.7,12.8,16.4,12.8,34.0,19.7,11.1,31.7,3.0,40.2,7.9,4.2,151372.0,56910.0,4244.0,0.6928692228417409,0.0,0.0615635652564542,0.0615635652564542,0.0615635652564542,0.0403971672436117,0.221844198398647,0.094568348175356,10.026107249435244,74684.53423354385,2.80368892529662,Florida,Santa Rosa County,15911.0,88968.0,81826.26711677192,46207.64757209172,-43504.52429376797
47187,Williamson,TN,7.4,9.8,12.4,4.5,10.1,8.5,23.8,15.7,12.8,13.4,12.8,34.0,17.3,9.0,28.7,2.1,33.7,3.8,2.9,183182.0,64886.0,1153.0,0.7714349663176513,0.0,0.0,0.0,0.0,0.0,0.0886986712668275,0.0,4.436924549875925,125658.03819152535,0.6294286556539398,Tennessee,Williamson County,11423.0,131202.0,128430.01909576268,65618.37599618974,-61477.95745498633
13061,Clay,GA,15.3,11.6,18.1,8.1,18.6,16.1,28.8,29.2,27.5,26.9,23.9,40.2,34.5,17.8,42.3,6.1,43.2,28.9,8.1,3183.0,1331.0,58.0,0.0,0.0,0.0,0.0,0.0,1.0,1.0,1.0,41.1065852002716,27500.0,1.8221803330191644,Georgia,Clay County,644.0,48715.0,38107.5,-78266.69558903255,24462.963990521763
35039,Rio Arriba,NM,20.3,10.1,17.7,5.5,14.9,13.7,27.3,27.6,22.0,26.9,22.3,35.2,29.0,16.1,40.2,5.1,36.0,16.4,8.5,40246.0,15768.0,425.0,0.2425831138498236,0.0,0.0,0.0,0.0,0.0,0.6244347264324405,0.0,0.0,54882.5,1.0560055657705114,New Mexico,Rio Arriba County,8033.0,53901.0,54391.75,-47401.021877893516,37086.04703916599
13005,Bacon,GA,16.1,10.7,18.4,8.3,19.2,13.0,25.6,21.7,18.8,23.9,17.4,39.0,31.6,15.7,36.9,4.9,40.5,21.6,6.5,11096.0,4214.0,325.0,0.0,0.0,0.0,0.0,0.0,0.7244953136265321,0.7244953136265321,1.0,27.2115529393886,45286.95764239365,2.928983417447729,Georgia,Bacon County,2223.0,50310.0,47798.478821196826,-70622.21658446215,21141.287205249315
51013,Arlington,VA,6.2,9.0,10.0,3.4,7.0,8.5,18.0,7.1,4.9,11.7,6.9,32.2,15.1,8.1,25.2,2.0,28.1,5.0,2.9,207627.0,98050.0,2892.0,1.0,0.003111348716689,0.0,0.0625063214321836,0.0,0.0416371666498095,0.1264575416492074,0.1735323440592986,7.088428339666082,158051.15484980278,1.3928824285858776,Virginia,Arlington County,16573.0,140160.0,149105.5774249014,69640.14599677682,-30778.874410092776
30085,Roosevelt,MT,13.1,14.1,21.1,9.2,23.7,13.5,27.2,28.1,22.2,28.2,20.5,35.3,29.5,17.8,41.3,5.6,42.5,22.2,8.7,10425.0,3553.0,186.0,0.0,0.0,0.4122781774580336,0.4122781774580336,0.0,0.4122781774580336,0.4122781774580336,0.8486330935251799,28.65920930459889,53757.56940047962,1.7841726618705036,Montana,Roosevelt County,3132.0,53125.0,53441.284700239805,-74288.0656391348,23825.351929145676
26099,Macomb,MI,6.8,11.4,15.1,6.9,15.4,9.6,24.6,15.9,14.1,18.7,13.0,34.8,25.2,11.9,37.3,3.3,39.0,10.3,4.3,840978.0,331667.0,7432.0,0.9637969126421856,0.0001771746704432,0.098356913022695,0.2576654799531022,0.098356913022695,0.1054498452991636,0.1983155326298666,0.2711212421728036,11.478431793570415,75972.47410871628,0.8837329870698163,Michigan,Macomb County,85357.0,76399.0,76185.73705435815,602217.7555120825,-366944.2878224043
30031,Gallatin,MT,8.2,10.7,12.5,4.8,10.4,7.2,18.9,8.6,5.8,13.5,7.5,30.0,14.5,8.5,24.0,2.6,28.9,9.3,3.4,89513.0,36550.0,3260.0,0.5593265782623753,0.0,0.0251248422016913,0.0251248422016913,0.0251248422016913,0.0,0.047970685822171,0.1695396199434719,13.0534284482938,80798.38236904137,3.6419291052696257,Montana,Gallatin County,12025.0,87454.0,84126.19118452069,-2001.0478780646954,-18716.743322483326
51127,New Kent,VA,7.5,10.6,13.9,5.1,12.1,9.9,21.7,10.7,8.4,15.4,9.8,34.7,20.5,10.7,34.4,2.8,36.2,9.1,3.7,18429.0,6813.0,551.0,0.0,0.0,0.0,0.0,0.0,0.0,0.0,0.0,4.893266153244345,94501.1921428184,2.989852949156221,Virginia,New Kent County,1228.0,120125.0,107313.0960714092,-66983.13112977149,16782.94169284298
40029,Coal,OK,13.2,13.1,22.2,10.2,24.1,13.9,27.6,27.0,24.8,26.9,19.0,35.7,37.4,19.9,42.9,5.6,41.8,25.6,8.1,5925.0,2350.0,61.0,0.0,0.0,0.3220253164556962,0.3220253164556962,0.0,0.6779746835443038,0.6779746835443038,1.0,22.89761554312631,53043.23594936709,1.029535864978903,Oklahoma,Coal County,1111.0,48162.0,50602.61797468354,-75732.21368072672,23246.76279686501
26079,Kalkaska,MI,7.7,11.9,17.1,8.4,18.0,10.3,23.5,16.4,16.3,20.2,12.6,34.0,25.3,13.3,38.2,3.8,35.3,14.2,4.9,17153.0,6962.0,138.0,0.0,0.0,0.0,0.0,0.0,0.2719640879146505,0.2719640879146505,0.7785227073981228,17.119154696567545,53214.40162070775,0.8045239899725996,Michigan,Kalkaska County,2529.0,60365.0,56789.700810353876,-64684.336270535976,16491.090139819586
29005,Atchison,MO,9.5,10.7,19.4,8.2,18.8,10.9,20.4,14.9,12.5,21.3,12.8,33.9,31.0,14.9,41.6,3.9,38.5,19.5,5.1,5685.0,2498.0,98.0,0.0,0.0,0.0,0.0,0.0,0.0,0.0,0.0,10.386475001899722,63835.74758135445,1.7238346525945472,Missouri,Atchison County,639.0,59260.0,61547.87379067723,-75435.32359007499,22284.293897314445
48463,Uvalde,TX,28.9,9.2,17.6,6.0,13.8,14.6,23.8,15.7,12.8,27.7,12.8,34.0,34.1,16.5,41.0,5.1,39.5,19.4,8.3,26405.0,9025.0,564.0,0.5835258473773907,0.0,0.8858549517136906,0.8858549517136906,0.8858549517136906,0.6389698920658966,0.3458435902291232,0.8858549517136906,16.911430633185784,52501.760310547244,2.1359590986555577,Texas,Uvalde County,5242.0,57849.0,55175.380155273626,-48603.78340833357,29011.53376754981
1129,Washington,AL,10.2,10.7,18.2,7.7,17.9,13.3,26.8,22.3,16.3,24.2,16.4,37.5,29.9,16.4,41.0,4.5,44.4,16.2,6.1,17581.0,6758.0,147.0,0.0,0.0,0.1907172515784085,0.1907172515784085,0.0,0.0,0.0,0.4517376713497525,20.227878275825844,51375.75206188499,0.8361299129742337,Alabama,Washington County,2793.0,60503.0,55939.3760309425,-67190.1894287527,18534.4929163794
40099,Murray,OK,11.6,11.9,18.9,7.7,18.5,11.3,26.3,19.4,15.6,21.5,14.9,33.6,32.9,15.8,41.6,4.0,37.4,14.0,5.8,13488.0,5350.0,313.0,0.4552194543297746,0.0,0.0,0.0,0.0,0.0,0.0,0.0,14.800219176212982,63355.33303677343,2.3205812574139975,Oklahoma,Murray County,1704.0,61904.0,62629.666518386715,-69520.4903464856,20389.619633120587
26135,Oscoda,MI,9.0,12.2,18.7,9.6,20.2,11.2,24.1,19.4,20.1,22.7,14.3,34.5,28.2,14.9,38.2,4.4,34.1,16.9,5.7,8640.0,3772.0,65.0,0.0,0.0,0.0,0.0,0.0,0.2333333333333333,0.2333333333333333,1.0,17.413743096230164,47675.77800925926,0.7523148148148148,Michigan,Oscoda County,1302.0,50581.0,49128.38900462963,-72472.61153293292,20787.086907144767
13211,Morgan,GA,11.2,10.0,14.0,5.5,13.3,10.1,23.5,13.3,9.8,16.9,11.9,37.7,23.2,11.1,31.6,3.1,37.7,14.6,4.2,17868.0,6660.0,154.0,0.4020035818222521,0.0,0.0,0.0,0.0,0.0,0.4020035818222521,0.0,10.397750599388168,69752.68077009179,0.8618759794045221,Georgia,Morgan County,1522.0,85692.0,77722.34038504589,-66943.72734086566,17830.207844696808
12115,Sarasota,FL,11.5,9.5,12.8,5.5,11.7,8.4,23.8,15.7,12.8,15.6,12.8,34.0,20.1,10.2,30.3,2.7,35.1,7.8,3.9,379448.0,175746.0,5622.0,0.9564973329678902,0.0,0.0856639117876494,0.1781245388037359,0.0856639117876494,0.0544079821213974,0.3360513166494486,0.1879915034471126,9.711206150800669,76269.62095464992,1.481625940840379,Florida,Sarasota County,36101.0,80633.0,78451.31047732497,246000.92384645354,-147703.88237488797
46119,Sully,SD,8.3,9.8,13.2,5.2,14.5,8.9,23.8,15.7,12.8,14.4,12.8,34.0,21.2,9.8,35.0,2.8,30.6,6.2,3.7,1373.0,610.0,0.0,0.0,0.0,0.0,0.0,0.0,0.0,0.0,0.0,4.383975812547241,79643.0,0.0,South Dakota,Sully County,117.0,70250.0,74946.5,-79304.39069621195,24658.508483839694
18129,Posey,IN,7.3,11.0,14.9,6.8,15.6,10.0,22.3,11.6,6.6,17.8,9.9,32.4,21.3,11.3,40.0,2.9,34.9,15.6,3.9,25910.0,10171.0,242.0,0.3744886144345812,0.0,0.1340795059822462,0.2464685449633346,0.1340795059822462,0.0,0.0,0.2464685449633346,10.1791962613659,74912.25210343496,0.9340023157082208,Indiana,Posey County,2444.0,79124.0,77018.12605171748,-58524.00046401481,11388.920904929138
47043,Dickson,TN,11.6,10.9,18.1,7.4,17.9,10.8,23.8,15.7,12.8,21.0,12.8,34.0,26.0,13.9,37.1,3.4,39.5,13.9,4.6,49666.0,19107.0,617.0,0.1790762292111303,0.0,0.0,0.0,0.0,0.0,0.2617686143438167,0.2934200459066565,14.45502003421263,61670.03773205009,1.2422985543430114,Tennessee,Dickson County,5375.0,73223.0,67446.51886602504,-36240.312339212585,1487.0286127389081
19001,Adair,IA,7.6,10.2,15.1,6.8,17.3,9.9,23.8,13.3,11.8,18.0,10.5,33.1,25.9,11.8,40.1,3.3,33.2,11.1,4.3,7682.0,3292.0,151.0,0.0,0.0,0.0,0.0,0.0,0.0,0.0,0.0,9.226874813280316,67811.38375423067,1.9656339494923196,Iowa,Adair County,753.0,66176.0,66993.69187711534,-73741.92748219776,21195.426120404976
24003,Anne Arundel,MD,7.3,10.0,12.0,4.6,10.5,9.1,22.5,11.9,8.5,15.5,10.9,34.2,19.8,9.8,34.2,2.6,38.7,13.0,3.4,537656.0,199378.0,14133.0,0.9373707351912748,0.0178664424836698,0.0739543499933042,0.1597266653771184,0.0739543499933042,0.0491169074649962,0.1294749802847917,0.169928355677236,5.9724933175610815,114128.24468061364,2.6286324341214455,Maryland,Anne Arundel County,31842.0,120324.0,117226.1223403068,307332.4461040803,-187647.9336734585
19175,Union,IA,7.8,10.2,14.8,6.5,16.5,9.8,23.8,13.1,11.5,17.7,10.5,32.6,25.6,11.6,37.6,3.3,32.8,10.9,4.2,12534.0,5271.0,352.0,0.6479974469443115,0.0,0.0,0.3383596617201213,0.0,0.0,0.3096377852241902,0.3383596617201213,14.342492220015025,64220.11169618637,2.808361257379927,Iowa,Union County,1480.0,56813.0,60516.55584809319,-69109.80174443437,18836.955879237168
12033,Escambia,FL,12.7,10.6,15.7,6.9,14.8,11.4,23.8,15.7,12.8,19.8,12.8,34.0,25.5,13.5,36.4,3.8,38.1,10.9,5.4,297619.0,116238.0,17959.0,0.9035041445606632,0.035017925602868,0.2244849959175993,0.3382680541228887,0.2244849959175993,0.2216793954687032,0.2861342857814857,0.3704938192790111,13.669488886254694,64075.71588507454,6.034224965475994,Florida,Escambia County,44136.0,65715.0,64895.35794253727,143869.57475849366,-85466.13623976675
53001,Adams,WA,24.2,10.6,20.1,6.7,14.5,13.1,23.8,15.7,12.8,27.9,12.8,34.0,30.1,16.3,38.3,5.7,29.8,16.9,8.8,18728.0,5720.0,162.0,0.7765378043571124,0.0,0.4630499786416061,0.8693400256300726,0.3702477573686459,0.3702477573686459,0.3702477573686459,0.8693400256300726,25.05840714686075,53673.72703972661,0.8650149508756941,Washington,Adams County,4199.0,65042.0,59357.863519863306,-60084.664756944156,29201.103176698918
48011,Armstrong,TX,12.0,10.1,14.7,5.6,13.3,9.4,23.8,15.7,12.8,17.2,12.8,34.0,22.8,11.4,33.3,3.0,36.4,11.3,4.0,1901.0,751.0,54.0,0.0,0.0,0.0,0.0,0.0,0.0,0.0,0.0,7.317073170731709,75662.0,2.8406102051551816,Texas,Armstrong County,106.0,68462.0,72062.0,-78838.77429259176,24501.886284023116
22043,Grant,LA,10.9,9.8,20.1,8.3,20.1,12.7,30.5,22.3,17.6,24.9,16.7,38.5,30.7,16.0,39.6,4.6,42.6,20.7,6.2,22309.0,7496.0,2937.0,0.0,0.0,0.250885292931104,0.250885292931104,0.0,0.121027388049666,0.121027388049666,0.37191268098077,17.78226276448088,52140.39948003048,13.165090322291451,Louisiana,Grant Parish,3033.0,61112.0,56626.19974001524,-61807.355018035596,15599.824358419144
27159,Wadena,MN,9.2,10.7,16.1,6.4,17.8,10.1,22.4,14.9,11.7,18.4,11.5,33.1,27.4,12.7,38.5,3.7,31.2,16.0,4.6,13843.0,5705.0,482.0,0.0,0.0,0.410460160369862,0.410460160369862,0.0,0.0,0.0,1.0,15.26025085305491,57470.91504731633,3.481904211514845,Minnesota,Wadena County,1570.0,56882.0,57176.457523658166,-67732.39251789037,18132.54643918094
13135,Gwinnett,GA,16.1,9.1,13.1,4.9,11.5,12.0,26.8,17.6,12.4,19.0,15.6,39.0,27.3,11.9,34.5,3.5,36.9,10.6,5.2,805321.0,268519.0,5682.0,1.0,0.0,0.1436048482530568,0.2851260553245228,0.1436048482530568,0.0481994136499607,0.1949930524598265,0.3054955725729243,11.445804796638932,78367.15090255936,0.7055571629201275,Georgia,Gwinnett County,100570.0,84823.0,81595.07545127967,526309.8530788568,-85237.15506231466
19049,Dallas,IA,5.6,9.2,11.1,4.3,10.7,8.5,21.4,8.3,6.2,12.9,7.7,28.9,19.2,8.4,32.4,2.2,27.6,5.6,2.9,66135.0,25240.0,516.0,0.6282754970892871,0.0,0.0703863309896423,0.1181220231344976,0.0703863309896423,0.0703863309896423,0.0703863309896423,0.1181220231344976,6.241335463233679,107326.5482422318,0.7802222726241779,Iowa,Dallas County,6038.0,102349.0,104837.7741211159,-24825.52519976344,-5514.029282675459
47149,Rutherford,TN,11.4,10.6,16.3,6.3,14.7,11.1,23.8,15.7,12.8,18.5,12.8,34.0,23.3,12.9,38.1,3.2,38.3,11.3,4.6,262604.0,96232.0,5109.0,0.716748412057699,0.0112945728168649,0.1024051423436048,0.224646235396262,0.1024051423436048,0.0828014805562748,0.1269554157590897,0.2324031621757475,12.456142540186194,74893.73720506924,1.9455149198032016,Tennessee,Rutherford County,31796.0,82588.0,78740.86860253461,133617.85566017768,-75196.88514589396
22001,Acadia,LA,10.8,10.8,22.5,9.8,22.2,14.3,29.0,27.1,24.5,27.9,19.0,37.6,35.0,18.8,41.7,5.6,38.0,18.9,7.5,61773.0,22841.0,1050.0,0.5225583993006654,0.0,0.2844932251954737,0.5225583993006654,0.2844932251954737,0.2447509429686108,0.3513347255273339,0.6417366810742557,24.32420201989045,54743.83614200379,1.6997717449371084,Louisiana,Acadia Parish,13750.0,45266.0,50004.9180710019,-27479.593846133823,-2245.350531365246
39113,Montgomery,OH,8.1,11.6,14.7,7.1,15.7,12.5,21.5,15.8,13.8,20.1,13.7,37.2,28.2,12.7,37.4,3.7,40.6,17.4,4.8,535153.0,223943.0,14142.0,0.9487230754569254,0.0065046818386517,0.2270677731415128,0.3765465203409118,0.2270677731415128,0.2752801535261878,0.3916394003210297,0.4047347207247273,18.098510126859605,66599.4722686783,2.642608749273572,Ohio,Montgomery County,77204.0,64403.0,65501.23613433915,337849.01680758223,-199315.15857304333
6029,Kern,CA,16.7,10.3,19.0,6.4,14.7,13.3,29.7,26.8,25.7,28.2,21.8,36.8,32.1,17.5,36.2,5.3,38.7,22.4,8.1,839631.0,254610.0,36757.0,0.896256808050203,0.0234853167641499,0.1973450241832424,0.5863349495194913,0.1722197012735356,0.168272729329908,0.1947522185340941,0.6624874498440386,21.927152306269285,60930.28850292569,4.377756419188906,California,Kern County,168825.0,67660.0,64295.14425146284,750959.5835710343,129570.03971747906
5099,Nevada,AR,13.3,11.1,21.8,9.4,21.1,14.2,31.2,27.6,20.4,29.0,21.3,37.2,38.3,19.2,44.1,5.7,44.2,21.6,7.9,8997.0,3697.0,157.0,0.5516283205512948,0.0,1.0,1.0,0.5516283205512948,0.5516283205512948,0.5516283205512948,1.0,28.20271663014928,44251.58041569412,1.7450261198177173,Arkansas,Nevada County,2298.0,41761.0,43006.290207847065,-73251.95387428388,21923.75961271223
31087,Hitchcock,NE,9.5,9.6,13.5,6.3,15.8,9.7,21.2,13.4,10.0,16.2,10.4,31.1,27.0,11.6,42.1,3.3,32.8,10.4,4.4,2908.0,1301.0,26.0,0.0,0.0,1.0,1.0,1.0,1.0,0.0,1.0,12.6618705035971,56375.0,0.8940852819807428,Nebraska,Hitchcock County,298.0,52016.0,54195.5,-77779.82694580397,23859.363485710935
53021,Franklin,WA,19.4,10.5,17.1,5.6,12.2,11.3,23.8,15.7,12.8,23.8,12.8,34.0,25.5,13.9,35.4,4.5,35.9,15.1,6.7,78163.0,23245.0,1846.0,0.780970535931323,0.0,0.1734964113455215,0.2936683597098371,0.1734964113455215,0.0,0.0,0.5501068280388419,16.685367645051723,63867.74826964165,2.3617312539180944,Washington,Franklin County,12414.0,82755.0,73311.37413482083,-2305.977239988424,37365.29342595923
48223,Hopkins,TX,16.8,10.5,17.1,7.0,15.9,11.2,23.8,15.7,12.8,22.1,12.8,34.0,28.4,14.3,37.7,4.0,38.1,15.9,5.6,35161.0,13308.0,431.0,0.4914820397599613,0.0,0.0,0.2238275361906657,0.0,0.0,0.0,0.3096897130343278,16.994144184826606,60784.61150137937,1.225789937715082,Texas,Hopkins County,4502.0,64725.0,62754.80575068969,-48568.2127821254,14176.189644690541
18007,Benton,IN,10.2,11.5,17.5,8.5,19.1,11.9,24.3,16.6,10.3,22.4,12.7,34.4,26.8,14.2,42.4,3.9,37.3,21.1,5.2,8854.0,3479.0,92.0,0.0,0.0,0.0,0.0,0.0,0.0,0.0,0.6145245086966343,15.927250535531083,56204.04958210978,1.0390783826519088,Indiana,Benton County,1038.0,61811.0,59007.52479105489,-72202.93420398065,21096.861194480014
30041,Hill,MT,11.7,12.3,18.1,7.7,18.9,10.9,26.3,19.0,14.7,22.7,14.3,37.5,24.8,14.1,39.0,4.3,36.0,15.2,6.0,16096.0,6275.0,593.0,0.6691724652087475,0.0,0.1353752485089463,0.3758076540755467,0.0,0.0,0.0,0.3758076540755467,18.931788325254978,57752.52043986083,3.684145129224652,Montana,Hill County,3122.0,55313.0,56532.76021993042,-67691.63776187427,19424.029074225367
26033,Chippewa,MI,7.7,12.2,16.9,8.0,18.6,11.2,25.3,19.0,18.0,20.8,14.8,34.6,25.8,13.8,36.4,3.9,35.5,16.8,5.4,38520.0,14329.0,4930.0,0.3460020768431983,0.0576843198338525,0.1900051921079958,0.2937954309449636,0.1900051921079958,0.17668743509865,0.1037902388369678,0.4885254413291796,18.226084511429224,53586.23964174455,12.798546209761165,Michigan,Chippewa County,5077.0,60631.0,57108.61982087228,-51900.97611250916,10644.7637940196
49045,Tooele,UT,10.7,11.3,16.1,4.8,9.3,9.4,19.8,12.4,5.9,16.4,9.7,33.6,21.3,11.4,37.3,2.8,39.2,10.0,4.1,58218.0,17971.0,355.0,0.5457933972310969,0.0,0.3128585660792194,0.3921811123707444,0.3128585660792194,0.169913085300079,0.2900992820090006,0.3921811123707444,7.18257166400692,75544.87685939057,0.6097770449002027,Utah,Tooele County,3562.0,101846.0,88695.43842969529,-27221.83226765482,1841.337535272156
22053,Jefferson Davis,LA,9.4,10.4,20.8,8.6,20.1,12.6,28.9,22.2,19.0,24.7,16.4,38.2,32.2,16.8,42.5,4.7,38.5,20.8,6.3,31594.0,11771.0,567.0,0.4816420839399886,0.0,0.0718490852693549,0.1815534595176299,0.0718490852693549,0.3914667341900361,0.5554852187124137,0.3914667341900361,20.043479285883933,54930.265999873394,1.794644552763183,Louisiana,Jefferson Davis Parish,5586.0,56500.0,55715.1329999367,-53620.241822145406,11289.404375517104
31099,Kearney,NE,8.2,9.2,11.6,5.0,12.8,8.5,19.7,9.9,6.7,13.5,8.4,29.2,23.1,9.5,38.4,2.6,31.0,6.3,3.5,6489.0,2681.0,84.0,0.4670981661272923,0.0,0.0,0.0,0.0,0.0,0.0,0.0,10.559145784553444,76384.90722761597,1.2944983818770226,Nebraska,Kearney County,442.0,79167.0,77775.95361380799,-74717.45971896072,22070.83882272339
39061,Hamilton,OH,7.8,11.5,13.3,6.4,14.3,11.9,21.9,15.0,12.8,17.8,13.0,33.8,23.8,11.5,35.8,3.5,39.7,19.8,4.5,802374.0,333945.0,19511.0,0.973848853527158,0.0044430652040071,0.1604875033338567,0.3668413981509869,0.1604875033338567,0.2576279889428122,0.3891875858390227,0.4197469010710716,16.6289892220379,78495.85926637703,2.4316590517638907,Ohio,Hamilton County,120229.0,70816.0,74655.92963318851,516658.9495948811,-295386.4265947301
47021,Cheatham,TN,11.2,10.7,17.3,7.1,17.1,10.5,23.8,15.7,12.8,19.5,12.8,34.0,23.6,12.9,38.7,3.2,38.1,11.9,4.4,39105.0,14520.0,283.0,0.1986958189489835,0.0,0.0,0.0926991433320547,0.0,0.0,0.0,0.3190129139496228,11.499473331946389,70063.00872011251,0.7236926224267997,Tennessee,Cheatham County,3330.0,82015.0,76039.00436005625,-46129.61730434747,5458.113052809076
1069,Houston,AL,10.8,10.5,17.7,7.5,16.3,13.1,27.4,21.5,16.6,23.6,16.4,39.5,27.7,15.5,40.5,4.5,40.4,16.5,6.0,101547.0,40969.0,1416.0,0.5828926506937674,0.0,0.1068963140220784,0.2466838015894118,0.1068963140220784,0.1222192679251972,0.2547391848109742,0.2848237761824574,18.90063329799935,58136.37494953076,1.394428195810807,Alabama,Houston County,19198.0,57531.0,57833.68747476538,-169.88848257159407,-15048.561929559906
18153,Sullivan,IN,9.7,11.3,17.3,8.9,20.2,12.0,24.0,17.3,10.7,22.8,13.1,32.9,27.2,14.4,43.4,4.0,37.7,16.7,5.3,21475.0,7823.0,2298.0,0.2675203725261932,0.0,0.5471478463329453,0.5471478463329453,0.2675203725261932,0.5471478463329453,0.5471478463329453,0.5471478463329453,13.407948663300449,57493.321443539,10.700814901047732,Indiana,Sullivan County,2498.0,54985.0,56239.1607217695,-61891.75356442447,14305.44641122193
48439,Tarrant,TX,17.0,10.0,14.8,5.3,12.6,11.4,23.8,15.7,12.8,20.7,12.8,34.0,27.8,13.5,33.1,3.6,39.5,14.6,5.3,1809034.0,657134.0,20634.0,0.974060189029062,0.0,0.1745102634886906,0.3419067856104418,0.1745102634886906,0.114828134794592,0.1725373873570093,0.3911905469991166,13.413369726491124,80748.63833294454,1.1406087447775994,Texas,Tarrant County,229884.0,81905.0,81326.81916647227,1472218.7998790988,-255499.17750280275
29229,Wright,MO,12.1,11.3,22.8,10.4,23.5,12.5,21.5,20.6,18.7,26.4,16.2,32.5,36.3,18.1,42.1,5.1,40.6,33.0,6.7,18815.0,7499.0,195.0,0.3001328727079458,0.0,0.5031623704491097,0.5031623704491097,0.3001328727079458,0.796970502258836,0.796970502258836,1.0,24.78514789126499,40642.04815306936,1.0364071219771458,Missouri,Wright County,3221.0,47304.0,43973.02407653468,-61776.02299652458,15745.35676882007
29051,Cole,MO,7.9,10.3,16.4,6.1,14.2,9.4,19.8,11.7,8.8,17.4,11.2,32.8,26.3,12.2,36.7,3.0,36.8,9.2,4.1,75990.0,29722.0,4968.0,0.6424397947098303,0.0,0.1283195157257534,0.2068824845374391,0.1283195157257534,0.1420450059218318,0.4238584024213712,0.2068824845374391,10.58561028975511,73529.58648506382,6.537702329253849,Missouri,Cole County,6769.0,73273.0,73401.29324253192,-20042.96831841134,-10179.631779240419
45017,Calhoun,SC,12.5,10.3,15.7,6.7,14.7,12.9,26.5,21.2,13.2,20.5,16.8,33.5,26.7,14.3,40.7,4.3,38.8,15.8,5.7,15175.0,6080.0,153.0,0.0,0.0,0.0,0.0,0.0,0.3698846787479407,0.7733113673805602,0.3698846787479407,18.441004061810524,64419.73317957167,1.0082372322899509,South Carolina,Calhoun County,2267.0,56690.0,60554.86658978583,-70264.20012560944,20121.15069905335
28161,Yalobusha,MS,13.9,10.5,20.7,9.2,21.3,15.0,31.6,29.1,19.1,27.6,21.5,38.2,37.7,19.5,40.1,5.9,38.4,23.9,8.1,12678.0,5166.0,155.0,0.3306515223221328,0.0,0.0,0.0,0.0,0.0,0.3306515223221328,0.2830888152705474,16.3728706985217,48999.74365041805,1.222590313929642,Mississippi,Yalobusha County,2765.0,49171.0,49085.371825209026,-71126.87162904517,20470.258241069518
49043,Summit,UT,7.8,10.0,12.0,3.7,6.5,7.2,17.2,7.9,3.8,11.7,7.2,28.7,13.7,8.0,19.3,2.1,25.8,9.2,3.0,36324.0,12990.0,116.0,0.4941636383658187,0.0,0.0,0.0,0.0,0.0,0.0,0.0,6.456417210272039,122169.34976874794,0.319348089417465,Utah,Summit County,1933.0,137058.0,129613.67488437396,-49758.07556813258,10666.860385592296
54037,Jefferson,WV,8.2,11.9,16.2,6.5,15.1,11.2,22.2,13.0,12.7,18.9,11.7,32.0,25.3,12.4,37.9,3.1,37.4,14.3,4.1,53498.0,19931.0,1391.0,0.4647650379453437,0.0,0.1509589143519384,0.2467195035328423,0.1509589143519384,0.0,0.0,0.4845788627612247,9.854475004390114,89158.34195670867,2.6000971998953233,West Virginia,Jefferson County,5038.0,95523.0,92340.67097835432,-36556.636017675904,972.8954301287813
40057,Harmon,OK,17.7,11.2,19.6,8.1,18.3,13.8,26.7,25.9,21.9,25.8,19.6,34.0,37.7,18.4,42.7,5.2,38.5,22.9,7.8,2922.0,1112.0,100.0,0.0,0.0,0.0,0.0,0.0,0.0,0.0,0.0,15.726889144610698,52396.0,3.4223134839151266,Oklahoma,Harmon County,402.0,54286.0,53341.0,-77803.8853539181,24877.984543242932
6109,Tuolumne,CA,7.5,10.5,15.7,5.6,12.9,8.9,25.1,13.8,13.5,18.8,12.5,33.8,20.9,12.1,29.2,3.4,36.3,8.2,4.4,55365.0,22156.0,4482.0,0.3996387609500587,0.0648424094644631,0.0,0.0664318612842048,0.0,0.1509076131129775,0.2476835545922514,0.2975164815316535,12.523394804735268,70832.02674975165,8.095367109184503,California,Tuolumne County,5547.0,72259.0,71545.51337487582,-33390.99322033796,3624.987383390486
40097,Mayes,OK,10.9,12.5,20.0,8.5,20.7,12.1,26.7,21.8,18.6,22.8,16.5,33.7,33.5,17.4,41.6,4.5,38.5,21.9,6.6,41259.0,16008.0,567.0,0.2311980416393999,0.0,0.1165563876972297,0.1165563876972297,0.1165563876972297,0.2530841755738142,0.2530841755738142,0.4504714122979228,17.666757226191,57010.2815385734,1.3742456191376426,Oklahoma,Mayes County,6829.0,57279.0,57144.6407692867,-49324.28064747024,12244.31653189159
48051,Burleson,TX,16.9,10.2,15.9,6.1,14.2,11.0,23.8,15.7,12.8,20.8,12.8,34.0,27.1,13.3,35.8,3.7,38.1,15.8,5.3,17187.0,6822.0,163.0,0.2489672426834235,0.0,0.2489672426834235,0.2489672426834235,0.2489672426834235,0.0,0.0,0.4766393204165939,12.347350869766958,64348.03159364636,0.9483912259265724,Texas,Burleson County,2290.0,72888.0,68618.01579682318,-65535.786913371645,20260.893568911557
17007,Boone,IL,12.6,10.0,14.7,6.3,14.3,10.4,25.6,16.8,14.6,20.0,14.3,34.6,24.7,12.3,36.9,3.5,37.7,16.3,5.0,54165.0,18505.0,310.0,0.7407181759438752,0.0,0.2707837164220437,0.3932059447983015,0.2707837164220437,0.2804947844549063,0.2804947844549063,0.3932059447983015,11.239402385202006,76516.78225791563,0.5723253023169944,Illinois,Boone County,5538.0,81638.0,79077.39112895782,-31299.647732799116,9546.92918427015
48195,Hansford,TX,24.0,9.6,17.0,6.4,14.1,12.3,23.8,15.7,12.8,24.6,12.8,34.0,30.5,14.9,37.4,4.4,36.5,15.7,6.7,5613.0,2006.0,60.0,0.0,0.0,0.0,0.0,0.0,0.0,0.0,1.0,16.71865913792872,40425.057901300555,1.0689470871191875,Texas,Hansford County,396.0,68299.0,54362.028950650274,-74451.33438892092,24914.0268793012
28029,Copiah,MS,13.0,10.4,19.2,8.2,18.6,15.3,31.8,27.7,18.3,26.5,21.8,38.4,36.1,18.7,42.4,5.8,42.1,28.7,7.8,29449.0,10708.0,1027.0,0.3727800604434785,0.0,0.793303677544229,0.793303677544229,0.3727800604434785,0.3727800604434785,0.3727800604434785,0.793303677544229,23.845205208617617,53139.22462562396,3.4873849706271867,Mississippi,Copiah County,6184.0,47994.0,50566.61231281198,-60394.859550977766,16163.131947082124
46077,Kingsbury,SD,9.0,10.1,14.1,5.7,15.3,9.1,23.8,15.7,12.8,15.5,12.8,34.0,22.5,10.5,35.8,3.0,29.1,12.1,3.9,5148.0,2222.0,203.0,0.0,0.0,0.0,0.0,0.0,0.0,0.0,0.0,9.504252122617096,70554.68822843823,3.9432789432789432,South Dakota,Kingsbury County,496.0,70221.0,70387.84411421911,-76061.7141636653,22577.467077839287
55055,Jefferson,WI,8.5,10.9,13.1,5.4,13.8,8.9,20.2,11.2,11.2,15.9,9.9,31.9,26.7,10.8,40.9,2.9,31.7,13.0,3.8,83686.0,32117.0,3678.0,0.5219630523624024,0.0,0.0,0.0437349138446096,0.0,0.0,0.0,0.0437349138446096,9.034643459705308,75380.96398441795,4.395000358482901,Wisconsin,Jefferson County,6734.0,80604.0,77992.48199220898,-8333.454722998722,-13914.339945955104
40111,Okmulgee,OK,11.5,12.8,20.3,8.6,20.8,13.2,27.1,22.9,20.3,24.2,17.5,34.2,36.0,18.2,45.3,4.8,39.2,21.6,6.9,40069.0,15362.0,1374.0,0.3458284459307694,0.0,0.3458284459307694,0.3458284459307694,0.3458284459307694,0.3458284459307694,0.3458284459307694,0.4607801542339464,20.383299832062633,51806.65766552697,3.4290848286705433,Oklahoma,Okmulgee County,6254.0,53123.0,52464.82883276348,-50085.83098320874,12529.872995122798
17099,LaSalle,IL,9.8,10.3,14.7,6.7,15.3,10.0,25.8,15.7,14.4,18.6,13.1,35.3,23.6,12.2,37.9,3.4,36.8,12.0,4.6,113924.0,45347.0,2950.0,0.5944401530845125,0.0,0.1753976335100593,0.2249569888697728,0.1753976335100593,0.1462290649906955,0.1910571960254204,0.3237509216670763,13.520650253749675,69871.15834240371,2.5894455953091535,Illinois,LaSalle County,14227.0,72281.0,71076.07917120185,20364.52222154288,-26767.500001336495
30097,Sweet Grass,MT,9.3,11.0,14.8,5.7,13.9,7.7,22.5,10.9,7.4,15.8,9.4,31.6,19.6,10.2,29.7,2.9,31.5,11.1,3.8,3651.0,1590.0,45.0,0.0,0.0,0.0,0.0,0.0,0.0,0.0,0.0,7.9325594250967395,67007.0,1.2325390304026294,Montana,Sweet Grass County,288.0,69426.0,68216.5,-77288.83833551896,23460.084522294357
55037,Florence,WI,8.0,11.0,13.9,5.7,14.9,9.2,21.2,11.5,12.1,16.4,9.8,31.4,25.9,11.2,36.8,3.1,34.6,12.3,3.9,4423.0,1987.0,59.0,0.0,0.0,0.0,0.0,0.0,0.0,0.0,0.4114854171376893,9.833710021080014,60967.02826136107,1.3339362423694323,Wisconsin,Florence County,384.0,62786.0,61876.51413068053,-76583.4273462895,23023.15642158874
27143,Sibley,MN,9.6,10.0,14.8,5.4,16.0,9.2,22.0,13.3,9.6,17.0,11.0,30.2,25.8,11.0,38.8,3.2,31.3,10.7,4.2,15226.0,6034.0,230.0,0.0,0.0,0.0,0.0,0.0,0.0,0.0,0.7172599500853802,7.104529805381309,75123.13430973334,1.5105740181268883,Minnesota,Sibley County,1460.0,76082.0,75602.56715486667,-67078.34071320752,18205.0418771548
38055,McLean,ND,7.1,10.2,12.7,5.3,14.3,8.6,22.4,10.3,6.2,15.5,9.1,31.1,22.7,10.1,40.2,2.8,32.7,10.5,3.7,8962.0,3897.0,196.0,0.0,0.0,0.0,0.0,0.0,0.0,0.0,0.0,8.248548411929749,78698.53380941754,2.1870118277170274,North Dakota,McLean County,806.0,81847.0,80272.76690470877,-73260.21825870636,20873.719735067567
16019,Bonneville,ID,10.7,10.7,16.4,5.7,11.6,8.9,20.2,12.8,8.8,16.9,11.0,30.0,21.2,12.6,33.5,3.2,36.8,21.0,4.5,104234.0,36629.0,1172.0,0.8911391676420362,0.0,0.0447454765239749,0.1950227373026076,0.0447454765239749,0.1681601013105128,0.3112036379684172,0.2483258821497783,12.518418963688829,68643.7003952645,1.124393192240536,Idaho,Bonneville County,11922.0,76646.0,72644.85019763224,17476.038274428516,-15799.768651464732
51570,Colonial Heights,VA,9.0,10.9,15.2,5.7,13.1,10.5,22.6,13.5,11.0,17.5,12.0,34.8,24.0,12.0,37.7,3.1,39.2,12.5,4.3,17411.0,7275.0,171.0,1.0,0.0,0.1509964964677502,0.5809545689506633,0.1509964964677502,0.1509964964677502,0.1509964964677502,0.5809545689506633,13.43634423258823,69728.60657055884,0.9821377290218828,Virginia,Colonial Heights city,1723.0,76250.0,72989.30328527943,-65907.1616469356,17841.852273160082
6005,Amador,CA,8.1,10.1,15.1,5.2,12.4,8.6,25.9,13.3,12.0,18.5,12.2,35.5,20.5,11.3,29.5,3.2,34.4,11.5,4.2,38091.0,14569.0,4551.0,0.0,0.1541308970622981,0.0,0.0,0.0,0.0,0.2649707279934892,0.0490142028300648,9.304597785650609,75942.45283662807,11.947704182090256,California,Amador County,2931.0,81526.0,78734.22641831404,-48563.72459880556,10720.72950705205
37069,Franklin,NC,11.7,11.0,16.1,6.4,14.8,10.7,24.5,17.0,13.6,19.0,14.2,35.0,24.0,13.3,38.3,3.9,37.4,17.5,5.3,60619.0,23023.0,1640.0,0.042280473118989,0.0,0.1804219799072897,0.1804219799072897,0.042280473118989,0.3471353865949619,0.3471353865949619,0.7711443606789951,14.615293996505834,63654.14022006302,2.70542239231924,North Carolina,Franklin County,7118.0,71386.0,67520.0701100315,-33342.17643823768,5121.308413747374
20171,Scott,KS,11.6,9.6,14.4,5.7,13.8,9.5,21.2,12.7,6.8,17.0,11.5,31.5,25.2,11.6,38.6,3.1,35.6,17.9,4.2,4936.0,1983.0,105.0,1.0,0.0,0.0,0.0,0.0,0.0,0.0,0.0,2.30310507916924,81574.0,2.127228525121556,Kansas,Scott County,436.0,67788.0,74681.0,-75989.16634313327,23556.756124950065
51680,Lynchburg,VA,9.1,11.7,16.4,6.7,14.9,12.5,22.7,17.2,16.0,20.2,14.4,36.3,25.3,14.5,40.4,4.1,37.7,18.0,5.4,75568.0,28476.0,10198.0,1.0,0.1158294516197332,0.3768791022655092,0.7629684522549227,0.3768791022655092,0.5405462629684522,0.6050047639212365,0.7678250052932458,21.53853344953566,55887.31242060131,13.495130213847132,Virginia,Lynchburg city,11939.0,59808.0,57847.65621030066,-24108.013849801602,-2381.7005713373073
40069,Johnston,OK,12.2,12.6,21.1,9.5,22.1,13.2,26.0,23.8,22.0,25.3,17.4,33.8,35.8,18.9,40.2,5.2,38.3,25.3,7.4,10957.0,4312.0,292.0,0.0,0.0,0.0,0.0,0.0,0.0,0.0,0.4725746098384594,20.448767991060397,50815.95016884184,2.664963037327736,Oklahoma,Johnston County,2167.0,50911.0,50863.47508442092,-71509.11876108209,21660.85926373297
48443,Terrell,TX,17.5,8.7,13.0,3.9,10.0,10.4,23.8,15.7,12.8,17.6,12.8,34.0,23.8,10.7,34.3,2.8,37.3,7.6,4.5,984.0,430.0,0.0,0.0,0.0,1.0,1.0,1.0,1.0,0.0,1.0,14.965197215777302,51023.0,0.0,Texas,Terrell County,70.0,46989.0,49006.0,-79423.7042784213,25308.28566178372
24017,Charles,MD,7.9,10.7,12.5,5.0,11.3,11.8,27.5,16.7,12.7,16.8,15.6,36.2,22.6,11.2,41.3,3.3,40.8,7.6,4.4,146551.0,51214.0,1405.0,0.6908789431665427,0.0,0.0833293529215085,0.1897974084107239,0.0833293529215085,0.0397813730373726,0.158647842730517,0.2756514796896643,6.285201927878597,107042.58935797097,0.9587106195112964,Maryland,Charles County,11077.0,120592.0,113817.29467898548,6481.0274888165295,-20759.220146514217
13173,Lanier,GA,16.6,10.8,18.8,8.9,19.9,14.6,25.3,24.9,22.8,26.0,19.4,38.6,33.2,17.1,40.9,5.6,39.6,34.4,7.5,10078.0,3608.0,260.0,0.0,0.0,0.0,0.0,0.0,0.8078983925382021,0.8078983925382021,1.0,23.827029481336332,47061.2865647946,2.5798769597142286,Georgia,Lanier County,2726.0,44361.0,45711.1432823973,-72129.15691602966,21596.56982051665
55085,Oneida,WI,7.3,10.7,13.5,5.6,14.6,9.3,20.0,11.0,11.8,15.9,9.6,33.7,23.9,11.3,34.9,3.0,34.2,9.2,3.8,35998.0,16003.0,610.0,0.2302350130562809,0.0,0.1283404633590755,0.2302350130562809,0.1283404633590755,0.1283404633590755,0.1283404633590755,0.29662759042169,8.568589054721919,68815.5910883938,1.694538585476971,Wisconsin,Oneida County,3067.0,69621.0,69218.29554419691,-50009.92003557511,6074.485782870288
18097,Marion,IN,10.7,11.7,15.3,7.1,15.2,12.8,25.1,18.7,11.7,21.0,14.5,35.5,24.4,13.9,38.4,4.0,39.7,16.5,5.6,903393.0,366176.0,16675.0,0.9805046087361756,0.0,0.2971276067005168,0.5492958214199136,0.2971276067005168,0.3322131121228524,0.4162485208541576,0.5773301320687674,19.068689098118217,63812.31251847203,1.8458190399969892,Indiana,Marion County,144204.0,63450.0,63631.15625923601,628949.7020146961,-238150.18406310334
47115,Marion,TN,13.8,11.5,21.1,9.6,22.0,12.6,23.8,15.7,12.8,25.2,12.8,34.0,29.1,16.6,40.2,4.5,39.7,20.6,6.0,28237.0,11403.0,250.0,0.1948861422955696,0.0,0.1948861422955696,0.1948861422955696,0.1948861422955696,0.4098169068952084,0.6031448100010625,0.4098169068952084,18.32456321067569,56279.78021744519,0.8853631759747849,Tennessee,Marion County,4854.0,58103.0,57191.3901087226,-55398.37101601339,10955.783200064496
1043,Cullman,AL,10.5,9.9,17.6,7.6,16.9,11.0,23.2,16.4,11.6,21.5,12.2,33.9,25.9,14.2,36.2,3.9,37.4,14.7,5.1,80406.0,31864.0,1056.0,0.2119617938959779,0.0,0.032982613237818,0.0863244036514687,0.0,0.1639305524463348,0.2394348680446733,0.2480536278387185,15.833091025312312,53823.77484267343,1.3133348257592716,Alabama,Cullman County,12299.0,60916.0,57369.88742133672,-5978.772092993226,-13220.624323609827
13143,Haralson,GA,13.0,10.3,16.8,7.3,17.3,11.0,23.2,15.7,12.6,20.2,12.7,37.3,26.0,13.4,35.8,3.8,37.8,12.5,5.0,28780.0,10757.0,354.0,0.2711605281445448,0.0,0.2711605281445448,0.2711605281445448,0.2711605281445448,0.4700833912439194,0.4700833912439194,0.7178943710910355,15.492125220800135,54529.80020847811,1.2300208478109798,Georgia,Haralson County,4596.0,65016.0,59772.90010423906,-54757.9715591868,10805.848397614236
26143,Roscommon,MI,7.4,11.8,16.6,8.1,17.4,10.0,22.8,15.7,15.5,19.4,12.3,33.5,24.9,12.8,39.0,3.7,34.4,15.7,4.7,24449.0,11433.0,277.0,0.1775532741625424,0.0,0.1775532741625424,0.1775532741625424,0.1775532741625424,0.1140741952636099,0.1140741952636099,0.8699333306065687,17.93814496166687,49512.74624729028,1.132970673647184,Michigan,Roscommon County,3593.0,54106.0,51809.37312364514,-57899.147540062986,12422.107950498137
47163,Sullivan,TN,11.7,11.3,19.1,8.3,19.7,11.9,23.8,15.7,12.8,22.7,12.8,34.0,27.2,15.3,37.7,3.8,37.7,18.6,5.1,156823.0,66298.0,2631.0,0.6503701625399335,0.0,0.1783029275042564,0.3010910389419919,0.1783029275042564,0.2770575744629295,0.3690275023434062,0.4093404666407351,16.754559306845895,57288.755450412245,1.6776875840916192,Tennessee,Sullivan County,23495.0,56802.0,57045.377725206126,61326.31596515488,-55165.546915836414
20131,Nemaha,KS,8.5,10.1,15.0,6.2,15.5,9.0,21.2,11.4,6.7,16.5,10.1,31.5,24.4,11.6,39.3,3.0,33.8,14.6,3.9,10178.0,4115.0,259.0,0.3404401650618982,0.0,0.0,0.0,0.0,0.0,0.0,0.0,9.957438101665888,75126.14659068579,2.544704264099037,Kansas,Nemaha County,764.0,77375.0,76250.5732953429,-71574.90959591937,19890.872073238956
27039,Dodge,MN,7.3,9.9,12.9,4.5,13.4,8.3,21.5,9.8,6.6,14.4,8.7,31.3,21.7,9.2,34.9,2.5,30.2,8.4,3.3,20087.0,7460.0,149.0,0.4806591327724399,0.0,0.0,0.0,0.0,0.0,0.0,0.1169413053218499,5.489455630241121,83504.77099616667,0.7417732862050083,Minnesota,Dodge County,1127.0,92943.0,88223.88549808334,-63075.69440664826,15290.609867249856
48191,Hall,TX,23.0,10.1,18.1,7.3,16.3,13.6,23.8,15.7,12.8,26.4,12.8,34.0,32.5,16.6,40.0,5.0,40.7,18.5,7.3,3353.0,1372.0,44.0,0.0,0.0,1.0,1.0,1.0,1.0,0.0,1.0,23.176392572944295,38971.0,1.31225767968983,Texas,Hall County,455.0,46728.0,42849.5,-76939.85209758252,24900.648817023088
54095,Tyler,WV,8.8,12.3,19.9,9.0,20.9,12.8,23.8,16.8,18.8,23.6,13.6,34.8,31.8,15.4,42.5,3.9,42.6,17.9,5.1,9208.0,3858.0,67.0,0.0,0.0,0.0,0.0,0.0,0.0,0.0,0.2327324066029539,16.192810098117825,56215.57374022589,0.7276281494352737,West Virginia,Tyler County,1426.0,58293.0,57254.28687011295,-72084.21199379067,20385.661913617776
30071,Phillips,MT,10.0,11.5,16.2,6.5,15.8,8.8,22.7,13.7,10.1,18.3,11.5,31.6,22.7,11.6,39.0,3.5,36.0,16.9,4.6,4253.0,1819.0,127.0,0.0,0.0,0.0,0.0,0.0,0.0,0.0,0.0,14.8595367175949,60690.0,2.9861274394545028,Montana,Phillips County,389.0,58156.0,59423.0,-76846.4413254214,23460.66377290243
48107,Crosby,TX,28.3,9.8,18.9,7.2,16.4,14.6,23.8,15.7,12.8,29.0,12.8,34.0,35.7,17.6,41.0,5.4,40.5,22.7,8.4,6059.0,2237.0,62.0,0.0,0.0,0.0,0.0,0.0,0.0,0.0,1.0,20.370276639960345,44919.1010067668,1.0232711668592176,Texas,Crosby County,1097.0,52197.0,48558.050503383405,-73696.85785573772,25329.82877398315
18141,St. Joseph,IN,9.2,11.2,16.0,7.1,15.6,11.7,25.5,16.0,9.5,20.7,13.0,34.9,26.1,12.8,36.0,3.5,38.3,12.6,4.9,266931.0,103069.0,11272.0,0.887641375486549,0.0301576062727821,0.1532343564441747,0.3473107282406314,0.1532343564441747,0.14488013756364,0.2255189543365139,0.4104506408023047,16.809200924095137,66490.08500136739,4.222814135488197,Indiana,St. Joseph County,38013.0,64885.0,65687.54250068369,140600.29352435184,-77327.03928264075
35015,Eddy,NM,17.2,9.7,16.3,5.5,13.4,10.7,24.8,19.7,15.4,22.1,17.0,34.8,26.4,13.0,39.8,4.1,39.7,11.3,6.2,53829.0,20411.0,995.0,0.7082985008081146,0.0,0.3259209719667837,0.385740028609114,0.3259209719667837,0.3259209719667837,0.5300674357688235,0.4160211038659459,15.77918765677922,68040.61281093834,1.8484460049415743,New Mexico,Eddy County,7519.0,79605.0,73822.80640546916,-26648.71635768433,22321.09447442857
5037,Cross,AR,12.7,11.0,21.6,9.2,20.0,13.4,29.9,24.8,17.7,27.7,19.1,36.6,36.9,18.1,44.8,5.3,42.3,29.2,7.2,17870.0,7002.0,225.0,0.4966983771684387,0.0,0.3548405148293229,0.3548405148293229,0.2734750979294907,0.3548405148293229,0.3548405148293229,0.3548405148293229,17.158437628964144,53912.63083379967,1.2590934527140458,Arkansas,Cross County,3314.0,47012.0,50462.31541689983,-66045.19867688365,17505.274982927192
55115,Shawano,WI,8.8,11.4,15.2,6.4,17.1,9.7,21.7,14.3,15.2,18.3,11.6,33.0,27.8,12.3,40.2,3.5,35.4,9.0,4.6,41949.0,17019.0,794.0,0.2276097165605854,0.0,0.2994588667191113,0.2994588667191113,0.1167846670957591,0.0,0.1108250494648263,0.2994588667191113,10.218251790529706,66888.89825740781,1.892774559584257,Wisconsin,Shawano County,4404.0,67032.0,66960.44912870391,-45733.32215616089,5463.765287338076
45009,Bamberg,SC,15.0,11.1,18.2,8.0,17.8,15.6,30.8,29.6,20.6,25.5,22.6,37.4,30.9,17.7,43.1,5.8,42.1,27.6,7.6,15987.0,6048.0,1241.0,0.3763057484205917,0.0,0.3763057484205917,0.3763057484205917,0.3763057484205917,0.8220429098642648,0.8220429098642648,0.9027960217676864,26.279554398779865,43049.423218865326,7.762557077625572,South Carolina,Bamberg County,2676.0,43206.0,43127.71160943266,-70855.21204022011,20743.60425386588
30005,Blaine,MT,12.3,13.4,18.8,8.0,21.6,12.3,27.2,23.7,17.5,25.1,17.5,34.4,26.6,16.0,41.6,4.8,32.3,23.7,7.2,6491.0,2357.0,220.0,0.0,0.0,0.2048990910491449,0.2048990910491449,0.2048990910491449,0.2048990910491449,0.0,0.6287166846402712,28.580751910777483,45265.09366815591,3.3893082729933752,Montana,Blaine County,1393.0,65050.0,55157.546834077955,-76088.77877948202,23943.128950339356
12017,Citrus,FL,13.7,10.1,16.1,7.4,16.6,10.2,23.8,15.7,12.8,19.6,12.8,34.0,25.0,13.3,32.9,3.7,39.6,16.4,5.3,141236.0,63304.0,2251.0,0.6177532640403297,0.0,0.1588971650287462,0.1831969186326432,0.1588971650287462,0.2364694553796482,0.4493471919340678,0.4037922342745476,16.658934597138046,52201.60891699,1.5937862867824069,Florida,Citrus County,24124.0,55355.0,53778.304458495,48654.31944843721,-43086.18608090775
27085,McLeod,MN,8.7,10.0,14.3,5.2,15.4,9.2,21.5,11.7,8.3,15.8,10.2,30.8,24.2,10.3,42.2,3.0,34.1,11.5,3.9,36651.0,14639.0,476.0,0.6456031213336607,0.0,0.3697307031186052,0.3697307031186052,0.3697307031186052,0.2130910479932334,0.3746146080598074,0.3697307031186052,8.876327281712062,75276.04973943412,1.2987367329677226,Minnesota,McLeod County,2799.0,78468.0,76872.02486971706,-48321.93473322374,7119.5051228186385
13157,Jackson,GA,13.3,9.7,14.8,6.0,14.4,10.4,23.0,14.6,10.5,18.1,12.5,37.1,25.0,11.7,32.5,3.4,38.0,9.8,4.6,60485.0,21343.0,757.0,0.4556832272464247,0.0,0.0,0.0,0.0,0.0,0.5448127634950815,0.0805984954947507,11.156085907407054,71087.13208233446,1.251549971067207,Georgia,Jackson County,6613.0,85012.0,78049.56604116723,-28362.825625295358,-871.5997221660691
45077,Pickens,SC,12.2,9.8,16.0,7.3,15.1,11.4,22.8,17.9,10.3,20.0,13.4,33.0,25.8,13.4,37.3,3.9,37.4,17.7,5.2,119224.0,45228.0,7053.0,0.6982570623364424,0.0477588405019123,0.3102227739381332,0.3377172381399718,0.3102227739381332,0.2218848553982419,0.5169848352680668,0.4191521841240019,18.91381982800679,66033.4400120781,5.915755217070388,South Carolina,Pickens County,21473.0,59411.0,62722.22000603905,22774.22881657796,-30006.507245272533
32019,Lyon,NV,13.0,10.9,16.9,6.8,16.0,9.8,25.7,16.5,13.4,21.3,13.9,36.2,25.9,13.6,35.0,3.6,37.8,17.3,5.1,51980.0,19808.0,358.0,0.4520584840323201,0.0,0.0,0.0,0.0,0.1051943055021162,0.3238168526356291,0.2049249711427472,11.725455777494997,65318.75165448249,0.6887264332435552,Nevada,Lyon County,6650.0,73460.0,69389.37582724125,-33899.55875217306,7986.997594356766
24043,Washington,MD,9.9,10.8,15.7,7.2,15.3,11.4,25.8,16.7,14.2,19.4,14.9,36.1,28.4,12.4,39.0,3.7,41.0,14.8,4.7,147430.0,55687.0,8425.0,0.7324221664518754,0.0418096723868954,0.1427660584684257,0.3851115783761785,0.1427660584684257,0.2756291121210066,0.4224038526758462,0.5007054195211287,12.423046579774033,75109.91460354066,5.714576409143322,Maryland,Washington County,18367.0,74157.0,74633.45730177034,40031.475010004,-42068.72499641706
26035,Clare,MI,8.6,12.3,18.7,9.5,20.0,11.1,24.0,19.5,20.4,22.4,14.4,33.8,27.8,14.7,40.1,4.4,34.9,21.9,5.7,30926.0,12966.0,391.0,0.1248140723016232,0.0,0.0,0.0,0.0,0.2675742094030912,0.2675742094030912,0.7693849835090215,23.42106263117791,49854.71800426825,1.2643083489620384,Michigan,Clare County,6488.0,49805.0,49829.85900213412,-50903.76624665101,9507.544781426544
28023,Clarke,MS,12.3,10.3,19.7,8.5,19.8,14.0,29.9,25.3,16.2,25.7,19.4,37.6,33.5,18.1,38.9,5.4,38.5,23.7,7.2,16732.0,6733.0,52.0,0.0,0.0,0.2119890031078173,0.2119890031078173,0.0,0.1707506574229022,0.1707506574229022,0.3827396605307195,19.35205957129498,54963.414774085584,0.3107817355964619,Mississippi,Clarke County,2934.0,46054.0,50508.70738704279,-68000.40115583583,18550.903305489417
19139,Muscatine,IA,10.5,9.8,15.1,6.2,16.2,10.3,25.1,15.0,12.1,18.9,12.0,33.1,28.1,11.9,41.4,3.4,34.4,11.2,4.6,42745.0,16412.0,553.0,0.5815417007837174,0.0,0.2115569072406129,0.3921862206105977,0.2115569072406129,0.0,0.0,0.3921862206105977,10.278256378668315,69256.8175459118,1.293718563574687,Iowa,Muscatine County,4858.0,69512.0,69384.40877295591,-41784.986727486954,9968.134805513782
